,Album_ID,Album_Name,Album_type,Total_Tracks,market,image_url,release_date,Artist
0,3AMXFnwHWXCvNr5NCCpLZI,TRON: Legacy - The Complete Edition (Original Motion Picture Soundtrack),album,31,"AR,AU,AT,BE,BO,BR,BG,CA,CL,CO,CR,CY,CZ,DK,DO,DE,EC,EE,SV,FI,FR,GR,GT,HN,HK,HU,IS,IE,IT,LV,LT,LU,MY,MT,MX,NL,NZ,NI,NO,PA,PY,PE,PH,PL,PT,SG,SK,ES,SE,CH,TW,TR,UY,US,GB,AD,LI,MC,ID,JP,TH,VN,RO,IL,ZA,SA,AE,BH,QA,OM,KW,EG,MA,DZ,TN,LB,JO,PS,IN,KZ,MD,UA,AL,BA,HR,ME,MK,RS,SI,KR,BD,PK,LK,GH,KE,NG,TZ,UG,AG,AM,BS,BB,BZ,BT,BW,BF,CV,CW,DM,FJ,GM,GE,GD,GW,GY,HT,JM,KI,LS,LR,MW,MV,ML,MH,FM,NA,NR,NE,PW,PG,WS,SM,ST,SN,SC,SL,SB,KN,LC,VC,SR,TL,TO,TT,TV,VU,AZ,BN,BI,KH,CM,TD,KM,GQ,SZ,GA,GN,KG,LA,MO,MR,MN,NP,RW,TG,UZ,ZW,BJ,MG,MU,MZ,AO,CI,DJ,ZM,CD,CG,IQ,LY,TJ,VE,ET,XK",https://i.scdn.co/image/ab67616d0000b2738323143296ff7b2801e32789,2010-12-03,Daft Punk
1,3BmcYMh0KYsimWL6p2gPa9,My World 2.0,album,10,"AR,AU,AT,BE,BO,BR,BG,CA,CL,CO,CR,CY,CZ,DK,DO,DE,EC,EE,SV,FI,FR,GR,GT,HN,HK,HU,IS,IE,IT,LV,LT,LU,MY,MT,MX,NL,NZ,NI,NO,PA,PY,PE,PH,PL,PT,SG,SK,ES,CH,TW,TR,UY,US,GB,AD,LI,MC,ID,JP,TH,VN,RO,IL,ZA,SA,AE,BH,QA,OM,KW,EG,MA,DZ,TN,LB,JO,PS,IN,KZ,MD,UA,AL,BA,HR,ME,MK,RS,SI,KR,BD,PK,LK,GH,KE,NG,TZ,UG,AG,AM,BS,BB,BZ,BT,BW,BF,CV,CW,DM,FJ,GM,GE,GD,GW,GY,HT,JM,KI,LS,LR,MW,MV,ML,MH,FM,NA,NR,NE,PW,PG,WS,SM,ST,SN,SC,SL,SB,KN,LC,VC,SR,TL,TO,TT,TV,VU,AZ,BN,BI,KH,CM,TD,KM,GQ,SZ,GA,GN,KG,LA,MO,MR,MN,NP,RW,TG,UZ,ZW,BJ,MG,MU,MZ,AO,CI,DJ,ZM,CD,CG,IQ,LY,TJ,VE,ET,XK",https://i.scdn.co/image/ab67616d0000b273629dc9e2e3bc20bbd7d92e4a,2010-01-01,Justin Bieber
2,2qvA7HmSg1iM6XMiFF76dp,Inception (Music from the Motion Picture),album,12,"AR,AU,AT,BE,BO,BR,BG,CA,CL,CO,CR,CY,CZ,DK,DO,DE,EC,EE,SV,FI,FR,GR,GT,HN,HK,HU,IS,IE,IT,LV,LT,LU,MY,MT,MX,NL,NZ,NI,NO,PA,PY,PE,PH,PL,PT,SG,SK,ES,SE,CH,TW,TR,UY,US,GB,AD,LI,MC,ID,JP,TH,VN,RO,IL,ZA,SA,AE,BH,QA,OM,KW,EG,MA,DZ,TN,LB,JO,PS,IN,BY,KZ,MD,UA,AL,BA,HR,ME,MK,RS,SI,KR,BD,PK,LK,GH,KE,NG,TZ,UG,AG,AM,BS,BB,BZ,BT,BW,BF,CV,CW,DM,FJ,GM,GE,GD,GW,GY,HT,JM,KI,LS,LR,MW,MV,ML,MH,FM,NA,NR,NE,PW,PG,PR,WS,SM,ST,SN,SC,SL,SB,KN,LC,VC,SR,TL,TO,TT,TV,VU,AZ,BN,BI,KH,CM,TD,KM,GQ,SZ,GA,GN,KG,LA,MO,MR,MN,NP,RW,TG,UZ,ZW,BJ,MG,MU,MZ,AO,CI,DJ,ZM,CD,CG,IQ,LY,TJ,VE,ET,XK",https://i.scdn.co/image/ab67616d0000b273a883e26f90ab617c91b90e56,2010-07-09,Hans Zimmer
3,30bQKQJdd1ok6rWeIjhNRj,J'accuse,album,14,"AR,AU,AT,BE,BO,BR,BG,CA,CL,CO,CR,CY,CZ,DK,DO,DE,EC,EE,SV,FI,FR,GR,GT,HN,HK,HU,IS,IE,IT,LV,LT,LU,MY,MT,MX,NL,NZ,NI,NO,PA,PY,PE,PH,PL,PT,SG,SK,ES,SE,CH,TW,TR,UY,US,GB,AD,LI,MC,ID,JP,TH,VN,RO,IL,ZA,SA,AE,BH,QA,OM,KW,EG,MA,DZ,TN,LB,JO,PS,IN,BY,KZ,MD,UA,AL,BA,HR,ME,MK,RS,SI,KR,BD,PK,LK,GH,KE,NG,TZ,UG,AG,AM,BS,BB,BZ,BT,BW,BF,CV,CW,DM,FJ,GM,GE,GD,GW,GY,HT,JM,KI,LS,LR,MW,MV,ML,MH,FM,NA,NR,NE,PW,PG,PR,WS,SM,ST,SN,SC,SL,SB,KN,LC,VC,SR,TL,TO,TT,TV,VU,AZ,BN,BI,KH,CM,TD,KM,GQ,SZ,GA,GN,KG,LA,MO,MR,MN,NP,RW,TG,UZ,ZW,BJ,MG,MU,MZ,AO,CI,DJ,ZM,CD,CG,IQ,LY,TJ,VE,ET,XK",https://i.scdn.co/image/ab67616d0000b27320d4a0404de52e94c73a3c6d,2010-03-29,Saez
4,1BykQV2nA2F8zXzsUJ6DQ2,Hot,album,12,"AR,AU,AT,BE,BO,BR,BG,CA,CL,CO,CR,CY,CZ,DK,DO,DE,EC,EE,SV,FI,FR,GR,GT,HN,HK,HU,IS,IE,IT,LV,LT,LU,MY,MT,MX,NL,NZ,NI,NO,PA,PY,PE,PH,PL,PT,SG,SK,ES,SE,CH,TW,TR,UY,US,GB,AD,LI,MC,ID,JP,TH,VN,RO,IL,ZA,SA,AE,BH,QA,OM,KW,EG,MA,DZ,TN,JO,PS,IN,BY,KZ,MD,UA,AL,BA,HR,ME,MK,RS,SI,KR,BD,PK,LK,GH,KE,NG,TZ,UG,AG,AM,BS,BB,BZ,BT,BW,BF,CV,CW,DM,FJ,GM,GE,GD,GW,GY,HT,JM,KI,LS,LR,MW,MV,ML,MH,FM,NA,NR,NE,PW,PG,PR,WS,SM,ST,SN,SC,SL,SB,KN,LC,VC,SR,TL,TO,TT,TV,VU,AZ,BN,BI,KH,CM,TD,KM,GQ,SZ,GA,GN,KG,LA,MO,MR,MN,NP,RW,TG,UZ,ZW,BJ,MG,MU,MZ,AO,CI,DJ,ZM,CD,CG,LY,TJ,VE,ET,XK",https://i.scdn.co/image/ab67616d0000b2733d6413c7dc24318bdbd5b366,2010,INNA
5,4NprXT5CkJPkxM0SeN2ZjW,Mec De Rue,album,14,"AR,AU,AT,BE,BO,BR,BG,CA,CL,CO,CR,CY,CZ,DK,DO,DE,EC,EE,SV,FI,FR,GR,GT,HN,HK,HU,IS,IE,IT,LV,LT,LU,MY,MT,MX,NL,NZ,NI,NO,PA,PY,PE,PH,PL,PT,SG,SK,ES,SE,CH,TW,TR,UY,US,GB,AD,LI,MC,ID,JP,TH,VN,RO,IL,ZA,SA,AE,BH,QA,OM,KW,EG,MA,DZ,TN,LB,JO,PS,IN,BY,KZ,MD,UA,AL,BA,HR,ME,MK,RS,SI,KR,BD,PK,LK,GH,KE,NG,TZ,UG,AG,AM,BS,BB,BZ,BT,BW,BF,CV,CW,DM,FJ,GM,GE,GD,GW,GY,HT,JM,KI,LS,LR,MW,MV,ML,MH,FM,NA,NR,NE,PW,PG,PR,WS,SM,ST,SN,SC,SL,SB,KN,LC,VC,SR,TL,TO,TT,TV,VU,AZ,BN,BI,KH,CM,TD,KM,GQ,SZ,GA,GN,KG,LA,MO,MR,MN,NP,RW,TG,UZ,ZW,BJ,MG,MU,MZ,AO,CI,DJ,ZM,CD,CG,IQ,LY,TJ,VE,ET,XK",https://i.scdn.co/image/ab67616d0000b273553be27833b3859fff085821,2010-10-25,Mister You
6,7vgcS252HYgC1kVxRJqUTp,Ginger,album,11,"AT,BA,BE,CA,CH,CI,CM,CZ,DE,EE,EG,FI,FR,GB,GN,HK,HR,HU,ID,IE,IL,KR,LK,LT,LV,ME,MK,MX,MY,NO,PH,PK,PL,PT,RS,RW,SA,SE,SG,SI,SK,TN,TR,TW,XK,ZA",https://i.scdn.co/image/ab67616d0000b273d95c20c552f1d74529651e32,2010-01-01,Gaëtan Roussel
7,5zEFCJy9kAyD8rMbBESdYh,Prince Royce,album,10,"AR,AU,AT,BE,BO,BR,BG,CA,CL,CO,CR,CY,CZ,DK,DO,DE,EC,EE,SV,FI,FR,GR,GT,HN,HK,HU,IS,IE,IT,LV,LT,LU,MY,MT,MX,NL,NZ,NI,NO,PA,PY,PE,PH,PL,PT,SG,SK,ES,SE,CH,TW,TR,UY,US,GB,AD,LI,MC,ID,JP,TH,VN,RO,IL,ZA,SA,AE,BH,QA,OM,KW,EG,MA,DZ,TN,LB,JO,PS,IN,BY,KZ,MD,UA,AL,BA,HR,ME,MK,RS,SI,KR,BD,PK,LK,GH,KE,NG,TZ,UG,AG,AM,BS,BB,BZ,BT,BW,BF,CV,CW,DM,FJ,GM,GE,GD,GW,GY,HT,JM,KI,LS,LR,MW,MV,ML,MH,FM,NA,NR,NE,PW,PG,PR,WS,SM,ST,SN,SC,SL,SB,KN,LC,VC,SR,TL,TO,TT,TV,VU,AZ,BN,BI,KH,CM,TD,KM,GQ,SZ,GA,GN,KG,LA,MO,MR,MN,NP,RW,TG,UZ,ZW,BJ,MG,MU,MZ,AO,CI,DJ,ZM,CD,CG,IQ,LY,TJ,VE,ET,XK",https://i.scdn.co/image/ab67616d0000b273a484690118ec2c7a2e2ae124,2010,Prince Royce
8,6G9PvX9f6Dq26JzsiVHIdl,Good Things,album,13,"AR,AU,AT,BE,BO,BR,BG,CA,CL,CO,CR,CY,CZ,DK,DO,DE,EC,EE,SV,FI,FR,GR,GT,HN,HK,HU,IS,IE,IT,LV,LT,LU,MY,MT,MX,NL,NZ,NI,NO,PA,PY,PE,PH,PL,PT,SG,SK,ES,SE,CH,TW,TR,UY,US,GB,AD,LI,MC,ID,JP,TH,VN,RO,IL,ZA,SA,AE,BH,QA,OM,KW,EG,MA,DZ,TN,LB,JO,PS,IN,BY,KZ,MD,UA,AL,BA,HR,ME,MK,RS,SI,KR,BD,PK,LK,GH,KE,NG,TZ,UG,AG,AM,BS,BB,BZ,BT,BW,BF,CV,CW,DM,FJ,GM,GE,GD,GW,GY,HT,JM,KI,LS,LR,MW,MV,ML,MH,FM,NA,NR,NE,PW,PG,PR,WS,SM,ST,SN,SC,SL,SB,KN,LC,VC,SR,TL,TO,TT,TV,VU,AZ,BN,BI,KH,CM,TD,KM,GQ,SZ,GA,GN,KG,LA,MO,MR,MN,NP,RW,TG,UZ,ZW,BJ,MG,MU,MZ,AO,CI,DJ,ZM,CD,CG,IQ,LY,TJ,VE,ET,XK",https://i.scdn.co/image/ab67616d0000b273da3cc2c4204afde1c08431d5,2010-09-28,Aloe Blacc
9,5TPqe17ygLtC7PhuSxAKdL,Lunatic,album,19,"AR,AU,AT,BE,BO,BR,BG,CA,CL,CO,CR,CY,CZ,DK,DO,DE,EC,EE,SV,FI,FR,GR,GT,HN,HK,HU,IS,IE,IT,LV,LT,LU,MY,MT,MX,NL,NZ,NI,NO,PA,PY,PE,PH,PL,PT,SG,SK,ES,SE,CH,TW,TR,UY,US,GB,AD,LI,MC,ID,JP,TH,VN,RO,IL,ZA,SA,AE,BH,QA,OM,KW,EG,MA,DZ,TN,LB,JO,PS,IN,BY,KZ,MD,UA,AL,BA,HR,ME,MK,RS,SI,KR,BD,PK,LK,GH,KE,NG,TZ,UG,AG,AM,BS,BB,BZ,BT,BW,BF,CV,CW,DM,FJ,GM,GE,GD,GW,GY,HT,JM,KI,LS,LR,MW,MV,ML,MH,FM,NA,NR,NE,PW,PG,WS,SM,ST,SN,SC,SL,SB,KN,LC,VC,SR,TL,TO,TT,TV,VU,AZ,BN,BI,KH,CM,TD,KM,GQ,SZ,GA,GN,KG,LA,MO,MR,MN,NP,RW,TG,UZ,ZW,BJ,MG,MU,MZ,AO,CI,DJ,ZM,CD,CG,IQ,LY,TJ,VE,ET,XK",https://i.scdn.co/image/ab67616d0000b2738c7fe019230cc8464d39d81e,2010-11-22,Booba
10,5M7EJimG9PfuS5NEOIux3t,Teenage Dream,album,12,FR,https://i.scdn.co/image/ab67616d0000b273389bf0a291ab41b8cdd052d3,2010-01-01,Katy Perry
11,6k8Up1SF4Lkqc119mxPQqi,Down The Way,album,13,"AD,FR,MC,ME,RS,XK",https://i.scdn.co/image/ab67616d0000b273c1419acb7ebc099f3464523e,2010-04-06,Angus & Julia Stone
12,28Idjc9i5qO9Nsrb0XjHZ9,Hors contrôle,album,15,"AR,AU,AT,BE,BO,BR,BG,CA,CL,CO,CR,CY,CZ,DK,DO,DE,EC,EE,SV,FI,FR,GR,GT,HN,HK,HU,IS,IE,IT,LV,LT,LU,MY,MT,MX,NL,NZ,NI,NO,PA,PY,PE,PH,PL,PT,SG,SK,ES,SE,CH,TW,TR,UY,US,GB,AD,LI,MC,ID,JP,TH,VN,RO,IL,ZA,SA,AE,BH,QA,OM,KW,EG,MA,DZ,TN,LB,JO,PS,IN,BY,KZ,MD,UA,AL,BA,HR,ME,MK,RS,SI,KR,BD,PK,LK,GH,KE,NG,TZ,UG,AG,AM,BS,BB,BZ,BT,BW,BF,CV,CW,DM,FJ,GM,GE,GD,GW,GY,HT,JM,KI,LS,LR,MW,MV,ML,MH,FM,NA,NR,NE,PW,PG,PR,WS,SM,ST,SN,SC,SL,SB,KN,LC,VC,SR,TL,TO,TT,TV,VU,AZ,BN,BI,KH,CM,TD,KM,GQ,SZ,GA,GN,KG,LA,MO,MR,MN,NP,RW,TG,UZ,ZW,BJ,MG,MU,MZ,AO,CI,DJ,ZM,CD,CG,IQ,LY,TJ,VE,ET,XK",https://i.scdn.co/image/ab67616d0000b273d5a1b847c6037a49d2c40502,2010-10-04,Dub Inc
13,2vZVdy9Me7olnm2GEbhPYv,1983,album,15,"AR,AU,AT,BE,BO,BR,BG,CA,CL,CO,CR,CY,CZ,DK,DO,DE,EC,EE,SV,FI,FR,GR,GT,HN,HK,HU,IS,IE,IT,LV,LT,LU,MY,MT,MX,NL,NZ,NI,NO,PA,PY,PE,PH,PL,PT,SG,SK,ES,SE,CH,TW,TR,UY,US,GB,AD,LI,MC,ID,JP,TH,VN,RO,IL,ZA,SA,AE,BH,QA,OM,KW,EG,MA,DZ,TN,JO,PS,IN,BY,KZ,MD,UA,AL,BA,HR,ME,MK,RS,SI,KR,BD,PK,LK,GH,KE,NG,TZ,UG,AG,AM,BS,BB,BZ,BT,BW,BF,CV,CW,DM,FJ,GM,GE,GD,GW,GY,HT,JM,KI,LS,LR,MW,MV,ML,MH,FM,NA,NR,NE,PW,PG,PR,WS,SM,ST,SN,SC,SL,SB,KN,LC,VC,SR,TL,TO,TT,TV,VU,AZ,BN,BI,KH,CM,TD,KM,GQ,SZ,GA,GN,KG,LA,MO,MR,MN,NP,RW,TG,UZ,ZW,BJ,MG,MU,MZ,AO,CI,DJ,ZM,CD,CG,LY,TJ,VE,ET,XK",https://i.scdn.co/image/ab67616d0000b2738544d2406e2467ab9a6b17f5,2010-03-26,Sophie Hunger
14,0rCbxlmHGenab5DlWwGgef,L'amour Est Laid,album,12,"AR,AU,AT,BE,BO,BR,BG,CA,CL,CO,CR,CY,CZ,DK,DO,DE,EC,EE,SV,FI,FR,GR,GT,HN,HK,HU,IS,IE,IT,LV,LT,LU,MY,MT,MX,NL,NZ,NI,NO,PA,PY,PE,PH,PL,PT,SG,SK,ES,SE,CH,TW,TR,UY,US,GB,AD,LI,MC,ID,JP,TH,VN,RO,IL,ZA,SA,AE,BH,QA,OM,KW,EG,MA,DZ,TN,LB,JO,PS,IN,BY,KZ,MD,UA,AL,BA,HR,ME,MK,RS,SI,KR,BD,PK,LK,GH,KE,NG,TZ,UG,AG,AM,BS,BB,BZ,BT,BW,BF,CV,CW,DM,FJ,GM,GE,GD,GW,GY,HT,JM,KI,LS,LR,MW,MV,ML,MH,FM,NA,NR,NE,PW,PG,PR,WS,SM,ST,SN,SC,SL,SB,KN,LC,VC,SR,TL,TO,TT,TV,VU,AZ,BN,BI,KH,CM,TD,KM,GQ,SZ,GA,GN,KG,LA,MO,MR,MN,NP,RW,TG,UZ,ZW,BJ,MG,MU,MZ,AO,CI,DJ,ZM,CD,CG,IQ,LY,TJ,VE,ET,XK",https://i.scdn.co/image/ab67616d0000b273812da52370652025754c4a4b,2010-09-01,Guillaume Grand
15,6TFm9KGW7Lbxrl2Zsg4X9R,K.I.D.S. (Deluxe),album,18,"AR,AU,AT,BE,BO,BR,BG,CA,CL,CO,CR,CY,CZ,DK,DO,DE,EC,EE,SV,FI,FR,GR,GT,HN,HK,HU,IS,IE,IT,LV,LT,LU,MY,MT,MX,NL,NZ,NI,NO,PA,PY,PE,PH,PL,PT,SG,SK,ES,SE,CH,TW,TR,UY,US,GB,AD,LI,MC,ID,JP,TH,VN,RO,IL,ZA,SA,AE,BH,QA,OM,KW,EG,MA,DZ,TN,LB,JO,PS,IN,BY,KZ,MD,UA,AL,BA,HR,ME,MK,RS,SI,KR,BD,PK,LK,GH,KE,NG,TZ,UG,AG,AM,BS,BB,BZ,BT,BW,BF,CV,CW,DM,FJ,GM,GE,GD,GW,GY,HT,JM,KI,LS,LR,MW,MV,ML,MH,FM,NA,NR,NE,PW,PG,PR,WS,SM,ST,SN,SC,SL,SB,KN,LC,VC,SR,TL,TO,TT,TV,VU,AZ,BN,BI,KH,CM,TD,KM,GQ,SZ,GA,GN,KG,LA,MO,MR,MN,NP,RW,TG,UZ,ZW,BJ,MG,MU,MZ,AO,CI,DJ,ZM,CD,CG,IQ,LY,TJ,VE,ET,XK",https://i.scdn.co/image/ab67616d0000b273463d73e65c7b95a17898388b,2010-08-13,Mac Miller
16,4DnfniyyQUthE8K0BM3Pr4,Raiponce,compilation,20,"AR,AU,AT,BE,BO,BR,BG,CL,CO,CR,CY,CZ,DK,DO,DE,EC,EE,SV,FI,FR,GR,GT,HN,HK,HU,IS,IE,IT,LV,LT,LU,MY,MT,MX,NL,NZ,NI,NO,PA,PY,PE,PH,PL,PT,SG,SK,ES,SE,CH,TW,TR,UY,US,GB,AD,LI,MC,ID,JP,TH,VN,RO,IL,ZA,SA,AE,BH,QA,OM,KW,EG,MA,DZ,TN,LB,JO,PS,IN,KZ,MD,UA,AL,BA,HR,ME,MK,RS,SI,KR,BD,PK,LK,GH,KE,NG,TZ,UG,AG,AM,BS,BB,BZ,BT,BW,BF,CV,CW,DM,FJ,GM,GE,GD,GW,GY,HT,JM,KI,LS,LR,MW,MV,ML,MH,FM,NA,NR,NE,PW,PG,WS,SM,ST,SN,SC,SL,SB,KN,LC,VC,SR,TL,TO,TT,TV,VU,AZ,BN,BI,KH,CM,TD,KM,GQ,SZ,GA,GN,KG,LA,MO,MR,MN,NP,RW,TG,UZ,ZW,BJ,MG,MU,MZ,AO,CI,DJ,ZM,CD,CG,IQ,LY,TJ,VE,ET,XK",https://i.scdn.co/image/ab67616d0000b273fb701ac40d3aa5e8a199ff0e,2010-01-01,Various Artists
17,1DMzPGiZ2qT2BfhsXUJNnx,Ben L'Oncle Soul,album,14,"AM,AT,AU,AZ,BE,BN,BY,CA,CH,CI,CM,CW,CZ,DE,EE,EG,FI,FJ,FR,GN,HK,HU,ID,KG,KR,KZ,LK,LT,LU,LV,MO,MY,NL,NO,NZ,PH,PK,PL,PT,RW,SA,SE,SK,TJ,TN,TR,TW,UA,UZ,ZA",https://i.scdn.co/image/ab67616d0000b27316a54ebd6b96213171372fce,2010-01-01,Ben L'Oncle Soul
18,1TwNATuAqnNjTd5BSvFZlS,Only One Flo (Part 1),album,8,"AR,AU,AT,BE,BO,BR,BG,CA,CL,CO,CR,CY,CZ,DK,DO,DE,EC,EE,SV,FI,FR,GR,GT,HN,HK,HU,IS,IE,IT,LV,LT,LU,MY,MT,MX,NL,NZ,NI,NO,PA,PY,PE,PH,PL,PT,SG,SK,ES,SE,CH,TW,TR,UY,US,GB,AD,LI,MC,ID,JP,TH,VN,RO,IL,ZA,SA,AE,BH,QA,OM,KW,EG,MA,DZ,TN,LB,JO,PS,IN,BY,KZ,MD,UA,AL,BA,HR,ME,MK,RS,SI,KR,BD,PK,LK,GH,KE,NG,TZ,UG,AG,AM,BS,BB,BZ,BT,BW,BF,CV,CW,DM,FJ,GM,GE,GD,GW,GY,HT,JM,KI,LS,LR,MW,MV,ML,MH,FM,NA,NR,NE,PW,PG,PR,WS,SM,ST,SN,SC,SL,SB,KN,LC,VC,SR,TL,TO,TT,TV,VU,AZ,BN,BI,KH,CM,TD,KM,GQ,SZ,GA,GN,KG,LA,MO,MR,MN,NP,RW,TG,UZ,ZW,BJ,MG,MU,MZ,AO,CI,DJ,ZM,CD,CG,IQ,LY,TJ,VE,ET,XK",https://i.scdn.co/image/ab67616d0000b273c0ddb38854cde41708d606a1,2010-11-24,Flo Rida
19,327jYU6FitH5laZ5aNv7sJ,Le Prince,album,11,"AR,AU,AT,BE,BO,BR,BG,CA,CL,CO,CR,CY,CZ,DK,DO,DE,EC,EE,SV,FI,FR,GR,GT,HN,HK,HU,IS,IE,IT,LV,LT,LU,MY,MT,MX,NL,NZ,NI,NO,PA,PY,PE,PH,PL,PT,SG,SK,ES,SE,CH,TW,TR,UY,US,GB,AD,LI,MC,ID,JP,TH,VN,RO,IL,ZA,SA,AE,BH,QA,OM,KW,EG,MA,DZ,TN,LB,JO,PS,IN,BY,KZ,MD,UA,AL,BA,HR,ME,MK,RS,SI,KR,BD,PK,LK,GH,KE,NG,TZ,UG,AG,AM,BS,BB,BZ,BT,BW,BF,CV,CW,DM,FJ,GM,GE,GD,GW,GY,HT,JM,KI,LS,LR,MW,MV,ML,MH,FM,NA,NR,NE,PW,PG,PR,WS,SM,ST,SN,SC,SL,SB,KN,LC,VC,SR,TL,TO,TT,TV,VU,AZ,BN,BI,KH,CM,TD,KM,GQ,SZ,GA,GN,KG,LA,MO,MR,MN,NP,RW,TG,UZ,ZW,BJ,MG,MU,MZ,AO,CI,DJ,ZM,CD,CG,IQ,LY,TJ,VE,ET,XK",https://i.scdn.co/image/ab67616d0000b273e24cc3348b348149d160e97f,2010,Mister You
20,27D8ocwRauxTXCZKIbpZKg,Aprendiendo a Aprender,single,6,"AR,AU,AT,BE,BO,BR,BG,CA,CL,CO,CR,CY,CZ,DK,DO,DE,EC,EE,SV,FI,FR,GR,GT,HN,HK,HU,IS,IE,IT,LV,LT,LU,MY,MT,MX,NL,NZ,NI,NO,PA,PY,PE,PH,PL,PT,SG,SK,ES,SE,CH,TW,TR,UY,US,GB,AD,LI,MC,ID,JP,TH,VN,RO,IL,ZA,SA,AE,BH,QA,OM,KW,EG,MA,DZ,TN,LB,JO,PS,IN,KZ,MD,UA,SI,KR,BD,PK,LK,GH,KE,NG,TZ,UG,AG,AM,BS,BB,BZ,BT,BW,BF,CV,CW,DM,FJ,GM,GE,GD,GW,GY,HT,JM,KI,LS,MW,MV,ML,MH,FM,NA,NR,NE,PW,PG,PR,WS,SM,ST,SN,SC,SL,SB,KN,LC,VC,SR,TL,TO,TT,TV,VU,AZ,BN,BI,KH,CM,TD,KM,GQ,SZ,GA,GN,KG,LA,MO,MR,MN,NP,RW,TG,UZ,BJ,MG,MU,MZ,AO,DJ,ZM,CG,TJ,VE,ET",https://i.scdn.co/image/ab67616d0000b2739f7f5de84eef57aee7719a61,2010-02-16,Carla Morrison
21,3IpexNXiKbezuY526S4Jvy,The Beginning,album,12,"AR,AU,AT,BE,BO,BR,BG,CA,CL,CO,CR,CY,CZ,DK,DO,DE,EC,EE,SV,FI,FR,GR,GT,HN,HK,HU,IS,IE,IT,LV,LT,LU,MY,MT,MX,NL,NZ,NI,NO,PA,PY,PE,PH,PL,PT,SG,SK,ES,SE,CH,TW,TR,UY,US,GB,AD,LI,MC,ID,JP,TH,VN,RO,IL,ZA,SA,AE,BH,QA,OM,KW,EG,MA,DZ,TN,LB,JO,PS,IN,BY,KZ,MD,UA,AL,BA,HR,ME,MK,RS,SI,KR,BD,PK,LK,GH,KE,NG,TZ,UG,AG,AM,BS,BB,BZ,BT,BW,BF,CV,CW,DM,FJ,GM,GE,GD,GW,GY,HT,JM,KI,LS,LR,MW,MV,ML,MH,FM,NA,NR,NE,PW,PG,WS,SM,ST,SN,SC,SL,SB,KN,LC,VC,SR,TL,TO,TT,TV,VU,AZ,BN,BI,KH,CM,TD,KM,GQ,SZ,GA,GN,KG,LA,MO,MR,MN,NP,RW,TG,UZ,ZW,BJ,MG,MU,MZ,AO,CI,DJ,ZM,CD,CG,IQ,LY,TJ,VE,ET,XK",https://i.scdn.co/image/ab67616d0000b2739efc623f9c64c8efb583b186,2010-01-01,Black Eyed Peas
22,0pGumY11G8OGH05ti6jh23,Cannibal (Expanded Edition),album,12,"AR,AU,AT,BE,BO,BR,BG,CA,CL,CO,CR,CY,CZ,DK,DO,DE,EC,EE,SV,FI,FR,GR,GT,HN,HK,HU,IS,IE,IT,LV,LT,LU,MY,MT,MX,NL,NZ,NI,NO,PA,PY,PE,PH,PL,PT,SG,SK,ES,SE,CH,TW,TR,UY,US,GB,AD,LI,MC,ID,JP,TH,VN,RO,IL,ZA,SA,AE,BH,QA,OM,KW,EG,MA,DZ,TN,LB,JO,PS,IN,BY,KZ,MD,UA,AL,BA,HR,ME,MK,RS,SI,KR,BD,PK,LK,GH,KE,NG,TZ,UG,AG,AM,BS,BB,BZ,BT,BW,BF,CV,CW,DM,FJ,GM,GE,GD,GW,GY,HT,JM,KI,LS,LR,MW,MV,ML,MH,FM,NA,NR,NE,PW,PG,PR,WS,SM,ST,SN,SC,SL,SB,KN,LC,VC,SR,TL,TO,TT,TV,VU,AZ,BN,BI,KH,CM,TD,KM,GQ,SZ,GA,GN,KG,LA,MO,MR,MN,NP,RW,TG,UZ,ZW,BJ,MG,MU,MZ,AO,CI,DJ,ZM,CD,CG,IQ,LY,TJ,VE,ET,XK",https://i.scdn.co/image/ab67616d0000b2735be805a76e68debf7675dd28,2010-11-19,Kesha
23,2A1nzU0qwEgYZhJukZ4gtB,One More Love (Deluxe),album,27,FR,https://i.scdn.co/image/ab67616d0000b273909ed9cd12fa1b5fc75ae674,2010-11-25,David Guetta
24,20r762YmB5HeofjMCiPMLv,My Beautiful Dark Twisted Fantasy,album,13,"AR,AU,AT,BE,BO,BR,BG,CA,CL,CO,CR,CY,CZ,DK,DO,DE,EC,EE,SV,FI,FR,GR,GT,HN,HK,HU,IS,IE,IT,LV,LT,LU,MY,MT,MX,NL,NZ,NI,NO,PA,PY,PE,PH,PL,PT,SG,SK,ES,SE,CH,TW,TR,UY,US,GB,AD,LI,MC,ID,JP,TH,VN,RO,IL,ZA,SA,AE,BH,QA,OM,KW,EG,MA,DZ,TN,LB,JO,PS,IN,BY,KZ,MD,UA,AL,BA,HR,ME,MK,RS,SI,KR,BD,PK,LK,GH,KE,NG,TZ,UG,AG,AM,BS,BB,BZ,BT,BW,BF,CV,CW,DM,FJ,GM,GE,GD,GW,GY,HT,JM,KI,LS,LR,MW,MV,ML,MH,FM,NA,NR,NE,PW,PG,WS,SM,ST,SN,SC,SL,SB,KN,LC,VC,SR,TL,TO,TT,TV,VU,AZ,BN,BI,KH,CM,TD,KM,GQ,SZ,GA,GN,KG,LA,MO,MR,MN,NP,RW,TG,UZ,ZW,BJ,MG,MU,MZ,AO,CI,DJ,ZM,CD,CG,IQ,LY,TJ,VE,ET,XK",https://i.scdn.co/image/ab67616d0000b273d9194aa18fa4c9362b47464f,2010-11-22,Kanye West
25,3h80tQ7iMvnWIE7EdtRhEm,Rokstarr (Special Edition),album,14,"AR,AU,AT,BE,BO,BR,BG,CL,CO,CR,CY,CZ,DK,DO,DE,EC,EE,SV,FI,FR,GR,GT,HN,HK,HU,IS,IT,LV,LT,LU,MY,MT,MX,NL,NZ,NI,NO,PA,PY,PE,PH,PL,PT,SG,SK,ES,SE,CH,TW,TR,UY,AD,LI,MC,ID,JP,TH,VN,RO,IL,ZA,SA,AE,BH,QA,OM,KW,EG,MA,DZ,TN,LB,JO,PS,IN,BY,KZ,MD,UA,AL,BA,HR,ME,MK,RS,SI,KR,BD,PK,LK,GH,KE,NG,TZ,UG,AG,AM,BS,BB,BZ,BT,BW,BF,CV,CW,DM,FJ,GM,GD,GW,GY,HT,JM,KI,LS,LR,MW,MV,ML,MH,FM,NA,NR,NE,PW,PG,WS,ST,SN,SC,SL,SB,KN,LC,VC,SR,TL,TO,TT,TV,AZ,BN,BI,KH,CM,TD,KM,GQ,SZ,GA,GN,KG,LA,MO,MR,MN,NP,RW,TG,UZ,ZW,BJ,MG,MU,MZ,AO,CI,DJ,ZM,CD,CG,IQ,LY,TJ,VE,XK",https://i.scdn.co/image/ab67616d0000b273c434f98f315c12a0f4d049a0,2010-01-01,Taio Cruz
26,0kKXWYJxD601o9ljAZjLrP,Mise à jour [nouvelle version 2.0],album,21,"AR,AU,AT,BE,BO,BR,BG,CA,CL,CO,CR,CY,CZ,DK,DO,DE,EC,EE,SV,FI,FR,GR,GT,HN,HK,HU,IS,IE,IT,LV,LT,LU,MY,MT,MX,NL,NZ,NI,NO,PA,PY,PE,PH,PL,PT,SG,SK,ES,SE,CH,TW,TR,UY,US,GB,AD,LI,MC,ID,JP,TH,VN,RO,IL,ZA,SA,AE,BH,QA,OM,KW,EG,MA,DZ,TN,LB,JO,PS,IN,BY,KZ,MD,UA,AL,BA,HR,ME,MK,RS,SI,KR,BD,PK,LK,GH,KE,NG,TZ,UG,AG,AM,BS,BB,BZ,BT,BW,BF,CV,CW,DM,FJ,GM,GE,GD,GW,GY,HT,JM,KI,LS,LR,MW,MV,ML,MH,FM,NA,NR,NE,PW,PG,PR,WS,SM,ST,SN,SC,SL,SB,KN,LC,VC,SR,TL,TO,TT,TV,VU,AZ,BN,BI,KH,CM,TD,KM,GQ,SZ,GA,GN,KG,LA,MO,MR,MN,NP,RW,TG,UZ,ZW,BJ,MG,MU,MZ,AO,CI,DJ,ZM,CD,CG,IQ,LY,TJ,VE,ET,XK",https://i.scdn.co/image/ab67616d0000b2731a96926b3de0d6560dfeaf98,2010,M. Pokora
27,0DEsmIQ5ir7tz52Nkf4i1K,Jason Derulo (International),album,10,"AR,AU,AT,BE,BO,BR,BG,CL,CO,CR,CY,CZ,DK,DO,DE,EC,EE,SV,FI,FR,GR,GT,HN,HK,HU,IS,IE,IT,LV,LT,LU,MY,MT,MX,NL,NZ,NI,NO,PA,PY,PE,PH,PL,PT,SG,SK,ES,SE,CH,TW,TR,UY,GB,AD,LI,MC,ID,JP,TH,VN,RO,IL,ZA,SA,AE,BH,QA,OM,KW,EG,MA,DZ,TN,LB,JO,PS,IN,BY,KZ,MD,UA,AL,BA,HR,ME,MK,RS,SI,KR,BD,PK,LK,GH,KE,NG,TZ,UG,AG,AM,BS,BB,BZ,BW,BF,CV,CW,DM,FJ,GM,GD,GW,HT,JM,LS,LR,MW,ML,FM,NA,NE,PG,PR,SM,ST,SN,SC,SL,KN,LC,VC,TL,TT,AZ,BN,BI,KH,CM,TD,KM,GQ,SZ,GA,GN,KG,LA,MO,MR,MN,NP,RW,TG,UZ,ZW,BJ,MG,MU,MZ,AO,CI,DJ,ZM,CD,CG,IQ,LY,TJ,VE,ET,XK",https://i.scdn.co/image/ab67616d0000b273293e8055dd8814fcdf4742f7,2010-02-26,Jason Derulo
28,3gR578qnw47M30LVBTjrlW,Sale el Sol,album,16,"AR,AU,AT,BE,BO,BR,BG,CA,CL,CO,CR,CY,CZ,DK,DO,DE,EC,EE,SV,FI,FR,GR,GT,HN,HK,HU,IS,IE,IT,LV,LT,LU,MY,MT,MX,NL,NZ,NI,NO,PA,PY,PE,PH,PL,PT,SG,SK,ES,SE,CH,TW,TR,UY,US,GB,AD,LI,MC,ID,JP,TH,VN,RO,IL,ZA,SA,AE,BH,QA,OM,KW,EG,MA,DZ,TN,LB,JO,PS,IN,BY,KZ,MD,UA,AL,BA,HR,ME,MK,RS,SI,KR,BD,PK,LK,GH,KE,NG,TZ,UG,AG,AM,BS,BB,BZ,BT,BW,BF,CV,CW,DM,FJ,GM,GE,GD,GW,GY,HT,JM,KI,LS,LR,MW,MV,ML,MH,FM,NA,NR,NE,PW,PG,PR,WS,SM,ST,SN,SC,SL,SB,KN,LC,VC,SR,TL,TO,TT,TV,VU,AZ,BN,BI,KH,CM,TD,KM,GQ,SZ,GA,GN,KG,LA,MO,MR,MN,NP,RW,TG,UZ,ZW,BJ,MG,MU,MZ,AO,CI,DJ,ZM,CD,CG,IQ,LY,TJ,VE,ET,XK",https://i.scdn.co/image/ab67616d0000b2734214ddc9e33e76de6a8ee888,2010-10-19,Shakira
29,7apLPYT8szV1IqTxyVSy5P,B.o.B Presents: The Adventures of Bobby Ray,album,12,"AR,AU,AT,BE,BO,BR,BG,CA,CL,CO,CR,CY,CZ,DK,DO,DE,EC,EE,SV,FI,FR,GR,GT,HN,HK,HU,IS,IE,IT,LV,LT,LU,MY,MT,MX,NL,NZ,NI,NO,PA,PY,PE,PH,PL,PT,SG,SK,ES,SE,CH,TW,TR,UY,US,GB,AD,LI,MC,ID,JP,TH,VN,RO,IL,ZA,SA,AE,BH,QA,OM,KW,EG,MA,DZ,TN,LB,JO,PS,IN,KZ,MD,UA,AL,BA,HR,ME,MK,RS,SI,KR,BD,PK,LK,GH,KE,NG,TZ,UG,AG,AM,BS,BB,BZ,BT,BW,BF,CV,CW,DM,FJ,GM,GE,GD,GW,GY,HT,JM,KI,LS,LR,MW,MV,ML,MH,FM,NA,NR,NE,PW,PG,PR,WS,SM,ST,SN,SC,SL,SB,KN,LC,VC,SR,TL,TO,TT,TV,VU,AZ,BN,BI,KH,CM,TD,KM,GQ,SZ,GA,GN,KG,LA,MO,MR,MN,NP,RW,TG,UZ,ZW,BJ,MG,MU,MZ,AO,CI,DJ,ZM,CD,CG,IQ,LY,TJ,VE,ET,XK",https://i.scdn.co/image/ab67616d0000b273484d121f0e2d2caf87d5d10b,2010-04-27,B.o.B
30,1CwXS6MAz8Wo7K4TzW9iuR,"Save Me, San Francisco (Golden Gate Edition)",album,19,"AR,AU,AT,BE,BO,BR,BG,CA,CL,CO,CR,CY,CZ,DK,DO,DE,EC,EE,SV,FI,FR,GR,GT,HN,HK,HU,IS,IE,IT,LV,LT,LU,MY,MT,MX,NL,NZ,NI,NO,PA,PY,PE,PH,PL,PT,SG,SK,ES,SE,CH,TW,TR,UY,US,GB,AD,LI,MC,ID,JP,TH,VN,RO,IL,ZA,SA,AE,BH,QA,OM,KW,EG,MA,DZ,TN,LB,JO,PS,IN,BY,KZ,MD,UA,AL,BA,HR,ME,MK,RS,SI,KR,BD,PK,LK,GH,KE,NG,TZ,UG,AG,AM,BS,BB,BZ,BT,BW,BF,CV,CW,DM,FJ,GM,GE,GD,GW,GY,HT,JM,KI,LS,LR,MW,MV,ML,MH,FM,NA,NR,NE,PW,PG,PR,WS,SM,ST,SN,SC,SL,SB,KN,LC,VC,SR,TL,TO,TT,TV,VU,AZ,BN,BI,KH,CM,TD,KM,GQ,SZ,GA,GN,KG,LA,MO,MR,MN,NP,RW,TG,UZ,ZW,BJ,MG,MU,MZ,AO,CI,DJ,ZM,CD,CG,IQ,LY,TJ,VE,ET,XK",https://i.scdn.co/image/ab67616d0000b2736ff8bc258e3ebc835ffe14ca,2010-12-01,Train
31,47BiFcV59TQi2s9SkBo2pb,Recovery,album,17,"AR,AU,AT,BE,BO,BR,BG,CA,CL,CO,CR,CY,CZ,DK,DO,DE,EC,EE,SV,FI,FR,GR,GT,HN,HK,HU,IS,IE,IT,LV,LT,LU,MY,MT,MX,NL,NZ,NI,NO,PA,PY,PE,PH,PL,PT,SG,SK,ES,SE,CH,TW,TR,UY,US,GB,AD,LI,MC,ID,JP,TH,VN,RO,IL,ZA,SA,AE,BH,QA,OM,KW,EG,MA,DZ,TN,LB,JO,PS,IN,BY,KZ,MD,UA,AL,BA,HR,ME,MK,RS,SI,KR,BD,PK,LK,GH,KE,NG,TZ,UG,AG,AM,BS,BB,BZ,BT,BW,BF,CV,CW,DM,FJ,GM,GE,GD,GW,GY,HT,JM,KI,LS,LR,MW,MV,ML,MH,FM,NA,NR,NE,PW,PG,WS,SM,ST,SN,SC,SL,SB,KN,LC,VC,SR,TL,TO,TT,TV,VU,AZ,BN,BI,KH,CM,TD,KM,GQ,SZ,GA,GN,KG,LA,MO,MR,MN,NP,RW,TG,UZ,ZW,BJ,MG,MU,MZ,AO,CI,DJ,ZM,CD,CG,IQ,LY,TJ,VE,ET,XK",https://i.scdn.co/image/ab67616d0000b273c08d5fa5c0f1a834acef5100,2010-06-18,Eminem
32,1snrPQMoTrBsKl73wzSxbn,Hands All Over (Revised International Standard version),album,14,"AR,AU,AT,BE,BO,BR,BG,CL,CO,CR,CY,CZ,DK,DO,DE,EC,EE,SV,FI,FR,GR,GT,HN,HU,IS,IE,IT,LV,LT,LU,MT,MX,NL,NZ,NI,NO,PA,PY,PE,PL,PT,SK,ES,SE,CH,TR,UY,GB,AD,LI,MC,JP,RO,IL,ZA,KW,MA,DZ,TN,PS,BY,KZ,MD,UA,AL,BA,HR,ME,MK,RS,SI,KR,BD,PK,GH,KE,NG,TZ,UG,AG,AM,BS,BB,BZ,BT,BW,BF,CV,CW,DM,FJ,GM,GE,GD,GW,GY,HT,JM,KI,LS,LR,MW,MV,ML,MH,FM,NA,NR,NE,PW,PG,WS,SM,ST,SN,SC,SL,SB,KN,LC,VC,SR,TL,TO,TT,TV,VU,AZ,BN,BI,CM,TD,KM,GQ,SZ,GA,GN,KG,MR,RW,TG,UZ,ZW,BJ,MG,MU,MZ,AO,CI,DJ,ZM,CD,CG,IQ,LY,TJ,VE,ET,XK",https://i.scdn.co/image/ab67616d0000b2739585ff55fff75c5c07a619cb,2010,Maroon 5
33,4kEbcH3VT6NYfpv8Wkkk80,Cheese,album,12,"AR,AU,AT,BE,BO,BR,BG,CA,CL,CO,CR,CY,CZ,DK,DO,DE,EC,EE,SV,FI,FR,GR,GT,HN,HK,HU,IS,IE,IT,LV,LT,LU,MY,MT,MX,NL,NZ,NI,NO,PA,PY,PE,PH,PL,PT,SG,SK,ES,SE,CH,TW,TR,UY,US,GB,AD,LI,MC,ID,TH,VN,RO,IL,ZA,SA,AE,BH,QA,OM,KW,EG,MA,DZ,TN,LB,JO,PS,IN,BY,KZ,MD,UA,AL,BA,HR,ME,MK,RS,SI,KR,BD,PK,LK,GH,KE,NG,TZ,UG,AG,AM,BS,BB,BZ,BT,BW,BF,CV,CW,DM,FJ,GM,GE,GD,GW,GY,HT,JM,KI,LS,LR,MW,MV,ML,MH,FM,NA,NR,NE,PW,PG,WS,SM,ST,SN,SC,SL,SB,KN,LC,VC,SR,TL,TO,TT,TV,VU,AZ,BN,BI,KH,CM,TD,KM,GQ,SZ,GA,GN,KG,MO,MR,MN,NP,RW,TG,UZ,ZW,BJ,MG,MU,MZ,AO,CI,DJ,ZM,CD,CG,IQ,LY,TJ,VE,ET,XK",https://i.scdn.co/image/ab67616d0000b273ae373174b14e3eac81554402,2010-01-01,Stromae
34,6fpLLJsDSSAlToEDW2jv4F,Animal (Expanded Edition),album,18,"AR,AU,AT,BE,BO,BR,BG,CA,CL,CO,CR,CY,CZ,DK,DO,DE,EC,EE,SV,FI,FR,GR,GT,HN,HK,HU,IS,IE,IT,LV,LT,LU,MY,MT,MX,NL,NZ,NI,NO,PA,PY,PE,PH,PL,PT,SG,SK,ES,SE,CH,TW,TR,UY,US,GB,AD,LI,MC,ID,JP,TH,VN,RO,IL,ZA,SA,AE,BH,QA,OM,KW,EG,MA,DZ,TN,LB,JO,PS,IN,BY,KZ,MD,UA,AL,BA,HR,ME,MK,RS,SI,KR,BD,PK,LK,GH,KE,NG,TZ,UG,AG,AM,BS,BB,BZ,BT,BW,BF,CV,CW,DM,FJ,GM,GE,GD,GW,GY,HT,JM,KI,LS,LR,MW,MV,ML,MH,FM,NA,NR,NE,PW,PG,PR,WS,SM,ST,SN,SC,SL,SB,KN,LC,VC,SR,TL,TO,TT,TV,VU,AZ,BN,BI,KH,CM,TD,KM,GQ,SZ,GA,GN,KG,LA,MO,MR,MN,NP,RW,TG,UZ,ZW,BJ,MG,MU,MZ,AO,CI,DJ,ZM,CD,CG,IQ,LY,TJ,VE,ET,XK",https://i.scdn.co/image/ab67616d0000b273142e5c0e611841b87c2dc533,2010-01-01,Kesha
35,6MuoqipFgorIZEYwGWEFAU,Zaz,album,11,"AR,AU,AT,BE,BO,BR,BG,CA,CL,CO,CR,CY,CZ,DK,DO,DE,EC,EE,SV,FI,FR,GR,GT,HN,HK,HU,IS,IE,IT,LV,LT,LU,MY,MT,MX,NL,NZ,NI,NO,PA,PY,PE,PH,PL,PT,SG,SK,ES,SE,CH,TW,TR,UY,US,GB,AD,LI,MC,ID,JP,TH,VN,RO,IL,ZA,SA,AE,BH,QA,OM,KW,EG,MA,DZ,TN,LB,JO,PS,IN,BY,KZ,MD,UA,AL,BA,HR,ME,MK,RS,SI,KR,BD,PK,LK,GH,KE,NG,TZ,UG,AG,AM,BS,BB,BZ,BT,BW,BF,CV,CW,DM,FJ,GM,GE,GD,GW,GY,HT,JM,KI,LS,LR,MW,MV,ML,MH,FM,NA,NR,NE,PW,PG,PR,WS,SM,ST,SN,SC,SL,SB,KN,LC,VC,SR,TL,TO,TT,TV,VU,AZ,BN,BI,KH,CM,TD,KM,GQ,SZ,GA,GN,KG,LA,MO,MR,MN,NP,RW,TG,UZ,ZW,BJ,MG,MU,MZ,AO,CI,DJ,ZM,CD,CG,IQ,LY,TJ,VE,ET,XK",https://i.scdn.co/image/ab67616d0000b2733b5969aba116e8248a3e6369,2010-05-10,Zaz
36,2dIGnmEIy1WZIcZCFSj6i8,Plastic Beach,album,16,"AR,AU,AT,BE,BO,BR,BG,CA,CL,CO,CR,CY,CZ,DK,DO,DE,EC,EE,SV,FI,FR,GR,GT,HN,HK,HU,IS,IE,IT,LV,LT,LU,MY,MT,MX,NL,NZ,NI,NO,PA,PY,PE,PH,PL,PT,SG,SK,ES,SE,CH,TW,TR,UY,US,GB,AD,LI,MC,ID,JP,TH,VN,RO,IL,ZA,SA,AE,BH,QA,OM,KW,EG,MA,DZ,TN,LB,JO,PS,IN,BY,KZ,MD,UA,AL,BA,HR,ME,MK,RS,SI,KR,BD,PK,LK,GH,KE,NG,TZ,UG,AG,AM,BS,BB,BZ,BT,BW,BF,CV,CW,DM,FJ,GM,GE,GD,GW,GY,HT,JM,KI,LS,LR,MW,MV,ML,MH,FM,NA,NR,NE,PW,PG,PR,WS,SM,ST,SN,SC,SL,SB,KN,LC,VC,SR,TL,TO,TT,TV,VU,AZ,BN,BI,KH,CM,TD,KM,GQ,SZ,GA,GN,KG,LA,MO,MR,MN,NP,RW,TG,UZ,ZW,BJ,MG,MU,MZ,AO,CI,DJ,ZM,CD,CG,IQ,LY,TJ,VE,ET,XK",https://i.scdn.co/image/ab67616d0000b273661d019f34569f79eae9e985,2010-03-03,Gorillaz
37,0205NopsrZvOGWgceq0sj0,La Superbe,album,25,"AR,AU,AT,BE,BO,BR,BG,CA,CL,CO,CR,CY,CZ,DK,DO,DE,EC,EE,SV,FI,FR,GR,GT,HN,HK,HU,IS,IE,IT,LV,LT,LU,MY,MT,MX,NL,NZ,NI,NO,PA,PY,PE,PH,PL,PT,SG,SK,ES,SE,CH,TW,TR,UY,US,GB,AD,LI,MC,ID,JP,TH,VN,RO,IL,ZA,SA,AE,BH,QA,OM,KW,EG,MA,DZ,TN,LB,JO,PS,IN,BY,KZ,MD,UA,AL,BA,HR,ME,MK,RS,SI,KR,BD,PK,LK,GH,KE,NG,TZ,UG,AG,AM,BS,BB,BZ,BT,BW,BF,CV,CW,DM,FJ,GM,GE,GD,GW,GY,HT,JM,KI,LS,LR,MW,MV,ML,MH,FM,NA,NR,NE,PW,PG,PR,WS,SM,ST,SN,SC,SL,SB,KN,LC,VC,SR,TL,TO,TT,TV,VU,AZ,BN,BI,KH,CM,TD,KM,GQ,SZ,GA,GN,KG,LA,MO,MR,MN,NP,RW,TG,UZ,ZW,BJ,MG,MU,MZ,AO,CI,DJ,ZM,CD,CG,IQ,LY,TJ,VE,ET,XK",https://i.scdn.co/image/ab67616d0000b2732e9430e91ca30a3ba30963ae,2010-06-21,Benjamin Biolay
38,6A1F3Fkq5dYeYYNkXflcTX,Raymond v Raymond (Expanded Edition),album,22,"AR,AU,AT,BE,BO,BR,BG,CA,CL,CO,CR,CY,CZ,DK,DO,DE,EC,EE,SV,FI,FR,GR,GT,HN,HK,HU,IS,IE,IT,LV,LT,LU,MY,MT,MX,NL,NZ,NI,NO,PA,PY,PE,PH,PL,PT,SG,SK,ES,SE,CH,TW,TR,UY,US,GB,AD,LI,MC,ID,JP,TH,VN,RO,IL,ZA,SA,AE,BH,QA,OM,KW,EG,MA,DZ,TN,LB,JO,PS,IN,BY,KZ,MD,UA,AL,BA,HR,ME,MK,RS,SI,KR,BD,PK,LK,GH,KE,NG,TZ,UG,AG,AM,BS,BB,BZ,BT,BW,BF,CV,CW,DM,FJ,GM,GE,GD,GW,GY,HT,JM,KI,LS,LR,MW,MV,ML,MH,FM,NA,NR,NE,PW,PG,PR,WS,SM,ST,SN,SC,SL,SB,KN,LC,VC,SR,TL,TO,TT,TV,VU,AZ,BN,BI,KH,CM,TD,KM,GQ,SZ,GA,GN,KG,LA,MO,MR,MN,NP,RW,TG,UZ,ZW,BJ,MG,MU,MZ,AO,CI,DJ,ZM,CD,CG,IQ,LY,TJ,VE,ET,XK",https://i.scdn.co/image/ab67616d0000b27386b0c9728ad3ed338eaeea79,2010-03-30,USHER
39,3F41BssbVvfFnh6DdDODeO,Meet The Orphans,album,15,"AE,AG,AM,AR,AT,AZ,BA,BB,BD,BH,BN,BO,BS,BY,CL,CO,CR,CW,DE,DM,DO,EC,EG,ES,FJ,FR,GD,GT,GY,HK,HN,HR,HT,HU,ID,IL,IN,IS,JM,JO,KG,KN,KR,KZ,LB,LC,LK,ME,MK,MO,MX,MY,NI,NL,NO,OM,PA,PE,PH,PK,PT,PY,QA,RS,SA,SE,SI,SR,SV,TJ,TN,TR,TT,TW,UA,UZ,VC,VE,XK,ZA",https://i.scdn.co/image/ab67616d0000b273d4c273fe23a0950d7ac9fce2,2010-01-01,Don Omar
40,7vN82vd1Vq44fjlhjfvHJp,Loud,album,12,"AR,AU,AT,BE,BO,BR,BG,CL,CO,CR,CY,CZ,DK,DO,DE,EC,EE,SV,FI,FR,GR,GT,HN,HK,HU,IS,IT,LV,LT,LU,MY,MT,NL,NZ,NI,NO,PA,PY,PE,PH,PL,PT,SG,SK,ES,SE,CH,TW,TR,UY,GB,AD,LI,MC,ID,JP,TH,VN,RO,IL,ZA,SA,AE,BH,QA,OM,KW,EG,MA,DZ,TN,LB,JO,PS,IN,BY,KZ,MD,UA,AL,BA,HR,ME,MK,RS,SI,KR,BD,PK,LK,GH,KE,NG,TZ,UG,AG,AM,BS,BB,BZ,BT,BW,BF,CV,CW,DM,FJ,GM,GD,GW,GY,HT,JM,KI,LS,LR,MW,MV,ML,MH,FM,NA,NR,NE,PW,PG,WS,ST,SN,SC,SL,SB,KN,LC,VC,SR,TL,TO,TT,TV,AZ,BN,BI,KH,CM,TD,KM,GQ,SZ,GA,GN,KG,LA,MO,MR,MN,NP,RW,TG,UZ,ZW,BJ,MG,MU,MZ,AO,CI,DJ,ZM,CD,CG,IQ,LY,TJ,VE,XK",https://i.scdn.co/image/ab67616d0000b2732ed326786e4c61c6b1dbf222,2010-11-16,Rihanna
41,07nBld9enf1PyRysZAVSqJ,Nightcall,album,7,"AR,AU,AT,BE,BO,BR,BG,CA,CL,CO,CR,CY,CZ,DK,DO,DE,EC,EE,SV,FI,FR,GR,GT,HN,HK,HU,IS,IE,IT,LV,LT,LU,MY,MT,MX,NL,NZ,NI,NO,PA,PY,PE,PH,PL,PT,SG,SK,ES,SE,CH,TW,TR,UY,US,GB,AD,LI,MC,ID,JP,TH,VN,RO,IL,ZA,SA,AE,BH,QA,OM,KW,EG,MA,DZ,TN,LB,JO,PS,IN,KZ,MD,UA,AL,BA,HR,ME,MK,RS,SI,KR,BD,PK,LK,GH,KE,NG,TZ,UG,AG,AM,BS,BB,BZ,BT,BW,BF,CV,CW,DM,FJ,GM,GE,GD,GW,GY,HT,JM,KI,LS,LR,MW,MV,ML,MH,FM,NA,NR,NE,PW,PG,WS,SM,ST,SN,SC,SL,SB,KN,LC,VC,SR,TL,TO,TT,TV,VU,AZ,BN,BI,KH,CM,TD,KM,GQ,SZ,GA,GN,KG,LA,MO,MR,MN,NP,RW,TG,UZ,ZW,BJ,MG,MU,MZ,AO,CI,DJ,ZM,CD,CG,IQ,LY,TJ,VE,ET,XK",https://i.scdn.co/image/ab67616d0000b273d6d8c2eaa1f9031b62f7a3f7,2010,Kavinsky
42,3KA9MeGGuJnesTeiEi6QRx,On Trace La Route,album,14,"AR,AU,AT,BE,BO,BR,BG,CA,CL,CO,CR,CY,CZ,DK,DO,DE,EC,EE,SV,FI,FR,GR,GT,HN,HK,HU,IS,IE,IT,LV,LT,LU,MY,MT,MX,NL,NZ,NI,NO,PA,PY,PE,PH,PL,PT,SG,SK,ES,SE,CH,TW,TR,UY,US,GB,AD,LI,MC,ID,JP,TH,VN,RO,IL,ZA,SA,AE,BH,QA,OM,KW,EG,MA,DZ,TN,LB,JO,PS,IN,BY,KZ,MD,UA,AL,BA,HR,ME,MK,RS,SI,KR,BD,PK,LK,GH,KE,NG,TZ,UG,AG,AM,BS,BB,BZ,BT,BW,BF,CV,CW,DM,FJ,GM,GE,GD,GW,GY,HT,JM,KI,LS,LR,MW,MV,ML,MH,FM,NA,NR,NE,PW,PG,PR,WS,SM,ST,SN,SC,SL,SB,KN,LC,VC,SR,TL,TO,TT,TV,VU,AZ,BN,BI,KH,CM,TD,KM,GQ,SZ,GA,GN,KG,LA,MO,MR,MN,NP,RW,TG,UZ,ZW,BJ,MG,MU,MZ,AO,CI,DJ,ZM,CD,CG,IQ,LY,TJ,VE,ET,XK",https://i.scdn.co/image/ab67616d0000b273e7c749aa13fa49db9226521f,2010-03-22,Christophe Maé
43,493HYe7N5pleudEZRyhE7R,All I Want Is You,album,13,"AR,AU,AT,BE,BO,BR,BG,CA,CL,CO,CR,CY,CZ,DK,DO,DE,EC,EE,SV,FI,FR,GR,GT,HN,HK,HU,IS,IE,IT,LV,LT,LU,MY,MT,MX,NL,NZ,NI,NO,PA,PY,PE,PH,PL,PT,SG,SK,ES,SE,CH,TW,TR,UY,US,GB,AD,LI,MC,ID,JP,TH,VN,RO,IL,ZA,SA,AE,BH,QA,OM,KW,EG,MA,DZ,TN,LB,JO,PS,IN,BY,KZ,MD,UA,AL,BA,HR,ME,MK,RS,SI,KR,BD,PK,LK,GH,KE,NG,TZ,UG,AG,AM,BS,BB,BZ,BT,BW,BF,CV,CW,DM,FJ,GM,GE,GD,GW,GY,HT,JM,KI,LS,LR,MW,MV,ML,MH,FM,NA,NR,NE,PW,PG,PR,WS,SM,ST,SN,SC,SL,SB,KN,LC,VC,SR,TL,TO,TT,TV,VU,AZ,BN,BI,KH,CM,TD,KM,GQ,SZ,GA,GN,KG,LA,MO,MR,MN,NP,RW,TG,UZ,ZW,BJ,MG,MU,MZ,AO,CI,DJ,ZM,CD,CG,IQ,LY,TJ,VE,ET,XK",https://i.scdn.co/image/ab67616d0000b273d5a8395b0d80b8c48a5d851c,2010-11-26,Miguel
44,2UG6T6f0Qc9SaBCIcaviLM,Teenage Dream,album,12,"AR,AU,AT,BO,BR,BG,CL,CO,CR,CY,CZ,DK,DO,DE,EC,EE,SV,FI,FR,GR,GT,HN,HK,HU,IS,IT,LV,LT,MY,MT,MX,NZ,NI,NO,PA,PY,PE,PH,PL,PT,SG,SK,ES,SE,CH,TW,TR,UY,US,AD,LI,MC,ID,JP,TH,VN,RO,IL,ZA,SA,AE,BH,QA,OM,KW,EG,MA,DZ,TN,LB,JO,PS,IN,KZ,MD,UA,AL,BA,HR,ME,MK,RS,SI,KR,BD,PK,LK,GH,KE,NG,TZ,UG,AG,AM,BB,BZ,BT,BW,BF,CV,CW,DM,FJ,GM,GE,GD,GW,GY,HT,JM,KI,LS,LR,MW,MV,ML,MH,FM,NA,NR,NE,PW,PG,WS,SM,ST,SN,SC,SL,SB,KN,LC,VC,SR,TL,TO,TT,TV,VU,AZ,BN,BI,KH,CM,TD,KM,GQ,SZ,GA,GN,KG,LA,MO,MR,MN,NP,RW,TG,UZ,ZW,BJ,MG,MU,MZ,AO,CI,DJ,ZM,CD,CG,IQ,LY,TJ,VE,ET,XK",https://i.scdn.co/image/ab67616d0000b2731d955011a3ed477dc77865ad,2010-01-01,Katy Perry
45,7fHeCs5cgtXYqxBPG1iK1n,One More Love,album,27,"AR,AU,AT,BE,BO,BR,BG,CA,CL,CO,CR,CY,CZ,DK,DO,DE,EC,EE,SV,FI,FR,GR,GT,HN,HK,HU,IS,IT,LV,LT,LU,MY,MT,MX,NL,NZ,NI,NO,PA,PY,PE,PH,PL,PT,SG,SK,ES,SE,CH,TW,TR,UY,US,AD,LI,MC,ID,JP,TH,VN,RO,IL,ZA,SA,AE,BH,QA,OM,KW,EG,MA,DZ,TN,LB,JO,PS,IN,KZ,MD,UA,AL,BA,HR,ME,MK,RS,SI,KR,BD,PK,LK,GH,KE,NG,TZ,UG,AG,AM,BS,BB,BZ,BT,BW,BF,CV,CW,DM,FJ,GM,GE,GD,GW,GY,HT,JM,KI,LS,LR,MW,MV,ML,MH,FM,NA,NR,NE,PW,PG,PR,WS,SM,ST,SN,SC,SL,SB,KN,LC,VC,SR,TL,TO,TT,TV,VU,AZ,BN,BI,KH,CM,TD,KM,GQ,SZ,GA,GN,KG,LA,MO,MR,MN,NP,RW,TG,UZ,ZW,BJ,MG,MU,MZ,AO,CI,DJ,ZM,CD,CG,IQ,LY,TJ,VE,ET,XK",https://i.scdn.co/image/ab67616d0000b2731813115ff10c5f5ae028321d,2010-11-22,David Guetta
46,1R6MIxBiQensgzDlDes0yT,Je te laisserai des mots,single,1,"AR,AU,AT,BE,BO,BR,BG,CA,CL,CO,CR,CY,CZ,DK,DO,DE,EC,EE,SV,FI,FR,GR,GT,HN,HK,HU,IS,IE,IT,LV,LT,LU,MY,MT,MX,NL,NZ,NI,NO,PA,PY,PE,PH,PL,PT,SG,SK,ES,SE,CH,TW,TR,UY,US,GB,AD,LI,MC,ID,JP,TH,VN,RO,IL,ZA,SA,AE,BH,QA,OM,KW,EG,MA,DZ,TN,LB,JO,PS,IN,BY,KZ,MD,UA,AL,BA,HR,ME,MK,RS,SI,KR,BD,PK,LK,GH,KE,NG,TZ,UG,AG,AM,BS,BB,BZ,BT,BW,BF,CV,CW,DM,FJ,GM,GE,GD,GW,GY,HT,JM,KI,LS,LR,MW,MV,ML,MH,FM,NA,NR,NE,PW,PG,PR,WS,SM,ST,SN,SC,SL,SB,KN,LC,VC,SR,TL,TO,TT,TV,VU,AZ,BN,BI,KH,CM,TD,KM,GQ,SZ,GA,GN,KG,LA,MO,MR,MN,NP,RW,TG,UZ,ZW,BJ,MG,MU,MZ,AO,CI,DJ,ZM,CD,CG,IQ,LY,TJ,VE,ET,XK",https://i.scdn.co/image/ab67616d0000b2738ea92a85c492af8a38750549,2010-09-10,Patrick Watson
47,5QG3tjE5L9F6O2vCAPph38,Loud,album,13,"AR,AU,AT,BE,BO,BR,BG,CA,CL,CO,CR,CY,CZ,DK,DO,DE,EC,EE,SV,FI,FR,GR,GT,HN,HK,HU,IS,IE,IT,LV,LT,LU,MY,MT,MX,NL,NZ,NI,NO,PA,PY,PE,PH,PL,PT,SG,SK,ES,SE,CH,TW,TR,UY,US,GB,AD,LI,MC,ID,JP,TH,VN,RO,IL,ZA,SA,AE,BH,QA,OM,KW,EG,MA,DZ,TN,LB,JO,PS,IN,BY,KZ,MD,UA,AL,BA,HR,ME,MK,RS,SI,KR,BD,PK,LK,GH,KE,NG,TZ,UG,AG,AM,BS,BB,BZ,BT,BW,BF,CV,CW,DM,FJ,GM,GE,GD,GW,GY,HT,JM,KI,LS,LR,MW,MV,ML,MH,FM,NA,NR,NE,PW,PG,WS,SM,ST,SN,SC,SL,SB,KN,LC,VC,SR,TL,TO,TT,TV,VU,AZ,BN,BI,KH,CM,TD,KM,GQ,SZ,GA,GN,KG,LA,MO,MR,MN,NP,RW,TG,UZ,ZW,BJ,MG,MU,MZ,AO,CI,DJ,ZM,CD,CG,IQ,LY,TJ,VE,ET,XK",https://i.scdn.co/image/ab67616d0000b27331548865f7c729290b96c794,2010-01-01,Rihanna
48,30ETe6QlIWVL2XProxM1GY,L'école des points vitaux,album,16,"AR,AU,AT,BE,BO,BR,BG,CA,CL,CO,CR,CY,CZ,DK,DO,DE,EC,EE,SV,FI,FR,GR,GT,HN,HK,HU,IS,IE,IT,LV,LT,LU,MY,MT,MX,NL,NZ,NI,NO,PA,PY,PE,PH,PL,PT,SG,SK,ES,SE,CH,TW,TR,UY,US,GB,AD,LI,MC,ID,JP,TH,VN,RO,IL,ZA,SA,AE,BH,QA,OM,KW,EG,MA,DZ,TN,LB,JO,PS,IN,BY,KZ,MD,UA,AL,BA,HR,ME,MK,RS,SI,KR,BD,PK,LK,GH,KE,NG,TZ,UG,AG,AM,BS,BB,BZ,BT,BW,BF,CV,CW,DM,FJ,GM,GE,GD,GW,GY,HT,JM,KI,LS,LR,MW,MV,ML,MH,FM,NA,NR,NE,PW,PG,PR,WS,SM,ST,SN,SC,SL,SB,KN,LC,VC,SR,TL,TO,TT,TV,VU,AZ,BN,BI,KH,CM,TD,KM,GQ,SZ,GA,GN,KG,LA,MO,MR,MN,NP,RW,TG,UZ,ZW,BJ,MG,MU,MZ,AO,CI,DJ,ZM,CD,CG,IQ,LY,TJ,VE,ET,XK",https://i.scdn.co/image/ab67616d0000b27399d53d8504478066f858f544,2010-03-29,Sexion d'Assaut
49,6J84szYCnMfzEcvIcfWMFL,Doo-Wops & Hooligans,album,12,"AE,AG,AL,AR,AT,BA,BB,BD,BE,BG,BH,BO,BR,BS,BZ,CH,CL,CO,CR,CW,CY,CZ,DE,DK,DM,DO,DZ,EC,EE,EG,ES,FI,FR,GB,GD,GR,GT,GY,HN,HR,HT,HU,ID,IE,IL,IN,IQ,IS,IT,JM,JO,JP,KN,KR,KW,LB,LC,LI,LK,LT,LU,LV,LY,MA,ME,MK,MT,MX,NI,NL,NO,OM,PA,PE,PK,PL,PR,PS,PT,PY,QA,RO,RS,SA,SE,SG,SI,SK,SR,SV,TN,TR,TT,UA,UY,VC,VE,XK,ZA",https://i.scdn.co/image/ab67616d0000b273f60070dce96a2c1b70cf6ff0,2010-05-11,Bruno Mars
50,6W2lK1DBnHwPx0Op8rNNye,Le Saint Coran,album,114,"AR,AU,AT,BE,BO,BR,BG,CA,CL,CO,CR,CY,CZ,DK,DO,DE,EC,EE,SV,FI,FR,GR,GT,HN,HK,HU,IS,IE,IT,LV,LT,LU,MY,MT,MX,NL,NZ,NI,NO,PA,PY,PE,PH,PL,PT,SG,SK,ES,SE,CH,TW,TR,UY,US,GB,AD,LI,MC,ID,JP,TH,VN,RO,IL,ZA,SA,AE,BH,QA,OM,KW,MA,DZ,TN,LB,JO,PS,IN,BY,KZ,MD,UA,AL,BA,HR,ME,MK,RS,SI,KR,BD,PK,LK,GH,KE,NG,TZ,UG,AG,AM,BS,BB,BZ,BT,BW,BF,CV,CW,DM,FJ,GM,GE,GD,GW,GY,HT,JM,KI,LS,LR,MW,MV,ML,MH,FM,NA,NR,NE,PW,PG,PR,WS,SM,ST,SN,SC,SL,SB,KN,LC,VC,SR,TL,TO,TT,TV,VU,AZ,BN,BI,KH,CM,TD,KM,GQ,SZ,GA,GN,KG,LA,MO,MR,MN,NP,RW,TG,UZ,ZW,BJ,MG,MU,MZ,AO,CI,DJ,ZM,CD,CG,IQ,LY,TJ,VE,ET,XK",https://i.scdn.co/image/ab67616d0000b273b99736c284d938a06378ce78,2011-09-08,Sheikh Saud Al Shuraim
51,0XsS5gvRNZ74iwGxAuCXrw,100 chansons et comptines à l'école maternelle,album,104,"AR,AU,AT,BE,BO,BR,BG,CA,CL,CO,CR,CY,CZ,DK,DO,DE,EC,EE,SV,FI,FR,GR,GT,HN,HK,HU,IS,IE,IT,LV,LT,LU,MY,MT,MX,NL,NZ,NI,NO,PA,PY,PE,PH,PL,PT,SG,SK,ES,SE,CH,TW,TR,UY,US,GB,AD,LI,MC,ID,JP,TH,VN,RO,IL,ZA,SA,AE,BH,QA,OM,KW,EG,MA,DZ,TN,LB,JO,PS,IN,BY,KZ,MD,UA,AL,BA,HR,ME,MK,RS,SI,KR,BD,PK,LK,GH,KE,NG,TZ,UG,AG,AM,BS,BB,BZ,BT,BW,BF,CV,CW,DM,FJ,GM,GE,GD,GW,GY,HT,JM,KI,LS,LR,MW,MV,ML,MH,FM,NA,NR,NE,PW,PG,PR,WS,SM,ST,SN,SC,SL,SB,KN,LC,VC,SR,TL,TO,TT,TV,VU,AZ,BN,BI,KH,CM,TD,KM,GQ,SZ,GA,GN,KG,LA,MO,MR,MN,NP,RW,TG,UZ,ZW,BJ,MG,MU,MZ,AO,CI,DJ,ZM,CD,CG,IQ,LY,TJ,VE,ET,XK",https://i.scdn.co/image/ab67616d0000b273f56b340896a1a1089136fc8e,2011-07-18,Gérard Dalton
52,3Gt7rOjcZQoHCfnKl5AkK7,Minecraft - Volume Alpha,album,24,"AR,AU,AT,BE,BO,BR,BG,CA,CL,CO,CR,CY,CZ,DK,DO,DE,EC,EE,SV,FI,FR,GR,GT,HN,HK,HU,IS,IE,IT,LV,LT,LU,MY,MT,MX,NL,NZ,NI,NO,PA,PY,PE,PH,PL,PT,SG,SK,ES,SE,CH,TW,TR,UY,US,GB,AD,LI,MC,ID,JP,TH,VN,RO,IL,ZA,SA,AE,BH,QA,OM,KW,EG,MA,DZ,TN,LB,JO,PS,IN,KZ,MD,UA,AL,BA,HR,ME,MK,SI,KR,BD,PK,LK,GH,KE,NG,TZ,UG,AG,AM,BS,BB,BZ,BT,BW,BF,CV,CW,DM,FJ,GM,GE,GD,GW,GY,HT,JM,KI,LS,LR,MW,MV,ML,MH,FM,NA,NR,NE,PW,PG,PR,WS,SM,ST,SN,SC,SL,SB,KN,LC,VC,SR,TL,TO,TT,TV,VU,AZ,BN,KH,CM,TD,KM,GQ,SZ,GA,GN,KG,LA,MO,MR,MN,NP,RW,TG,UZ,BJ,MG,MU,MZ,AO,CI,DJ,ZM,CG,TJ,VE,ET",https://i.scdn.co/image/ab67616d0000b273aaeb5c9fb6131977995b7f0e,2011-03-04,C418
53,4xdRjOhY9NHmMpI7U3e2c3,Lioness: Hidden Treasures,album,12,"AR,AU,AT,BE,BO,BR,BG,CA,CL,CO,CR,CY,CZ,DK,DO,DE,EC,EE,SV,FI,FR,GR,GT,HN,HK,HU,IS,IE,IT,LV,LT,LU,MY,MT,MX,NL,NZ,NI,NO,PA,PY,PE,PH,PL,PT,SG,SK,ES,SE,CH,TW,TR,UY,US,GB,AD,LI,MC,ID,JP,TH,VN,RO,IL,ZA,SA,AE,BH,QA,OM,KW,EG,MA,DZ,TN,LB,JO,PS,IN,BY,KZ,MD,UA,AL,BA,HR,ME,MK,RS,SI,KR,BD,PK,LK,GH,KE,NG,TZ,UG,AG,AM,BS,BB,BZ,BT,BW,BF,CV,CW,DM,FJ,GM,GE,GD,GW,GY,HT,JM,KI,LS,LR,MW,MV,ML,MH,FM,NA,NR,NE,PW,PG,WS,SM,ST,SN,SC,SL,SB,KN,LC,VC,SR,TL,TO,TT,TV,VU,AZ,BN,BI,KH,CM,TD,KM,GQ,SZ,GA,GN,KG,LA,MO,MR,MN,NP,RW,TG,UZ,ZW,BJ,MG,MU,MZ,AO,CI,DJ,ZM,CD,CG,IQ,LY,TJ,VE,ET,XK",https://i.scdn.co/image/ab67616d0000b2734c896e873306c17847c254e9,2011-01-01,Amy Winehouse
54,7Kmmw7Z5D2UD5MVwdm10sT,Torches,album,10,"AR,AU,AT,BE,BO,BR,BG,CA,CL,CO,CR,CY,CZ,DK,DO,DE,EC,EE,SV,FI,FR,GR,GT,HN,HK,HU,IS,IE,IT,LV,LT,LU,MY,MT,MX,NL,NZ,NI,NO,PA,PY,PE,PH,PL,PT,SG,SK,ES,SE,CH,TW,TR,UY,US,GB,AD,LI,MC,ID,JP,TH,VN,RO,IL,ZA,SA,AE,BH,QA,OM,KW,EG,MA,DZ,TN,LB,JO,PS,IN,BY,KZ,MD,UA,AL,BA,HR,ME,MK,RS,SI,KR,BD,PK,LK,GH,KE,NG,TZ,UG,AG,AM,BS,BB,BZ,BT,BW,BF,CV,CW,DM,FJ,GM,GE,GD,GW,GY,HT,JM,KI,LS,LR,MW,MV,ML,MH,FM,NA,NR,NE,PW,PG,PR,WS,SM,ST,SN,SC,SL,SB,KN,LC,VC,SR,TL,TO,TT,TV,VU,AZ,BN,BI,KH,CM,TD,KM,GQ,SZ,GA,GN,KG,LA,MO,MR,MN,NP,RW,TG,UZ,ZW,BJ,MG,MU,MZ,AO,CI,DJ,ZM,CD,CG,IQ,LY,TJ,VE,ET,XK",https://i.scdn.co/image/ab67616d0000b273121d5f92cf90576907dfb1e5,2011-05-23,Foster The People
55,1gIC63gC3B7o7FfpPACZQJ,4,album,14,"AR,AU,AT,BE,BO,BR,BG,CA,CL,CO,CR,CY,CZ,DK,DO,DE,EC,EE,SV,FI,FR,GR,GT,HN,HK,HU,IS,IE,IT,LV,LT,LU,MY,MT,MX,NL,NZ,NI,NO,PA,PY,PE,PH,PL,PT,SG,SK,ES,SE,CH,TW,TR,UY,US,GB,AD,LI,MC,ID,JP,TH,VN,RO,IL,ZA,SA,AE,BH,QA,OM,KW,EG,MA,DZ,TN,LB,JO,PS,IN,BY,KZ,MD,UA,AL,BA,HR,ME,MK,RS,SI,KR,BD,PK,LK,GH,KE,NG,TZ,UG,AG,AM,BS,BB,BZ,BT,BW,BF,CV,CW,DM,FJ,GM,GE,GD,GW,GY,HT,JM,KI,LS,LR,MW,MV,ML,MH,FM,NA,NR,NE,PW,PG,PR,WS,SM,ST,SN,SC,SL,SB,KN,LC,VC,SR,TL,TO,TT,TV,VU,AZ,BN,BI,KH,CM,TD,KM,GQ,SZ,GA,GN,KG,LA,MO,MR,MN,NP,RW,TG,UZ,ZW,BJ,MG,MU,MZ,AO,CI,DJ,ZM,CD,CG,IQ,LY,TJ,VE,ET,XK",https://i.scdn.co/image/ab67616d0000b273ff5429125128b43572dbdccd,2011-06-24,Beyoncé
56,3HzJdKpYy285tTrf5xu5RT,Innerquake,album,11,"AR,AU,AT,BE,BO,BR,BG,CA,CL,CO,CR,CY,CZ,DK,DO,DE,EC,EE,SV,FI,FR,GR,GT,HN,HK,HU,IS,IE,IT,LV,LT,LU,MY,MT,MX,NL,NZ,NI,NO,PA,PY,PE,PH,PL,PT,SG,SK,ES,SE,CH,TW,TR,UY,US,GB,AD,LI,MC,ID,JP,TH,VN,RO,IL,ZA,SA,AE,BH,QA,OM,KW,EG,MA,DZ,TN,LB,JO,PS,IN,BY,KZ,MD,UA,AL,BA,HR,ME,MK,RS,SI,KR,BD,PK,LK,GH,KE,NG,TZ,UG,AG,AM,BS,BB,BZ,BT,BW,BF,CV,CW,DM,FJ,GM,GE,GD,GW,GY,HT,JM,KI,LS,LR,MW,MV,ML,MH,FM,NA,NR,NE,PW,PG,PR,WS,SM,ST,SN,SC,SL,SB,KN,LC,VC,SR,TL,TO,TT,TV,VU,AZ,BN,BI,KH,CM,TD,KM,GQ,SZ,GA,GN,KG,LA,MO,MR,MN,NP,RW,TG,UZ,ZW,BJ,MG,MU,MZ,AO,CI,DJ,ZM,CD,CG,IQ,LY,TJ,VE,ET,XK",https://i.scdn.co/image/ab67616d0000b27316bebb434d18530581d9848e,2011-09-26,"Phoebe Killdeer, The Short Straws"
57,716fnrS2qXChPC3J2X73pK,The English Riviera,album,11,"AR,AU,AT,BE,BO,BR,BG,CA,CL,CO,CR,CY,CZ,DK,DO,DE,EC,EE,SV,FI,FR,GR,GT,HN,HK,HU,IS,IE,IT,LV,LT,LU,MY,MT,MX,NL,NZ,NI,NO,PA,PY,PE,PH,PL,PT,SG,SK,ES,SE,CH,TW,TR,UY,US,GB,AD,LI,MC,ID,JP,TH,VN,RO,IL,ZA,SA,AE,BH,QA,OM,KW,EG,MA,DZ,TN,LB,JO,PS,IN,BY,KZ,MD,UA,AL,BA,HR,ME,MK,RS,SI,KR,BD,PK,LK,GH,KE,NG,TZ,UG,AG,AM,BS,BB,BZ,BT,BW,BF,CV,CW,DM,FJ,GM,GE,GD,GW,GY,HT,JM,KI,LS,LR,MW,MV,ML,MH,FM,NA,NR,NE,PW,PG,PR,WS,SM,ST,SN,SC,SL,SB,KN,LC,VC,SR,TL,TO,TT,TV,VU,AZ,BN,BI,KH,CM,TD,KM,GQ,SZ,GA,GN,KG,LA,MO,MR,MN,NP,RW,TG,UZ,ZW,BJ,MG,MU,MZ,AO,CI,DJ,ZM,CD,CG,IQ,LY,TJ,VE,ET,XK",https://i.scdn.co/image/ab67616d0000b2738ca7d89456553e4bbbf3c981,2011-04-11,Metronomy
58,5IFhqIbgT3EiMY1foX0sIZ,Selah Sue,album,13,"AR,AU,AT,BE,BO,BR,BG,CA,CL,CO,CR,CY,CZ,DK,DO,DE,EC,EE,SV,FI,FR,GR,GT,HN,HK,HU,IS,IE,IT,LV,LT,LU,MY,MT,MX,NL,NZ,NI,NO,PA,PY,PE,PH,PL,PT,SG,SK,ES,SE,CH,TW,TR,UY,GB,AD,LI,MC,ID,JP,TH,VN,RO,IL,ZA,SA,AE,BH,QA,OM,KW,EG,MA,DZ,TN,LB,JO,PS,IN,BY,KZ,MD,UA,AL,BA,HR,ME,MK,RS,SI,KR,BD,PK,LK,GH,KE,NG,TZ,UG,AG,AM,BS,BB,BZ,BT,BW,BF,CV,CW,DM,FJ,GM,GE,GD,GW,GY,HT,JM,KI,LS,LR,MW,MV,ML,MH,FM,NA,NR,NE,PW,PG,PR,WS,SM,ST,SN,SC,SL,SB,KN,LC,VC,SR,TL,TO,TT,TV,VU,AZ,BN,BI,KH,CM,TD,KM,GQ,SZ,GA,GN,KG,LA,MO,MR,MN,NP,RW,TG,UZ,ZW,BJ,MG,MU,MZ,AO,CI,DJ,ZM,CD,CG,IQ,LY,TJ,VE,ET,XK",https://i.scdn.co/image/ab67616d0000b2739c887a4b560d95169e88732c,2011-03-07,Selah Sue
59,18pd7kQMiCqyz0001xg4xV,Comeblack,album,15,"AD,BE,CW,DZ,FR,LU,MA,MC,NL,TN",https://i.scdn.co/image/ab67616d0000b27368d4304f8d44563bb692c088,2011-11-04,Scorpions
60,5K3ZT6CPpaPXanq1lKyRuL,Saxobeats,album,13,"AR,AT,BE,BO,BR,BG,CA,CL,CO,CR,CY,CZ,DK,DO,DE,EC,EE,SV,FI,FR,GR,GT,HN,HK,HU,IS,IE,IT,LV,LT,LU,MY,MT,MX,NL,NI,NO,PA,PY,PE,PH,PL,PT,SG,SK,ES,SE,CH,TW,TR,UY,US,GB,AD,LI,MC,ID,TH,VN,RO,IL,ZA,SA,AE,BH,QA,OM,KW,EG,MA,DZ,TN,LB,JO,PS,IN,BY,KZ,MD,UA,AL,BA,HR,ME,MK,RS,SI,KR,BD,PK,LK,GH,KE,NG,TZ,UG,AG,AM,BS,BB,BZ,BT,BW,BF,CV,CW,DM,FJ,GM,GE,GD,GW,GY,HT,JM,KI,LS,LR,MW,MV,ML,MH,FM,NA,NR,NE,PW,PG,WS,SM,ST,SN,SC,SL,SB,KN,LC,VC,SR,TL,TO,TT,TV,VU,AZ,BN,BI,KH,CM,TD,KM,GQ,SZ,GA,GN,KG,LA,MO,MR,MN,NP,RW,TG,UZ,ZW,BJ,MG,MU,MZ,AO,CI,DJ,ZM,CD,CG,IQ,LY,TJ,VE,ET,XK",https://i.scdn.co/image/ab67616d0000b273b787b5b057751c4d5bb5de54,2011-11-16,Alexandra Stan
61,4vQ96yyyYbaeTQujH3iTtd,Comeblack,album,13,"AR,AU,AT,BE,BO,BR,BG,CA,CL,CO,CR,CY,CZ,DK,DO,DE,EC,EE,SV,FI,FR,GR,GT,HN,HK,HU,IS,IE,IT,LV,LT,LU,MY,MT,MX,NL,NZ,NI,NO,PA,PY,PE,PH,PL,PT,SG,SK,ES,SE,CH,TW,TR,UY,US,GB,AD,LI,MC,ID,JP,TH,VN,RO,IL,ZA,SA,AE,BH,QA,OM,KW,EG,MA,DZ,TN,LB,JO,PS,IN,BY,KZ,MD,UA,AL,BA,HR,ME,MK,RS,SI,KR,BD,PK,LK,GH,KE,NG,TZ,UG,AG,AM,BS,BB,BZ,BT,BW,BF,CV,CW,DM,FJ,GM,GE,GD,GW,GY,HT,JM,KI,LS,LR,MW,MV,ML,MH,FM,NA,NR,NE,PW,PG,PR,WS,SM,ST,SN,SC,SL,SB,KN,LC,VC,SR,TL,TO,TT,TV,VU,AZ,BN,BI,KH,CM,TD,KM,GQ,SZ,GA,GN,KG,LA,MO,MR,MN,NP,RW,TG,UZ,ZW,BJ,MG,MU,MZ,AO,CI,DJ,ZM,CD,CG,IQ,LY,TJ,VE,ET,XK",https://i.scdn.co/image/ab67616d0000b2739f2023d391c3bd4acf4d51c6,2011-11-07,Scorpions
62,3sysiYphqNRQw7VKLCg1yE,Love?,album,17,"AR,AU,AT,BE,BO,BR,BG,CA,CL,CO,CR,CY,CZ,DK,DO,DE,EC,EE,SV,FI,FR,GR,GT,HN,HK,HU,IS,IE,IT,LV,LT,LU,MY,MT,MX,NL,NZ,NI,NO,PA,PY,PE,PH,PL,PT,SG,SK,ES,SE,CH,TW,TR,UY,US,GB,AD,LI,MC,ID,JP,TH,VN,RO,IL,ZA,SA,AE,BH,QA,OM,KW,EG,MA,DZ,TN,LB,JO,PS,IN,BY,KZ,MD,UA,AL,BA,HR,ME,MK,RS,SI,KR,BD,PK,LK,GH,KE,NG,TZ,UG,AG,AM,BS,BB,BZ,BT,BW,BF,CV,CW,DM,FJ,GM,GE,GD,GW,GY,HT,JM,KI,LS,LR,MW,MV,ML,MH,FM,NA,NR,NE,PW,PG,WS,SM,ST,SN,SC,SL,SB,KN,LC,VC,SR,TL,TO,TT,TV,VU,AZ,BN,BI,KH,CM,TD,KM,GQ,SZ,GA,GN,KG,LA,MO,MR,MN,NP,RW,TG,UZ,ZW,BJ,MG,MU,MZ,AO,CI,DJ,ZM,CD,CG,IQ,LY,TJ,VE,ET,XK",https://i.scdn.co/image/ab67616d0000b273d7b2aa3834b82b1cbe899a48,2011-04-29,Jennifer Lopez
63,7wnWmoZFoKyloWeNY7yMIW,Touté kalé,album,15,"AR,AU,AT,BE,BO,BR,BG,CA,CL,CO,CR,CY,CZ,DK,DO,DE,EC,EE,SV,FI,FR,GR,GT,HN,HK,HU,IS,IE,IT,LV,LT,LU,MY,MT,MX,NL,NZ,NI,NO,PA,PY,PE,PH,PL,PT,SG,SK,ES,SE,CH,TW,TR,UY,US,GB,AD,LI,MC,ID,JP,TH,VN,RO,IL,ZA,SA,AE,BH,QA,OM,KW,EG,MA,DZ,TN,LB,JO,PS,IN,BY,KZ,MD,UA,AL,BA,HR,ME,MK,RS,SI,KR,BD,PK,LK,GH,KE,NG,TZ,UG,AG,AM,BS,BB,BZ,BT,BW,BF,CV,CW,DM,FJ,GM,GE,GD,GW,GY,HT,JM,KI,LS,LR,MW,MV,ML,MH,FM,NA,NR,NE,PW,PG,PR,WS,SM,ST,SN,SC,SL,SB,KN,LC,VC,SR,TL,TO,TT,TV,VU,AZ,BN,BI,KH,CM,TD,KM,GQ,SZ,GA,GN,KG,LA,MO,MR,MN,NP,RW,TG,UZ,ZW,BJ,MG,MU,MZ,AO,CI,DJ,ZM,CD,CG,IQ,LY,TJ,VE,ET,XK",https://i.scdn.co/image/ab67616d0000b273014e0aff333afc705e70ba39,2011-04-01,Magic System
64,7dOavETswy5TKZBQGDqqu4,Born To Die,album,13,FR,https://i.scdn.co/image/ab67616d0000b2736b850da1e1301dba85b08681,2011-01-01,Lana Del Rey
65,7IG0Oqdhl819Dn3d1YVP8N,Rolling Papers,album,17,FR,https://i.scdn.co/image/ab67616d0000b2730ae17b44cc2c047be7442a33,2011-03-29,Wiz Khalifa
66,26TxmhrQpFeVke1aF0sBnf,La colombe et le corbeau,album,27,"AR,AU,AT,BE,BO,BR,BG,CA,CL,CO,CR,CY,CZ,DK,DO,DE,EC,EE,SV,FI,FR,GR,GT,HN,HK,HU,IS,IE,IT,LV,LT,LU,MY,MT,MX,NL,NZ,NI,NO,PA,PY,PE,PH,PL,PT,SG,SK,ES,SE,CH,TW,TR,UY,US,GB,AD,LI,MC,ID,JP,TH,VN,RO,IL,ZA,SA,AE,BH,QA,OM,KW,EG,MA,DZ,TN,LB,JO,PS,IN,BY,KZ,MD,UA,AL,BA,HR,ME,MK,RS,SI,KR,BD,PK,LK,GH,KE,NG,TZ,UG,AG,AM,BS,BB,BZ,BT,BW,BF,CV,CW,DM,FJ,GM,GE,GD,GW,GY,HT,JM,KI,LS,LR,MW,MV,ML,MH,FM,NA,NR,NE,PW,PG,PR,WS,SM,ST,SN,SC,SL,SB,KN,LC,VC,SR,TL,TO,TT,TV,VU,AZ,BN,BI,KH,CM,TD,KM,GQ,SZ,GA,GN,KG,LA,MO,MR,MN,NP,RW,TG,UZ,ZW,BJ,MG,MU,MZ,AO,CI,DJ,ZM,CD,CG,IQ,LY,TJ,VE,ET,XK",https://i.scdn.co/image/ab67616d0000b273d6aa18e546696fc26fe6f25a,2011-03-16,Soprano
67,5LMfBxAyFy41CavxGAykHR,Coastal Grooves,album,10,"AR,AU,AT,BE,BO,BR,BG,CL,CO,CR,CY,CZ,DK,DO,DE,EC,EE,SV,FI,FR,GR,GT,HN,HK,HU,IS,IE,IT,LV,LT,LU,MY,MT,MX,NL,NZ,NI,NO,PA,PY,PE,PH,PL,PT,SG,SK,ES,SE,CH,TW,TR,UY,GB,AD,LI,MC,ID,JP,TH,VN,RO,ZA,SA,AE,BH,QA,OM,KW,EG,MA,DZ,TN,LB,JO,PS,IN,KZ,MD,UA,AL,BA,HR,ME,MK,RS,SI,KR,BD,PK,LK,GH,KE,NG,TZ,UG,AG,AM,BS,BB,BZ,BT,BW,BF,CV,CW,DM,FJ,GM,GE,GD,GW,GY,HT,JM,KI,LS,LR,MW,MV,ML,MH,FM,NA,NR,NE,PW,PG,PR,WS,SM,ST,SN,SC,SL,SB,KN,LC,VC,SR,TL,TO,TT,TV,VU,AZ,BN,BI,KH,CM,TD,KM,GQ,SZ,GA,GN,KG,LA,MO,MR,MN,NP,RW,TG,UZ,ZW,BJ,MG,MU,MZ,AO,CI,DJ,ZM,CD,CG,IQ,LY,TJ,VE,ET,XK",https://i.scdn.co/image/ab67616d0000b2736e423caed017991e802f8ee1,2011-08-08,Blood Orange
68,4Ndd4o8jA0pcg8kfnBW4Pv,Dans Ma Grotte,album,17,"AR,AU,AT,BE,BO,BR,BG,CA,CL,CO,CR,CY,CZ,DK,DO,DE,EC,EE,SV,FI,FR,GR,GT,HN,HK,HU,IS,IE,IT,LV,LT,LU,MY,MT,MX,NL,NZ,NI,NO,PA,PY,PE,PH,PL,PT,SG,SK,ES,SE,CH,TW,TR,UY,US,GB,AD,LI,MC,ID,JP,TH,VN,RO,IL,ZA,SA,AE,BH,QA,OM,KW,EG,MA,DZ,TN,LB,JO,PS,IN,BY,KZ,MD,UA,AL,BA,HR,ME,MK,RS,SI,KR,BD,PK,LK,GH,KE,NG,TZ,UG,AG,AM,BS,BB,BZ,BT,BW,BF,CV,CW,DM,FJ,GM,GE,GD,GW,GY,HT,JM,KI,LS,LR,MW,MV,ML,MH,FM,NA,NR,NE,PW,PG,PR,WS,SM,ST,SN,SC,SL,SB,KN,LC,VC,SR,TL,TO,TT,TV,VU,AZ,BN,BI,KH,CM,TD,KM,GQ,SZ,GA,GN,KG,LA,MO,MR,MN,NP,RW,TG,UZ,ZW,BJ,MG,MU,MZ,AO,CI,DJ,ZM,CD,CG,IQ,LY,TJ,VE,ET,XK",https://i.scdn.co/image/ab67616d0000b273b4ed88e1d2b4e8bdb74ebc2a,2011-10-28,Mister You
69,6bVwqMtL1AKFzWYrqN1Rrs,Prendre l'air (Deluxe),album,17,"AD,FR,MC",https://i.scdn.co/image/ab67616d0000b273eadca8217c6c2c1a12653b77,2011-11-11,Shy'm
70,6X1x82kppWZmDzlXXK3y3q,Take Care (Deluxe),album,19,"AR,AU,AT,BE,BO,BR,BG,CA,CL,CO,CR,CY,CZ,DK,DO,DE,EC,EE,SV,FI,FR,GR,GT,HN,HK,HU,IS,IE,IT,LV,LT,LU,MY,MT,MX,NL,NZ,NI,NO,PA,PY,PE,PH,PL,PT,SG,SK,ES,SE,CH,TW,TR,UY,US,GB,AD,LI,MC,ID,JP,TH,VN,RO,IL,ZA,SA,AE,BH,QA,OM,KW,EG,MA,DZ,TN,LB,JO,PS,IN,BY,KZ,MD,UA,AL,BA,HR,ME,MK,RS,SI,KR,BD,PK,LK,GH,KE,NG,TZ,UG,AG,AM,BS,BB,BZ,BT,BW,BF,CV,CW,DM,FJ,GM,GE,GD,GW,GY,HT,JM,KI,LS,LR,MW,MV,ML,MH,FM,NA,NR,NE,PW,PG,WS,SM,ST,SN,SC,SL,SB,KN,LC,VC,SR,TL,TO,TT,TV,VU,AZ,BN,BI,KH,CM,TD,KM,GQ,SZ,GA,GN,KG,LA,MO,MR,MN,NP,RW,TG,UZ,ZW,BJ,MG,MU,MZ,AO,CI,DJ,ZM,CD,CG,IQ,LY,TJ,VE,ET,XK",https://i.scdn.co/image/ab67616d0000b273c7ea04a9b455e3f68ef82550,2011-11-15,Drake
71,4UyYaeyTu8hWz8h0FXzGpB,The Hypnoflip Invasion,album,21,"AR,AU,AT,BE,BO,BR,BG,CA,CL,CO,CR,CY,CZ,DK,DO,DE,EC,EE,SV,FI,FR,GR,GT,HN,HK,HU,IS,IE,IT,LV,LT,LU,MY,MT,MX,NL,NZ,NI,NO,PA,PY,PE,PH,PL,PT,SG,SK,ES,SE,CH,TW,TR,UY,US,GB,AD,LI,MC,ID,JP,TH,VN,RO,IL,ZA,SA,AE,BH,QA,OM,KW,EG,MA,DZ,TN,LB,JO,PS,IN,BY,KZ,MD,UA,AL,BA,HR,ME,MK,RS,SI,KR,BD,PK,LK,GH,KE,NG,TZ,UG,AG,AM,BS,BB,BZ,BT,BW,BF,CV,CW,DM,FJ,GM,GE,GD,GW,GY,HT,JM,KI,LS,LR,MW,MV,ML,MH,FM,NA,NR,NE,PW,PG,PR,WS,SM,ST,SN,SC,SL,SB,KN,LC,VC,SR,TL,TO,TT,TV,VU,AZ,BN,BI,KH,CM,TD,KM,GQ,SZ,GA,GN,KG,LA,MO,MR,MN,NP,RW,TG,UZ,ZW,BJ,MG,MU,MZ,AO,CI,DJ,ZM,CD,CG,IQ,LY,TJ,VE,ET,XK",https://i.scdn.co/image/ab67616d0000b2733e906a29b72fa1256f68bc05,2011-02-28,Stupeflip
72,0oFBaXLFsUVa2gEmJf4FcJ,Femme Fatale (Deluxe Version),album,16,"AR,AU,AT,BE,BO,BR,BG,CA,CL,CO,CR,CY,CZ,DK,DO,DE,EC,EE,SV,FI,FR,GR,GT,HN,HK,HU,IS,IE,IT,LV,LT,LU,MY,MT,MX,NL,NZ,NI,NO,PA,PY,PE,PH,PL,PT,SG,SK,ES,SE,CH,TW,TR,UY,US,GB,AD,LI,MC,ID,JP,TH,VN,RO,IL,ZA,SA,AE,BH,QA,OM,KW,EG,MA,DZ,TN,LB,JO,PS,IN,BY,KZ,MD,UA,AL,BA,HR,ME,MK,RS,SI,KR,BD,PK,LK,GH,KE,NG,TZ,UG,AG,AM,BS,BB,BZ,BT,BW,BF,CV,CW,DM,FJ,GM,GE,GD,GW,GY,HT,JM,KI,LS,LR,MW,MV,ML,MH,FM,NA,NR,NE,PW,PG,PR,WS,SM,ST,SN,SC,SL,SB,KN,LC,VC,SR,TL,TO,TT,TV,VU,AZ,BN,BI,KH,CM,TD,KM,GQ,SZ,GA,GN,KG,LA,MO,MR,MN,NP,RW,TG,UZ,ZW,BJ,MG,MU,MZ,AO,CI,DJ,ZM,CD,CG,IQ,LY,TJ,VE,ET,XK",https://i.scdn.co/image/ab67616d0000b273fda0f2adec40250bea55101b,2011-03-28,Britney Spears
73,2mumCpGmuE9iDeOvMx6XrB,The Papercut Chronicles II,album,11,"AR,AU,AT,BE,BO,BR,BG,CA,CL,CO,CR,CY,CZ,DK,DO,DE,EC,EE,SV,FI,FR,GR,GT,HN,HK,HU,IS,IE,IT,LV,LT,LU,MY,MT,MX,NL,NZ,NI,NO,PA,PY,PE,PH,PL,PT,SG,SK,ES,SE,CH,TW,TR,UY,US,GB,AD,LI,MC,ID,JP,TH,VN,RO,IL,ZA,SA,AE,BH,QA,OM,KW,EG,MA,DZ,TN,LB,JO,PS,IN,BY,KZ,MD,UA,AL,BA,HR,ME,MK,RS,SI,KR,BD,PK,LK,GH,KE,NG,TZ,UG,AG,AM,BS,BB,BZ,BT,BW,BF,CV,CW,DM,FJ,GM,GE,GD,GW,GY,HT,JM,KI,LS,LR,MW,MV,ML,MH,FM,NA,NR,NE,PW,PG,PR,WS,SM,ST,SN,SC,SL,SB,KN,LC,VC,SR,TL,TO,TT,TV,VU,AZ,BN,BI,KH,CM,TD,KM,GQ,SZ,GA,GN,KG,LA,MO,MR,MN,NP,RW,TG,UZ,ZW,BJ,MG,MU,MZ,AO,CI,DJ,ZM,CD,CG,IQ,LY,TJ,VE,ET,XK",https://i.scdn.co/image/ab67616d0000b27318b8088fe0c3dbf78398b55a,2011-11-11,Gym Class Heroes
74,19J2iqK89BCrNG4El2FRi5,Ceremonials (Original Deluxe Version),album,24,"AR,AU,AT,BE,BO,BR,BG,CL,CO,CR,CY,CZ,DK,DO,DE,EC,EE,SV,FI,FR,GR,GT,HN,HK,HU,IS,IE,IT,LV,LT,LU,MY,MT,NL,NZ,NI,NO,PA,PY,PE,PH,PL,PT,SG,SK,ES,SE,CH,TW,TR,UY,GB,AD,LI,MC,ID,JP,TH,VN,RO,IL,ZA,SA,AE,BH,QA,OM,KW,EG,MA,DZ,TN,LB,JO,PS,IN,BY,KZ,MD,UA,AL,BA,HR,ME,MK,RS,SI,KR,BD,PK,LK,GH,KE,NG,TZ,UG,AG,AM,BS,BB,BZ,BT,BW,BF,CV,CW,DM,FJ,GM,GE,GD,GW,GY,HT,JM,KI,LS,LR,MW,MV,ML,MH,FM,NA,NR,NE,PW,PG,WS,SM,ST,SN,SC,SL,SB,KN,LC,VC,SR,TL,TO,TT,TV,VU,AZ,BN,BI,KH,CM,TD,KM,GQ,SZ,GA,GN,KG,LA,MO,MR,MN,NP,RW,TG,UZ,ZW,BJ,MG,MU,MZ,AO,CI,DJ,ZM,CD,CG,IQ,LY,TJ,VE,ET,XK",https://i.scdn.co/image/ab67616d0000b2736a8c1075f751a78e0b7799c7,2011-01-01,Florence + The Machine
75,3sGzkurA1fvEFqh73sWCVA,Birdy (Deluxe Version),album,14,"AR,AT,BE,BO,BR,BG,CL,CO,CR,CY,CZ,DK,DO,DE,EC,EE,SV,FR,GR,GT,HN,HK,HU,IE,LV,LT,LU,MY,MT,MX,NL,NZ,NI,PA,PY,PE,PH,PL,PT,SG,SK,ES,CH,TW,UY,US,AD,LI,MC,ID,JP,TH,VN,RO,ZA,SA,AE,BH,QA,OM,KW,EG,MA,DZ,TN,LB,JO,IN,BY,KZ,MD,UA,AL,BA,HR,ME,MK,RS,SI,KR,LK,GH,KE,NG,TZ,UG,AG,AM,BS,BB,BZ,BW,BF,CV,CW,DM,FJ,GM,GD,GW,HT,JM,LS,LR,MW,MV,ML,FM,NA,NE,PG,PR,SM,ST,SN,SC,SL,KN,LC,VC,TL,TT,AZ,BN,BI,KH,CM,TD,KM,GQ,SZ,GA,GN,KG,LA,MO,MR,MN,NP,RW,TG,UZ,ZW,BJ,MG,MU,MZ,AO,CI,DJ,ZM,CD,CG,IQ,LY,TJ,VE,ET,XK",https://i.scdn.co/image/ab67616d0000b273770cdccd02bdb90b506531f1,2011-11-04,Birdy
76,2YL3ddwHuiBGumvzcGHyjT,Tha Carter IV (Explicit Version),album,15,"AR,AU,AT,BE,BO,BR,BG,CA,CL,CO,CR,CY,CZ,DK,DO,DE,EC,EE,SV,FI,FR,GR,GT,HN,HK,HU,IS,IE,IT,LV,LT,LU,MY,MT,NL,NZ,NI,NO,PA,PY,PE,PH,PL,PT,SG,SK,ES,CH,TW,TR,UY,GB,AD,LI,MC,ID,TH,VN,RO,IL,ZA,SA,AE,BH,QA,OM,KW,EG,MA,DZ,TN,LB,JO,PS,IN,BY,KZ,MD,UA,AL,BA,HR,ME,MK,RS,SI,KR,BD,PK,LK,GH,KE,NG,TZ,UG,AG,AM,BS,BB,BZ,BT,BW,BF,CV,CW,DM,FJ,GM,GE,GD,GW,GY,HT,JM,KI,LS,LR,MW,MV,ML,MH,FM,NA,NR,NE,PW,PG,WS,SM,ST,SN,SC,SL,SB,KN,LC,VC,SR,TL,TO,TT,TV,VU,AZ,BN,BI,KH,CM,TD,KM,GQ,SZ,GA,GN,KG,LA,MO,MR,MN,NP,RW,TG,UZ,ZW,BJ,MG,MU,MZ,AO,CI,DJ,ZM,CD,CG,IQ,LY,TJ,VE,ET,XK",https://i.scdn.co/image/ab67616d0000b273e521b35f461062a93d1a8d1a,2011-01-01,Lil Wayne
77,2RjQX4G3QhwftFwsmRNHWB,"Street Tape, Vol. 2",album,11,"AR,AU,AT,BE,BO,BR,BG,CA,CL,CO,CR,CY,CZ,DK,DO,DE,EC,EE,SV,FI,FR,GR,GT,HN,HK,HU,IS,IE,IT,LV,LT,LU,MY,MT,MX,NL,NZ,NI,NO,PA,PY,PE,PH,PL,PT,SG,SK,ES,SE,CH,TW,TR,UY,US,GB,AD,LI,MC,ID,JP,TH,VN,RO,IL,ZA,SA,AE,BH,QA,OM,KW,EG,MA,DZ,TN,LB,JO,PS,IN,BY,KZ,MD,UA,AL,BA,HR,ME,MK,RS,SI,KR,BD,PK,LK,GH,KE,NG,TZ,UG,AG,AM,BS,BB,BZ,BT,BW,BF,CV,CW,DM,FJ,GM,GE,GD,GW,GY,HT,JM,KI,LS,LR,MW,MV,ML,MH,FM,NA,NR,NE,PW,PG,PR,WS,SM,ST,SN,SC,SL,SB,KN,LC,VC,SR,TL,TO,TT,TV,VU,AZ,BN,BI,KH,CM,TD,KM,GQ,SZ,GA,GN,KG,LA,MO,MR,MN,NP,RW,TG,UZ,ZW,BJ,MG,MU,MZ,AO,CI,DJ,ZM,CD,CG,IQ,LY,TJ,VE,ET,XK",https://i.scdn.co/image/ab67616d0000b27393f9bd918f42850d84d3ffa8,2011-02-28,Taïro
78,15yvc643iYfQtb6zh9NEJo,a thousand years,single,1,"AR,AU,AT,BE,BO,BR,BG,CA,CL,CO,CR,CY,CZ,DK,DO,DE,EC,EE,SV,FI,FR,GR,GT,HN,HK,HU,IS,IE,IT,LV,LT,LU,MY,MT,MX,NL,NZ,NI,NO,PA,PY,PE,PH,PL,PT,SG,SK,ES,SE,CH,TW,TR,UY,US,GB,AD,LI,MC,ID,JP,TH,VN,RO,IL,ZA,SA,AE,BH,QA,OM,KW,EG,MA,DZ,TN,LB,JO,PS,IN,BY,KZ,MD,UA,AL,BA,HR,ME,MK,RS,SI,KR,BD,PK,LK,GH,KE,NG,TZ,UG,AG,AM,BS,BB,BZ,BT,BW,BF,CV,CW,DM,FJ,GM,GE,GD,GW,GY,HT,JM,KI,LS,LR,MW,MV,ML,MH,FM,NA,NR,NE,PW,PG,PR,WS,SM,ST,SN,SC,SL,SB,KN,LC,VC,SR,TL,TO,TT,TV,VU,AZ,BN,BI,KH,CM,TD,KM,GQ,SZ,GA,GN,KG,LA,MO,MR,MN,NP,RW,TG,UZ,ZW,BJ,MG,MU,MZ,AO,CI,DJ,ZM,CD,CG,IQ,LY,TJ,VE,ET,XK",https://i.scdn.co/image/ab67616d0000b2733dea4a2ccd58ad1f8e4dbb03,2011-10-18,Christina Perri
79,0OcMap99vLEeGkBCfCwRwS,Watch The Throne,album,12,"AR,AU,AT,BE,BO,BR,BG,CA,CL,CO,CR,CY,CZ,DK,DO,DE,EC,EE,SV,FI,FR,GR,GT,HN,HK,HU,IS,IE,IT,LV,LT,LU,MY,MT,MX,NL,NZ,NI,NO,PA,PY,PE,PH,PL,PT,SG,SK,ES,SE,CH,TW,TR,UY,US,GB,AD,LI,MC,ID,JP,TH,VN,RO,IL,ZA,SA,AE,BH,QA,OM,KW,EG,MA,DZ,TN,LB,JO,PS,IN,BY,KZ,MD,UA,AL,BA,HR,ME,MK,RS,SI,KR,BD,PK,LK,GH,KE,NG,TZ,UG,AG,AM,BS,BB,BZ,BT,BW,BF,CV,CW,DM,FJ,GM,GE,GD,GW,GY,HT,JM,KI,LS,LR,MW,MV,ML,MH,FM,NA,NR,NE,PW,PG,WS,SM,ST,SN,SC,SL,SB,KN,LC,VC,SR,TL,TO,TT,TV,VU,AZ,BN,BI,KH,CM,TD,KM,GQ,SZ,GA,GN,KG,LA,MO,MR,MN,NP,RW,TG,UZ,ZW,BJ,MG,MU,MZ,AO,CI,DJ,ZM,CD,CG,IQ,LY,TJ,VE,ET,XK",https://i.scdn.co/image/ab67616d0000b27352e61456aa4995ba48d94e30,2011-08-08,"JAY-Z, Kanye West"
80,49yHvRh1cOfLcEKukEP7Ox,When The Sun Goes Down,album,12,"AR,AU,AT,BE,BO,BR,BG,CA,CL,CO,CR,CY,CZ,DK,DO,DE,EC,EE,SV,FI,FR,GR,GT,HN,HK,HU,IS,IE,IT,LV,LT,LU,MY,MT,MX,NL,NZ,NI,NO,PA,PY,PE,PH,PL,PT,SG,SK,ES,SE,CH,TW,TR,UY,US,GB,AD,LI,MC,ID,JP,TH,VN,RO,IL,ZA,SA,AE,BH,QA,OM,KW,EG,MA,DZ,TN,LB,JO,PS,IN,KZ,MD,UA,AL,BA,HR,ME,MK,RS,SI,KR,BD,PK,LK,GH,KE,NG,TZ,UG,AG,AM,BS,BB,BZ,BT,BW,BF,CV,CW,DM,FJ,GM,GE,GD,GW,GY,HT,JM,KI,LS,LR,MW,MV,ML,MH,FM,NA,NR,NE,PW,PG,WS,SM,ST,SN,SC,SL,SB,KN,LC,VC,SR,TL,TO,TT,TV,VU,AZ,BN,BI,KH,CM,TD,KM,GQ,SZ,GA,GN,KG,LA,MO,MR,MN,NP,RW,TG,UZ,ZW,BJ,MG,MU,MZ,AO,CI,DJ,ZM,CD,CG,IQ,LY,TJ,VE,ET,XK",https://i.scdn.co/image/ab67616d0000b2731c8193de8d62b2ffa49a09db,2011-01-01,Selena Gomez & The Scene
81,2R7iJz5uaHjLEVnMkloO18,Mylo Xyloto,album,14,"AR,AU,AT,BE,BO,BR,BG,CA,CL,CO,CR,CY,CZ,DK,DO,DE,EC,EE,SV,FI,FR,GR,GT,HN,HK,HU,IS,IE,IT,LV,LT,LU,MY,MT,MX,NL,NZ,NI,NO,PA,PY,PE,PH,PL,PT,SG,SK,ES,SE,CH,TW,TR,UY,US,GB,AD,LI,MC,ID,TH,VN,RO,IL,ZA,SA,AE,BH,QA,OM,KW,EG,MA,DZ,TN,LB,JO,IN,BY,KZ,MD,UA,AL,BA,HR,ME,MK,RS,SI,KR,BD,PK,LK,GH,KE,NG,TZ,UG,AG,AM,BS,BB,BZ,BT,BW,BF,CV,CW,DM,FJ,GM,GE,GD,GW,GY,HT,JM,KI,LS,LR,MW,MV,ML,MH,FM,NA,NR,NE,PW,PG,PR,WS,SM,ST,SN,SC,SL,SB,KN,LC,VC,SR,TL,TO,TT,TV,VU,AZ,BN,BI,KH,CM,TD,KM,GQ,SZ,GA,GN,KG,LA,MO,MR,MN,NP,RW,TG,UZ,ZW,BJ,MG,MU,MZ,AO,CI,DJ,ZM,CD,CG,IQ,LY,TJ,VE,ET,XK",https://i.scdn.co/image/ab67616d0000b273de0cd11d7b31c3bd1fd5983d,2011-10-24,Coldplay
82,7pg7HN5tgu1X7Fz6CINecc,"Les Chroniques Du 75, En Attendant L'Apogée",album,20,"AR,AU,AT,BE,BO,BR,BG,CA,CL,CO,CR,CY,CZ,DK,DO,DE,EC,EE,SV,FI,FR,GR,GT,HN,HK,HU,IS,IE,IT,LV,LT,LU,MY,MT,MX,NL,NZ,NI,NO,PA,PY,PE,PH,PL,PT,SG,SK,ES,SE,CH,TW,TR,UY,US,GB,AD,LI,MC,ID,JP,TH,VN,RO,IL,ZA,SA,AE,BH,QA,OM,KW,EG,MA,DZ,TN,LB,JO,PS,IN,BY,KZ,MD,UA,AL,BA,HR,ME,MK,RS,SI,KR,BD,PK,LK,GH,KE,NG,TZ,UG,AG,AM,BS,BB,BZ,BT,BW,BF,CV,CW,DM,FJ,GM,GE,GD,GW,GY,HT,JM,KI,LS,LR,MW,MV,ML,MH,FM,NA,NR,NE,PW,PG,PR,WS,SM,ST,SN,SC,SL,SB,KN,LC,VC,SR,TL,TO,TT,TV,VU,AZ,BN,BI,KH,CM,TD,KM,GQ,SZ,GA,GN,KG,LA,MO,MR,MN,NP,RW,TG,UZ,ZW,BJ,MG,MU,MZ,AO,CI,DJ,ZM,CD,CG,IQ,LY,TJ,VE,ET,XK",https://i.scdn.co/image/ab67616d0000b273bf8b8e846aea2b70bd63eeac,2011-04-04,Sexion d'Assaut
83,01MRGgNbfWrE291tQjw9ta,Camp,album,13,"AR,AU,AT,BE,BO,BR,BG,CA,CL,CO,CR,CY,CZ,DK,DO,DE,EC,EE,SV,FI,FR,GR,GT,HN,HK,HU,IS,IE,IT,LV,LT,LU,MY,MT,MX,NL,NZ,NI,NO,PA,PY,PE,PH,PL,PT,SG,SK,ES,SE,CH,TW,TR,UY,US,GB,AD,LI,MC,ID,JP,TH,VN,RO,IL,ZA,SA,AE,BH,QA,OM,KW,EG,MA,DZ,TN,LB,JO,PS,IN,BY,KZ,MD,UA,AL,BA,HR,ME,MK,RS,SI,KR,BD,PK,LK,GH,KE,NG,TZ,UG,AG,AM,BS,BB,BZ,BT,BW,BF,CV,CW,DM,FJ,GM,GE,GD,GW,GY,HT,JM,KI,LS,LR,MW,MV,ML,MH,FM,NA,NR,NE,PW,PG,PR,WS,SM,ST,SN,SC,SL,SB,KN,LC,VC,SR,TL,TO,TT,TV,VU,AZ,BN,BI,KH,CM,TD,KM,GQ,SZ,GA,GN,KG,LA,MO,MR,MN,NP,RW,TG,UZ,ZW,BJ,MG,MU,MZ,AO,CI,DJ,ZM,CD,CG,IQ,LY,TJ,VE,ET,XK",https://i.scdn.co/image/ab67616d0000b2736182cfe2e2a090d125c81dc0,2011-11-15,Childish Gambino
84,0D49RvtlLCKyxeDKDnBU2R,Sorry For Party Rocking,album,16,"AR,AU,AT,BE,BO,BR,BG,CL,CO,CR,CY,CZ,DK,DO,DE,EC,EE,SV,FI,FR,GR,GT,HN,HK,HU,IS,IT,LV,LT,LU,MY,MT,MX,NL,NZ,NI,NO,PA,PY,PE,PH,PL,PT,SG,SK,ES,SE,CH,TW,TR,UY,AD,LI,MC,ID,TH,VN,RO,IL,ZA,SA,AE,BH,QA,OM,KW,EG,MA,DZ,TN,LB,JO,PS,IN,BY,KZ,MD,UA,AL,BA,HR,ME,MK,RS,SI,KR,BD,PK,LK,GH,KE,NG,TZ,UG,AG,AM,BS,BB,BZ,BT,BW,BF,CV,CW,DM,FJ,GM,GD,GW,GY,HT,JM,KI,LS,LR,MW,MV,ML,MH,FM,NA,NR,NE,PW,PG,WS,ST,SN,SC,SL,SB,KN,LC,VC,SR,TL,TO,TT,TV,AZ,BN,BI,KH,CM,TD,KM,GQ,SZ,GA,GN,KG,LA,MO,MR,MN,NP,RW,TG,UZ,ZW,BJ,MG,MU,MZ,AO,CI,DJ,ZM,CD,CG,IQ,LY,TJ,VE,XK",https://i.scdn.co/image/ab67616d0000b2731db908d5f66645cb158837ca,2011-01-01,LMFAO
85,0BZbTNqpXFg6lxNv78X7Lp,Who You Are (Platinum Edition),album,16,"AR,AU,AT,BE,BO,BR,BG,CL,CO,CR,CY,CZ,DK,DO,DE,EC,EE,SV,FI,FR,GR,GT,HN,HK,HU,IS,IE,IT,LV,LT,LU,MY,MT,MX,NL,NZ,NI,NO,PA,PY,PE,PH,PL,PT,SG,SK,ES,SE,CH,TW,TR,UY,GB,AD,LI,MC,ID,TH,VN,RO,IL,ZA,SA,AE,BH,QA,OM,KW,EG,MA,DZ,TN,LB,JO,IN,BY,KZ,MD,UA,AL,BA,HR,ME,MK,RS,SI,KR,BD,PK,LK,GH,KE,NG,TZ,UG,AG,AM,BS,BB,BZ,BT,BW,BF,CV,CW,DM,FJ,GM,GE,GD,GW,GY,HT,JM,KI,LS,LR,MW,MV,ML,MH,FM,NA,NR,NE,PW,PG,WS,SM,ST,SN,SC,SL,SB,KN,LC,VC,SR,TL,TO,TT,TV,VU,AZ,BN,BI,KH,CM,TD,KM,GQ,SZ,GA,GN,KG,LA,MO,MR,MN,NP,RW,TG,UZ,ZW,BJ,MG,MU,MZ,AO,CI,DJ,ZM,CD,CG,IQ,LY,TJ,VE,ET,XK",https://i.scdn.co/image/ab67616d0000b2737805aebd5a39023d553ada3a,2011-01-01,Jessie J
86,2eEnzl61veDi3zQylslIap,Wounded Rhymes,album,11,"BE,CW,FR,KR,LU,NL",https://i.scdn.co/image/ab67616d0000b2733526a120761b8ff11389f1ec,2011,Lykke Li
87,23luxIpIFkrhgU9rcqM2HC,Au rapport (Édition Collector),album,21,"AR,AU,AT,BO,BR,BG,CA,CL,CO,CR,CY,CZ,DK,DO,EC,EE,SV,FI,FR,GR,GT,HN,HK,HU,IS,IE,IT,LV,LT,MY,MT,NZ,NI,NO,PA,PY,PE,PH,PL,PT,SG,SK,ES,SE,CH,TW,TR,UY,GB,AD,LI,MC,ID,JP,TH,VN,RO,IL,ZA,SA,AE,BH,QA,OM,KW,EG,MA,DZ,TN,LB,JO,PS,BY,KZ,MD,UA,AL,BA,HR,MK,SI,KR,BD,PK,LK,GH,KE,NG,TZ,UG,AG,AM,BS,BB,BZ,BT,BW,BF,CV,CW,DM,FJ,GM,GE,GD,GW,GY,HT,JM,KI,LS,LR,MW,MV,ML,MH,FM,NA,NR,NE,PW,PG,PR,WS,SM,ST,SN,SC,SL,SB,KN,LC,VC,SR,TL,TO,TT,TV,VU,AZ,BN,BI,KH,CM,TD,KM,GQ,SZ,GA,GN,KG,LA,MO,MR,MN,NP,RW,TG,UZ,ZW,BJ,MG,MU,MZ,AO,CI,DJ,ZM,CD,CG,IQ,LY,TJ,VE,ET",https://i.scdn.co/image/ab67616d0000b2739a1f1215b30e91bbf842a1e6,2011,Colonel Reyel
88,4G2rJNhsKOE6iHgtUqZ0Ye,Making Mirrors,album,12,"AR,BO,BR,BG,CL,CO,CR,CY,CZ,DO,EC,EE,SV,FI,FR,GR,GT,HN,HK,HU,IS,IE,IT,LV,LT,MY,MT,MX,NI,NO,PA,PY,PE,PH,PL,PT,SG,SK,ES,TW,TR,UY,GB,AD,LI,MC,ID,TH,VN,RO,IL,ZA,SA,AE,BH,QA,OM,KW,EG,DZ,TN,LB,JO,PS,IN,BY,KZ,MD,UA,AL,BA,HR,ME,MK,RS,SI,KR,BD,PK,LK,GH,KE,NG,TZ,UG,AG,AM,BS,BB,BZ,BT,BW,BF,CV,DM,FJ,GM,GD,GW,GY,HT,JM,KI,LS,LR,MW,ML,MH,FM,NA,NR,NE,PW,PG,WS,ST,SN,SC,SL,SB,KN,LC,VC,SR,TL,TO,TT,TV,AZ,BN,BI,KH,CM,TD,KM,GQ,SZ,GA,GN,KG,MO,MR,MN,NP,RW,TG,UZ,ZW,BJ,MG,MU,MZ,AO,CI,DJ,ZM,CD,CG,TJ,VE,ET,XK",https://i.scdn.co/image/ab67616d0000b2738ac5768205ad97df3f4f4c0e,2011-01-01,Gotye
89,6LY3AerY6KNGOPsNPL63Kk,Born This Way (International Special Edition Version),album,23,"AR,AU,AT,BE,BO,BR,BG,CL,CO,CR,CY,CZ,DK,DO,DE,EC,EE,SV,FI,FR,GR,GT,HN,HK,HU,IS,IE,IT,LV,LT,LU,MY,MT,MX,NL,NZ,NI,NO,PA,PY,PE,PH,PL,PT,SG,SK,ES,SE,CH,TW,TR,UY,GB,AD,LI,MC,ID,TH,VN,RO,IL,ZA,SA,AE,BH,QA,OM,KW,EG,MA,DZ,TN,LB,JO,PS,IN,BY,KZ,MD,UA,AL,BA,HR,ME,MK,RS,SI,KR,BD,PK,LK,GH,KE,NG,TZ,UG,AG,AM,BS,BB,BZ,BT,BW,BF,CV,CW,DM,FJ,GM,GD,GW,GY,HT,JM,KI,LS,LR,MW,MV,ML,MH,FM,NA,NR,NE,PW,PG,WS,ST,SN,SC,SL,SB,KN,LC,VC,SR,TL,TO,TT,TV,AZ,BN,BI,KH,CM,TD,KM,GQ,SZ,GA,GN,KG,LA,MO,MR,MN,NP,RW,TG,UZ,ZW,BJ,MG,MU,MZ,AO,CI,DJ,ZM,CD,CG,IQ,LY,TJ,VE,XK",https://i.scdn.co/image/ab67616d0000b273a5d31644260279be8d0c46c0,2011-05-23,Lady Gaga
90,7zCODUHkfuRxsUjtuzNqbd,House Of Balloons (Original),album,9,"AR,AU,AT,BE,BO,BR,BG,CA,CL,CO,CR,CY,CZ,DK,DO,DE,EC,EE,SV,FI,FR,GR,GT,HN,HK,HU,IS,IE,IT,LV,LT,LU,MY,MT,MX,NL,NZ,NI,NO,PA,PY,PE,PH,PL,PT,SG,SK,ES,SE,CH,TW,TR,UY,US,GB,AD,LI,MC,ID,JP,TH,VN,RO,IL,ZA,SA,AE,BH,QA,OM,KW,EG,MA,DZ,TN,LB,JO,PS,IN,BY,KZ,MD,UA,AL,BA,HR,ME,MK,RS,SI,KR,BD,PK,LK,GH,KE,NG,TZ,UG,AG,AM,BS,BB,BZ,BT,BW,BF,CV,CW,DM,FJ,GM,GE,GD,GW,GY,HT,JM,KI,LS,LR,MW,MV,ML,MH,FM,NA,NR,NE,PW,PG,WS,SM,ST,SN,SC,SL,SB,KN,LC,VC,SR,TL,TO,TT,TV,VU,AZ,BN,BI,KH,CM,TD,KM,GQ,SZ,GA,GN,KG,LA,MO,MR,MN,NP,RW,TG,UZ,ZW,BJ,MG,MU,MZ,AO,CI,DJ,ZM,CD,CG,IQ,LY,TJ,VE,ET,XK",https://i.scdn.co/image/ab67616d0000b273274b406a7e18acebcf743079,2011-03-21,The Weeknd
91,4A0vJtV9ok7vmr9ursSKj8,It Will Rain,single,1,"AR,AU,AT,BE,BO,BR,BG,CL,CO,CR,CY,CZ,DK,DO,DE,EC,EE,SV,FI,FR,GR,GT,HN,HK,HU,IS,IE,IT,LV,LT,LU,MY,MT,NL,NZ,NI,NO,PA,PY,PE,PH,PL,PT,SG,SK,ES,SE,CH,TW,TR,UY,GB,AD,LI,MC,ID,JP,TH,VN,RO,IL,ZA,SA,AE,BH,QA,OM,KW,EG,MA,DZ,TN,LB,JO,PS,IN,BY,KZ,MD,UA,AL,BA,HR,ME,MK,RS,SI,KR,BD,PK,LK,GH,KE,NG,TZ,UG,AG,AM,BS,BB,BZ,BT,BW,BF,CV,CW,DM,FJ,GM,GE,GD,GW,GY,HT,JM,KI,LS,LR,MW,MV,ML,MH,FM,NA,NR,NE,PW,PG,PR,WS,SM,ST,SN,SC,SL,SB,KN,LC,VC,SR,TL,TO,TT,TV,VU,AZ,BN,BI,KH,CM,TD,KM,GQ,SZ,GA,GN,KG,LA,MO,MR,MN,NP,RW,TG,UZ,ZW,BJ,MG,MU,MZ,AO,CI,DJ,ZM,CD,CG,IQ,LY,TJ,VE,ET,XK",https://i.scdn.co/image/ab67616d0000b273dec2e6bae5062b94fc4eeb84,2011-09-28,Bruno Mars
92,1oFbpb8ynzEKH17ZIZGmYK,The Geeks and the Jerkin' Socks,album,12,"AR,AU,BE,BO,BR,BG,CA,CL,CO,CR,CY,CZ,DK,DO,EC,EE,SV,FI,FR,GR,GT,HN,HK,HU,IS,IE,IT,LV,LT,LU,MY,MT,MX,NL,NZ,NI,NO,PA,PY,PE,PH,PL,PT,SG,SK,ES,SE,TW,TR,UY,US,GB,AD,LI,MC,ID,JP,TH,VN,RO,IL,ZA,SA,AE,BH,QA,OM,KW,EG,MA,DZ,TN,JO,PS,IN,BY,KZ,MD,UA,AL,BA,HR,MK,SI,KR,BD,PK,LK,GH,KE,NG,TZ,UG,AG,AM,BS,BB,BZ,BT,BW,BF,CV,CW,DM,FJ,GM,GE,GD,GW,GY,HT,JM,KI,LS,LR,MW,MV,ML,MH,FM,NA,NR,NE,PW,PG,PR,WS,SM,ST,SN,SC,SL,SB,KN,LC,VC,SR,TL,TO,TT,TV,VU,AZ,BN,BI,KH,CM,TD,KM,GQ,SZ,GA,GN,KG,LA,MO,MR,MN,NP,RW,TG,UZ,ZW,BJ,MG,MU,MZ,AO,CI,DJ,ZM,CD,CG,LY,TJ,VE,ET",https://i.scdn.co/image/ab67616d0000b273ca679b02fa2cae0756cf9a31,2011-06-06,Shaka Ponk
93,0NhgwNb57nLRJsL9G4NSpY,Le Chant des sirènes,album,16,"AR,AU,AT,BE,BO,BR,BG,CA,CL,CO,CR,CY,CZ,DK,DO,DE,EC,EE,SV,FI,FR,GR,GT,HN,HK,HU,IS,IE,IT,LV,LT,LU,MY,MT,MX,NL,NZ,NI,NO,PA,PY,PE,PH,PL,PT,SG,SK,ES,SE,CH,TW,TR,UY,US,GB,AD,LI,MC,ID,JP,TH,VN,RO,IL,ZA,SA,AE,BH,QA,OM,KW,EG,MA,DZ,TN,LB,JO,PS,IN,BY,KZ,MD,UA,AL,BA,HR,ME,MK,RS,SI,KR,BD,PK,LK,GH,KE,NG,TZ,UG,AG,AM,BS,BB,BZ,BT,BW,BF,CV,CW,DM,FJ,GM,GE,GD,GW,GY,HT,JM,KI,LS,LR,MW,MV,ML,MH,FM,NA,NR,NE,PW,PG,PR,WS,SM,ST,SN,SC,SL,SB,KN,LC,VC,SR,TL,TO,TT,TV,VU,AZ,BN,BI,KH,CM,TD,KM,GQ,SZ,GA,GN,KG,LA,MO,MR,MN,NP,RW,TG,UZ,ZW,BJ,MG,MU,MZ,AO,CI,DJ,ZM,CD,CG,IQ,LY,TJ,VE,ET,XK",https://i.scdn.co/image/ab67616d0000b27308c348d65e72ef5b47f1942b,2011-09-26,Orelsan
94,0xLiUhw4KfSUUX6MC0VI0J,Le Roi Lion (Deluxe Collection - Lion King),compilation,31,"BE,CH,CW,FR,LU,NL",https://i.scdn.co/image/ab67616d0000b27363ac0074287567ea482bd683,2011-08-19,Various Artists
95,6EB14IXV5oyOiItGBv7mtG,"Hurry up, We're Dreaming",album,22,"AR,AU,AT,BE,BO,BR,BG,CL,CO,CR,CY,CZ,DK,DO,DE,EC,EE,SV,FI,FR,GR,GT,HN,HK,HU,IS,IE,IT,LV,LT,LU,MY,MT,MX,NL,NZ,NI,NO,PA,PY,PE,PH,PL,PT,SG,SK,ES,SE,CH,TW,TR,UY,GB,AD,LI,MC,ID,JP,TH,VN,RO,IL,ZA,SA,AE,BH,QA,OM,KW,EG,MA,DZ,TN,JO,PS,IN,BY,KZ,MD,UA,AL,BA,HR,ME,MK,RS,SI,KR,BD,PK,LK,GH,KE,NG,TZ,UG,AG,AM,BS,BB,BZ,BT,BW,BF,CV,CW,DM,FJ,GM,GE,GD,GW,GY,HT,JM,KI,LS,LR,MW,MV,ML,MH,FM,NA,NR,NE,PW,PG,WS,SM,ST,SN,SC,SL,SB,KN,LC,VC,SR,TL,TO,TT,TV,VU,AZ,BN,BI,KH,CM,TD,KM,GQ,SZ,GA,GN,KG,LA,MO,MR,MN,NP,RW,TG,UZ,ZW,BJ,MG,MU,MZ,AO,CI,DJ,ZM,CD,CG,LY,TJ,VE,ET,XK",https://i.scdn.co/image/ab67616d0000b27362100064780b1d919a95fcf4,2011-10-17,M83
96,4rG0MhkU6UojACJxkMHIXB,Planet Pit (Deluxe Version),album,16,"AR,AU,AT,BE,BO,BR,BG,CA,CL,CO,CR,CY,CZ,DK,DO,DE,EC,EE,SV,FI,FR,GR,GT,HN,HK,HU,IS,IE,IT,LV,LT,LU,MY,MT,MX,NL,NZ,NI,NO,PA,PY,PE,PH,PL,PT,SG,SK,ES,SE,CH,TW,TR,UY,US,GB,AD,LI,MC,ID,JP,TH,VN,RO,IL,ZA,SA,AE,BH,QA,OM,KW,EG,MA,DZ,TN,LB,JO,PS,IN,BY,KZ,MD,UA,AL,BA,HR,ME,MK,RS,SI,KR,BD,PK,LK,GH,KE,NG,TZ,UG,AG,AM,BS,BB,BZ,BT,BW,BF,CV,CW,DM,FJ,GM,GE,GD,GW,GY,HT,JM,KI,LS,LR,MW,MV,ML,MH,FM,NA,NR,NE,PW,PG,PR,WS,SM,ST,SN,SC,SL,SB,KN,LC,VC,SR,TL,TO,TT,TV,VU,AZ,BN,BI,KH,CM,TD,KM,GQ,SZ,GA,GN,KG,LA,MO,MR,MN,NP,RW,TG,UZ,ZW,BJ,MG,MU,MZ,AO,CI,DJ,ZM,CD,CG,IQ,LY,TJ,VE,ET,XK",https://i.scdn.co/image/ab67616d0000b2731dc7483a9fcfce54822a2f19,2011-06-17,Pitbull
97,5duyQokC4FMcWPYTV9Gpf9,21,album,11,"AU,AT,BE,BG,CA,CY,CZ,DK,DE,EE,FI,FR,GR,HK,HU,IS,IE,IT,LV,LT,LU,MY,MT,NL,NZ,NO,PH,PL,PT,SG,SK,ES,SE,CH,TW,TR,GB,AD,LI,MC,ID,JP,TH,VN,RO,IL,ZA,SA,AE,BH,QA,OM,KW,EG,MA,DZ,TN,LB,JO,PS,IN,BY,KZ,MD,UA,AL,BA,HR,ME,MK,RS,SI,KR,BD,PK,LK,GH,KE,NG,TZ,UG,AG,AM,BS,BB,BT,BW,BF,CV,CW,DM,FJ,GM,GE,GD,GW,HT,JM,KI,LS,LR,MW,MV,ML,MH,FM,NA,NR,NE,PW,PG,WS,SM,ST,SN,SC,SL,SB,KN,LC,VC,TL,TO,TT,TV,VU,AZ,BN,BI,KH,CM,TD,KM,GQ,SZ,GA,GN,KG,LA,MO,MR,MN,NP,RW,TG,UZ,ZW,BJ,MG,MU,MZ,AO,CI,DJ,ZM,CD,CG,IQ,LY,TJ,ET,XK",https://i.scdn.co/image/ab67616d0000b273164feb363334f93b6458d2a9,2011-01-24,Adele
98,2GGstjn2lepcltXd21I24t,Born To Die (Deluxe Version),album,16,FR,https://i.scdn.co/image/ab67616d0000b273959280fee07d485cb5b56fe7,2011-01-01,Lana Del Rey
99,1Kw1bVd07oRqcjrcjQKC8T,Talk That Talk,album,11,"AR,AU,AT,BE,BO,BR,BG,CA,CL,CO,CR,CY,CZ,DK,DO,DE,EC,EE,SV,FI,FR,GR,GT,HN,HK,HU,IS,IE,IT,LV,LT,LU,MY,MT,MX,NL,NZ,NI,NO,PA,PY,PE,PH,PL,PT,SG,SK,ES,CH,TW,TR,UY,US,GB,AD,LI,MC,ID,JP,TH,VN,RO,IL,ZA,SA,AE,BH,QA,OM,KW,EG,MA,DZ,TN,LB,JO,PS,IN,KZ,MD,UA,AL,BA,HR,ME,MK,RS,SI,KR,BD,PK,LK,GH,KE,NG,TZ,UG,AG,AM,BS,BB,BZ,BT,BW,CV,CW,DM,FJ,GM,GD,GW,GY,HT,JM,KI,LS,LR,MW,MV,ML,MH,FM,NA,NR,NE,PW,PG,WS,ST,SN,SC,SL,SB,KN,LC,VC,SR,TL,TO,TT,TV,AZ,BI,KH,CM,TD,KM,GQ,SZ,GA,GN,KG,LA,MO,MR,MN,RW,TG,ZW,BJ,MG,MU,MZ,AO,CI,DJ,ZM,CD,CG,IQ,LY,TJ,VE,XK",https://i.scdn.co/image/ab67616d0000b2731c5eacf6965d328c2c795cef,2011-11-19,Rihanna
100,5EbpxRwbbpCJUepbqVTZ1U,Trilogy,album,30,"AR,AU,AT,BE,BO,BR,BG,CA,CL,CO,CR,CY,CZ,DK,DO,DE,EC,EE,SV,FI,FR,GR,GT,HN,HK,HU,IS,IE,IT,LV,LT,LU,MY,MT,MX,NL,NZ,NI,NO,PA,PY,PE,PH,PL,PT,SG,SK,ES,SE,CH,TW,TR,UY,GB,AD,LI,MC,ID,JP,TH,VN,RO,IL,ZA,SA,AE,BH,QA,OM,KW,EG,MA,DZ,TN,LB,JO,IN,KZ,MD,UA,AL,BA,HR,ME,MK,RS,SI,KR,BD,PK,LK,GH,KE,NG,TZ,UG,AG,AM,BS,BB,BZ,BT,BW,BF,CV,CW,DM,FJ,GM,GE,GD,GW,GY,HT,JM,KI,LS,LR,MW,MV,ML,MH,FM,NA,NR,NE,PW,PG,WS,SM,ST,SN,SC,SL,SB,KN,LC,VC,SR,TL,TO,TT,TV,VU,AZ,BN,BI,KH,CM,TD,KM,GQ,SZ,GA,GN,KG,LA,MO,MR,MN,NP,RW,TG,UZ,ZW,BJ,MG,MU,MZ,AO,CI,DJ,ZM,CD,CG,IQ,LY,TJ,VE,ET,XK",https://i.scdn.co/image/ab67616d0000b273b298538481c52f7e217ed000,2012-11-13,The Weeknd
101,3C2MFZ2iHotUQOSBzdSvM7,Lonerism,album,12,"AR,AU,AT,BE,BO,BR,BG,CA,CL,CO,CR,CY,CZ,DK,DO,DE,EC,EE,SV,FI,FR,GR,GT,HN,HK,HU,IS,IE,IT,LV,LT,LU,MY,MT,MX,NL,NZ,NI,NO,PA,PY,PE,PH,PL,PT,SG,SK,ES,SE,CH,TW,TR,UY,US,GB,AD,LI,MC,ID,JP,TH,VN,RO,IL,ZA,SA,AE,BH,QA,OM,KW,EG,MA,DZ,TN,LB,JO,PS,IN,BY,KZ,MD,UA,AL,BA,HR,ME,MK,RS,SI,KR,BD,PK,LK,GH,KE,NG,TZ,UG,AG,AM,BS,BB,BZ,BT,BW,BF,CV,CW,DM,FJ,GM,GE,GD,GW,GY,HT,JM,KI,LS,LR,MW,MV,ML,MH,FM,NA,NR,NE,PW,PG,WS,SM,ST,SN,SC,SL,SB,KN,LC,VC,SR,TL,TO,TT,TV,VU,AZ,BN,BI,KH,CM,TD,KM,GQ,SZ,GA,GN,KG,LA,MO,MR,MN,NP,RW,TG,UZ,ZW,BJ,MG,MU,MZ,AO,CI,DJ,ZM,CD,CG,IQ,LY,TJ,VE,ET,XK",https://i.scdn.co/image/ab67616d0000b273370c12f82872c9cfaee80193,2012-01-01,Tame Impala
102,7w19PFbxAjwZ7UVNp9z0uT,18 Months,album,15,"AR,AU,AT,BE,BO,BR,BG,CA,CL,CO,CR,CY,CZ,DK,DO,DE,EC,EE,SV,FI,FR,GR,GT,HN,HK,HU,IS,IE,IT,LV,LT,LU,MY,MT,MX,NL,NZ,NI,NO,PA,PY,PE,PH,PL,PT,SG,SK,ES,SE,CH,TW,TR,UY,US,GB,AD,LI,MC,ID,TH,VN,RO,IL,ZA,MA,DZ,TN,IN,BY,KZ,MD,UA,AL,BA,HR,ME,MK,RS,SI,KR,BD,PK,LK,GH,KE,NG,TZ,UG,AG,AM,BS,BB,BZ,BT,BW,BF,CV,CW,DM,FJ,GM,GE,GD,GW,GY,HT,JM,KI,LS,LR,MW,MV,ML,MH,FM,NA,NR,NE,PW,PG,PR,WS,SM,ST,SN,SC,SL,SB,KN,LC,VC,SR,TL,TO,TT,TV,VU,AZ,BN,BI,KH,CM,TD,KM,GQ,SZ,GA,GN,KG,LA,MO,MR,MN,NP,RW,TG,UZ,ZW,BJ,MG,MU,MZ,AO,CI,DJ,ZM,CD,CG,TJ,VE,ET,XK",https://i.scdn.co/image/ab67616d0000b273dcef905cb144d4867119850b,2012-10-29,Calvin Harris
103,3KuXEGcqLcnEYWnn3OEGy0,The 2nd Law,album,13,"AR,AU,AT,BE,BO,BR,BG,CA,CL,CO,CR,CY,CZ,DK,DO,DE,EC,EE,SV,FI,FR,GR,GT,HN,HK,HU,IS,IE,IT,LV,LT,LU,MY,MT,MX,NL,NZ,NI,NO,PA,PY,PE,PH,PL,PT,SG,SK,ES,SE,CH,TW,TR,UY,US,GB,AD,LI,MC,ID,JP,TH,VN,RO,IL,ZA,SA,AE,BH,QA,OM,KW,EG,MA,DZ,TN,LB,JO,PS,IN,BY,KZ,MD,UA,AL,BA,HR,ME,MK,RS,SI,KR,BD,PK,LK,GH,KE,NG,TZ,UG,AG,AM,BS,BB,BZ,BT,BW,BF,CV,CW,DM,FJ,GM,GE,GD,GW,GY,HT,JM,KI,LS,LR,MW,MV,ML,MH,FM,NA,NR,NE,PW,PG,PR,WS,SM,ST,SN,SC,SL,SB,KN,LC,VC,SR,TL,TO,TT,TV,VU,AZ,BN,BI,KH,CM,TD,KM,GQ,SZ,GA,GN,KG,LA,MO,MR,MN,NP,RW,TG,UZ,ZW,BJ,MG,MU,MZ,AO,CI,DJ,ZM,CD,CG,IQ,LY,TJ,VE,ET,XK",https://i.scdn.co/image/ab67616d0000b273fc192c54d1823a04ffb6c8c9,2012-09-24,Muse
104,6HbJlAnTRhWae1F3lEwGkv,An Awesome Wave,album,14,"AR,AT,BE,BO,BR,BG,CL,CO,CR,CY,CZ,DK,DO,DE,EC,EE,SV,FI,FR,GR,GT,HN,HK,HU,IS,IE,IT,LV,LT,LU,MY,MT,NL,NI,NO,PA,PY,PE,PH,PL,PT,SG,SK,ES,SE,CH,TW,TR,UY,GB,AD,LI,MC,ID,JP,TH,VN,RO,IL,ZA,SA,AE,BH,QA,OM,KW,EG,MA,DZ,TN,LB,JO,PS,IN,BY,KZ,MD,UA,AL,BA,HR,ME,MK,RS,SI,KR,BD,PK,LK,GH,KE,NG,TZ,UG,AG,AM,BS,BB,BZ,BT,BW,BF,CV,CW,DM,FJ,GM,GE,GD,GW,GY,HT,JM,KI,LS,LR,MW,MV,ML,MH,FM,NA,NR,NE,PW,PG,WS,SM,ST,SN,SC,SL,SB,KN,LC,VC,SR,TL,TO,TT,TV,VU,AZ,BN,BI,KH,CM,TD,KM,GQ,SZ,GA,GN,KG,LA,MO,MR,MN,NP,RW,TG,UZ,ZW,BJ,MG,MU,MZ,AO,CI,DJ,ZM,CD,CG,IQ,LY,TJ,VE,ET,XK",https://i.scdn.co/image/ab67616d0000b2731e1ca90cd8fdbb0ac890a926,2012-05-28,alt-J
105,748dZDqSZy6aPXKcI9H80u,"good kid, m.A.A.d city (Deluxe)",album,17,"AR,AU,AT,BE,BO,BR,BG,CL,CO,CR,CY,CZ,DK,DO,DE,EC,EE,SV,FI,FR,GR,GT,HN,HK,HU,IS,IE,IT,LV,LT,LU,MY,MT,MX,NL,NZ,NI,NO,PA,PY,PE,PH,PL,PT,SG,SK,ES,SE,CH,TW,TR,UY,GB,AD,LI,MC,ID,JP,TH,VN,RO,IL,ZA,SA,AE,BH,QA,OM,KW,EG,MA,DZ,TN,LB,JO,IN,BY,KZ,MD,UA,AL,BA,HR,ME,MK,RS,SI,KR,BD,PK,LK,GH,KE,NG,TZ,UG,AG,AM,BS,BB,BZ,BT,BW,BF,CV,CW,DM,FJ,GM,GE,GD,GW,GY,HT,JM,KI,LS,LR,MW,MV,ML,MH,FM,NA,NR,NE,PW,PG,WS,SM,ST,SN,SC,SL,SB,KN,LC,VC,SR,TL,TO,TT,TV,VU,AZ,BN,BI,KH,CM,TD,KM,GQ,SZ,GA,GN,KG,LA,MO,MR,MN,NP,RW,TG,UZ,ZW,BJ,MG,MU,MZ,AO,CI,DJ,ZM,CD,CG,IQ,LY,TJ,VE,ET,XK",https://i.scdn.co/image/ab67616d0000b27378de8b28de36a74afc0348b5,2012-10-22,Kendrick Lamar
106,61XR1JvHsYvYxEj595VeLt,Tetra,album,14,"CA,CH,CR,FR,JP,MX,US",https://i.scdn.co/image/ab67616d0000b27332d6aa9f9b1810e7fb8aaca5,2012-01-01,C2C
107,2Vg8YkTkuG4Y9MD4hB4KNN,Trick,album,16,"AR,AU,AT,BE,BO,BR,BG,CL,CO,CR,CY,CZ,DK,DO,DE,EC,EE,SV,FI,FR,GR,GT,HN,HK,HU,IS,IE,IT,LV,LT,LU,MY,MT,NL,NZ,NI,NO,PA,PY,PE,PH,PL,PT,SG,SK,ES,SE,CH,TW,TR,UY,GB,AD,LI,MC,ID,JP,TH,VN,RO,IL,ZA,SA,AE,BH,QA,OM,KW,EG,MA,DZ,TN,LB,JO,PS,IN,BY,KZ,MD,UA,AL,BA,HR,ME,MK,RS,SI,KR,BD,PK,LK,GH,KE,NG,TZ,UG,AG,AM,BS,BB,BZ,BT,BW,BF,CV,CW,DM,FJ,GM,GE,GD,GW,GY,HT,JM,KI,LS,LR,MW,MV,ML,MH,FM,NA,NR,NE,PW,PG,PR,WS,SM,ST,SN,SC,SL,SB,KN,LC,VC,SR,TL,TO,TT,TV,VU,AZ,BN,BI,KH,CM,TD,KM,GQ,SZ,GA,GN,KG,LA,MO,MR,MN,NP,RW,TG,UZ,ZW,BJ,MG,MU,MZ,AO,CI,DJ,ZM,CD,CG,IQ,LY,TJ,VE,ET,XK",https://i.scdn.co/image/ab67616d0000b2737d6e8fcbb65970a5329b6ef2,2012-11-05,Alex G
108,0Oq3mWfexhsjUh0aNNBB5u,"good kid, m.A.A.d city",album,14,"AR,AU,AT,BE,BO,BR,BG,CL,CO,CR,CY,CZ,DK,DO,DE,EC,EE,SV,FI,FR,GR,GT,HN,HK,HU,IS,IE,IT,LV,LT,LU,MY,MT,MX,NL,NZ,NI,NO,PA,PY,PE,PH,PL,PT,SG,SK,ES,SE,CH,TW,TR,UY,GB,AD,LI,MC,ID,JP,TH,VN,RO,IL,ZA,SA,AE,BH,QA,OM,KW,EG,MA,DZ,TN,LB,JO,IN,BY,KZ,MD,UA,AL,BA,HR,ME,MK,RS,SI,KR,BD,PK,LK,GH,KE,NG,TZ,UG,AG,AM,BS,BB,BZ,BT,BW,BF,CV,CW,DM,FJ,GM,GE,GD,GW,GY,HT,JM,KI,LS,LR,MW,MV,ML,MH,FM,NA,NR,NE,PW,PG,WS,SM,ST,SN,SC,SL,SB,KN,LC,VC,SR,TL,TO,TT,TV,VU,AZ,BN,BI,KH,CM,TD,KM,GQ,SZ,GA,GN,KG,LA,MO,MR,MN,NP,RW,TG,UZ,ZW,BJ,MG,MU,MZ,AO,CI,DJ,ZM,CD,CG,IQ,LY,TJ,VE,ET,XK",https://i.scdn.co/image/ab67616d0000b2732cd55246d935a8a77cb4859e,2012,Kendrick Lamar
109,7Li2N39grodaHIg2QU7MSk,I.,single,4,"AR,AT,BE,BO,BR,BG,CA,CL,CO,CR,CY,CZ,DK,DO,DE,EC,EE,SV,FI,FR,GR,GT,HN,HK,HU,IS,IE,IT,LV,LT,LU,MY,MT,MX,NL,NI,NO,PA,PY,PE,PH,PL,PT,SG,SK,ES,SE,CH,TW,TR,UY,US,GB,AD,LI,MC,ID,JP,TH,VN,RO,IL,ZA,SA,AE,BH,QA,OM,KW,EG,MA,DZ,TN,LB,JO,PS,IN,BY,KZ,MD,UA,AL,BA,HR,ME,MK,RS,SI,KR,BD,PK,LK,GH,KE,NG,TZ,UG,AG,AM,BS,BB,BZ,BT,BW,BF,CV,CW,DM,FJ,GM,GE,GD,GW,GY,HT,JM,KI,LS,LR,MW,MV,ML,MH,FM,NA,NR,NE,PW,PG,PR,WS,SM,ST,SN,SC,SL,SB,KN,LC,VC,SR,TL,TO,TT,TV,VU,AZ,BN,BI,KH,CM,TD,KM,GQ,SZ,GA,GN,KG,LA,MO,MR,MN,NP,RW,TG,UZ,ZW,BJ,MG,MU,MZ,AO,CI,DJ,ZM,CD,CG,IQ,LY,TJ,VE,ET,XK",https://i.scdn.co/image/ab67616d0000b273f20d15ff288e94492f7097eb,2012-07-21,Cigarettes After Sex
110,6SSSF9Y6MiPdQoxqBptrR2,Kiss,album,17,"AR,AU,AT,BE,BO,BR,BG,CL,CO,CR,CY,CZ,DK,DO,DE,EC,EE,SV,FI,FR,GR,GT,HN,HK,HU,IS,IE,IT,LV,LT,LU,MY,MT,NL,NZ,NI,NO,PA,PY,PE,PH,PL,PT,SG,SK,ES,SE,CH,TW,TR,UY,GB,AD,LI,MC,ID,TH,VN,RO,IL,ZA,SA,AE,BH,QA,OM,KW,EG,MA,DZ,TN,LB,JO,PS,IN,BY,KZ,MD,UA,AL,BA,HR,ME,MK,RS,SI,KR,BD,PK,LK,GH,KE,NG,TZ,UG,AG,AM,BS,BB,BZ,BT,BW,BF,CV,CW,DM,FJ,GM,GE,GD,GW,GY,HT,JM,KI,LS,LR,MW,MV,ML,MH,FM,NA,NR,NE,PW,PG,WS,SM,ST,SN,SC,SL,SB,KN,LC,VC,SR,TL,TO,TT,TV,VU,AZ,BN,BI,KH,CM,TD,KM,GQ,SZ,GA,GN,KG,LA,MO,MR,MN,NP,RW,TG,UZ,ZW,BJ,MG,MU,MZ,AO,CI,DJ,ZM,CD,CG,IQ,LY,TJ,VE,ET,XK",https://i.scdn.co/image/ab67616d0000b273d3ee4bf67c2ac2154006ad72,2012-01-01,Carly Rae Jepsen
111,6cunQQ7YZisYOoiFu2ywIq,Up All Night,album,18,"AR,AU,AT,BE,BO,BR,BG,CA,CL,CO,CR,CY,CZ,DK,DO,DE,EC,EE,SV,FI,FR,GR,GT,HN,HK,HU,IS,IE,IT,LV,LT,LU,MY,MT,MX,NL,NZ,NI,NO,PA,PY,PE,PH,PL,PT,SG,SK,ES,SE,CH,TW,TR,UY,US,GB,AD,LI,MC,ID,JP,TH,VN,RO,IL,ZA,SA,AE,BH,QA,OM,KW,EG,MA,DZ,TN,LB,JO,PS,IN,BY,KZ,MD,UA,AL,BA,HR,ME,MK,RS,SI,KR,BD,PK,LK,GH,KE,NG,TZ,UG,AG,AM,BS,BB,BZ,BT,BW,BF,CV,CW,DM,FJ,GM,GE,GD,GW,GY,HT,JM,KI,LS,LR,MW,MV,ML,MH,FM,NA,NR,NE,PW,PG,PR,WS,SM,ST,SN,SC,SL,SB,KN,LC,VC,SR,TL,TO,TT,TV,VU,AZ,BN,BI,KH,CM,TD,KM,GQ,SZ,GA,GN,KG,LA,MO,MR,MN,NP,RW,TG,UZ,ZW,BJ,MG,MU,MZ,AO,CI,DJ,ZM,CD,CG,IQ,LY,TJ,VE,ET,XK",https://i.scdn.co/image/ab67616d0000b2734a5584795dc73860653a9a3e,2012-05-25,One Direction
112,2XgBQwGRxr4P7cHLDYiqrO,2,album,11,"AR,AU,AT,BE,BO,BR,BG,CA,CL,CO,CR,CY,CZ,DK,DO,DE,EC,EE,SV,FI,FR,GR,GT,HN,HK,HU,IS,IE,IT,LV,LT,LU,MY,MT,MX,NL,NZ,NI,NO,PA,PY,PE,PH,PL,PT,SG,SK,ES,SE,CH,TW,TR,UY,US,GB,AD,LI,MC,ID,JP,TH,VN,RO,IL,ZA,SA,AE,BH,QA,OM,KW,EG,MA,DZ,TN,LB,JO,PS,IN,BY,KZ,MD,UA,AL,BA,HR,ME,MK,RS,SI,KR,BD,PK,LK,GH,KE,NG,TZ,UG,AG,AM,BS,BB,BZ,BT,BW,BF,CV,CW,DM,FJ,GM,GE,GD,GW,GY,HT,JM,KI,LS,LR,MW,MV,ML,MH,FM,NA,NR,NE,PW,PG,PR,WS,SM,ST,SN,SC,SL,SB,KN,LC,VC,SR,TL,TO,TT,TV,VU,AZ,BN,BI,KH,CM,TD,KM,GQ,SZ,GA,GN,KG,LA,MO,MR,MN,NP,RW,TG,UZ,ZW,BJ,MG,MU,MZ,AO,CI,DJ,ZM,CD,CG,IQ,LY,TJ,VE,ET,XK",https://i.scdn.co/image/ab67616d0000b2739d377496c6bc8724b521222d,2012-10-16,Mac DeMarco
113,22F5ZYY1sxoJjk6HzZfmC1,Pink Friday: Roman Reloaded The Re-Up (Explicit Version),album,27,"AR,AU,AT,BE,BO,BR,BG,CL,CO,CR,CY,CZ,DK,DO,DE,EC,EE,SV,FI,FR,GR,GT,HN,HK,HU,IS,IE,IT,LV,LT,LU,MY,MT,NL,NZ,NI,NO,PA,PY,PE,PH,PL,PT,SG,SK,ES,SE,CH,TW,TR,UY,GB,AD,LI,MC,ID,TH,VN,RO,IL,ZA,SA,AE,BH,QA,OM,KW,EG,MA,DZ,TN,LB,JO,IN,BY,KZ,MD,UA,AL,BA,HR,ME,MK,RS,SI,KR,BD,PK,LK,GH,KE,NG,TZ,UG,AG,AM,BS,BB,BZ,BT,BW,BF,CV,CW,DM,FJ,GM,GE,GD,GW,GY,HT,JM,KI,LS,LR,MW,MV,ML,MH,FM,NA,NR,NE,PW,PG,WS,SM,ST,SN,SC,SL,SB,KN,LC,VC,SR,TL,TO,TT,TV,VU,AZ,BN,BI,KH,CM,TD,KM,GQ,SZ,GA,GN,KG,LA,MO,MR,MN,NP,RW,TG,UZ,ZW,BJ,MG,MU,MZ,AO,CI,DJ,ZM,CD,CG,IQ,LY,TJ,VE,ET,XK",https://i.scdn.co/image/ab67616d0000b273ef9ad61e2a4f15606fd4ab15,2012-01-01,Nicki Minaj
114,2IV18vz3qzgliqSGlXDJWj,Fenêtre Sur Rue,album,14,"AR,AU,AT,BE,BO,BR,BG,CA,CL,CO,CR,CY,CZ,DK,DO,DE,EC,EE,SV,FI,FR,GR,GT,HN,HK,HU,IS,IE,IT,LV,LT,LU,MY,MT,MX,NL,NZ,NI,NO,PA,PY,PE,PH,PL,PT,SG,SK,ES,SE,CH,TW,TR,UY,US,GB,AD,LI,MC,ID,JP,TH,VN,RO,IL,ZA,SA,AE,BH,QA,OM,KW,EG,MA,DZ,TN,LB,JO,PS,IN,BY,KZ,MD,UA,AL,BA,HR,ME,MK,RS,SI,KR,BD,PK,LK,GH,KE,NG,TZ,UG,AG,AM,BS,BB,BZ,BT,BW,BF,CV,CW,DM,FJ,GM,GE,GD,GW,GY,HT,JM,KI,LS,LR,MW,MV,ML,MH,FM,NA,NR,NE,PW,PG,PR,WS,SM,ST,SN,SC,SL,SB,KN,LC,VC,SR,TL,TO,TT,TV,VU,AZ,BN,BI,KH,CM,TD,KM,GQ,SZ,GA,GN,KG,LA,MO,MR,MN,NP,RW,TG,UZ,ZW,BJ,MG,MU,MZ,AO,CI,DJ,ZM,CD,CG,IQ,LY,TJ,VE,ET,XK",https://i.scdn.co/image/ab67616d0000b273ce1366f01fa81c2776eb10b1,2012-11-04,Hugo TSR
115,7m7F7SQ3BXvIpvOgjW51Gp,Some Nights,album,11,"AR,AU,BE,BO,BR,CA,CL,CO,CR,CY,DK,DO,EC,SV,FI,FR,GR,GT,HN,HK,IS,IE,IT,LU,MY,MT,MX,NL,NZ,NI,PA,PY,PE,PH,PT,SG,ES,SE,TW,TR,UY,GB,AD,MC,ID,JP,TH,VN,IL,ZA,SA,AE,BH,QA,OM,KW,EG,MA,DZ,TN,LB,JO,IN,BY,KZ,MD,UA,KR,BD,PK,LK,GH,KE,NG,TZ,UG,AG,AM,BS,BB,BZ,BW,BF,CV,CW,DM,FJ,GM,GD,GW,HT,JM,LS,LR,MW,ML,FM,NA,NE,PG,PR,SM,ST,SN,SC,SL,KN,LC,VC,TL,TT,AZ,BN,BI,KH,CM,TD,KM,GQ,SZ,GA,GN,KG,LA,MO,MR,MN,RW,TG,UZ,ZW,BJ,MG,MU,MZ,AO,CI,DJ,ZM,CD,CG,IQ,LY,TJ,VE,ET",https://i.scdn.co/image/ab67616d0000b273a036e1724bc7f2bab15cfda8,2012-02-14,fun.
116,4vnnbcZuWrQbW5V6VRd6lf,Contagieuse,album,15,"AR,AU,AT,BE,BO,BR,BG,CA,CL,CO,CR,CY,CZ,DK,DO,DE,EC,EE,SV,FI,FR,GR,GT,HN,HK,HU,IS,IE,IT,LV,LT,LU,MY,MT,MX,NL,NZ,NI,NO,PA,PY,PE,PH,PL,PT,SG,SK,ES,SE,CH,TW,TR,UY,US,GB,AD,LI,MC,ID,JP,TH,VN,RO,IL,ZA,SA,AE,BH,QA,OM,KW,EG,MA,DZ,TN,LB,JO,PS,IN,BY,KZ,MD,UA,AL,BA,HR,ME,MK,RS,SI,KR,BD,PK,LK,GH,KE,NG,TZ,UG,AG,AM,BS,BB,BZ,BT,BW,BF,CV,CW,DM,FJ,GM,GE,GD,GW,GY,HT,JM,KI,LS,LR,MW,MV,ML,MH,FM,NA,NR,NE,PW,PG,PR,WS,SM,ST,SN,SC,SL,SB,KN,LC,VC,SR,TL,TO,TT,TV,VU,AZ,BN,BI,KH,CM,TD,KM,GQ,SZ,GA,GN,KG,LA,MO,MR,MN,NP,RW,TG,UZ,ZW,BJ,MG,MU,MZ,AO,CI,DJ,ZM,CD,CG,IQ,LY,TJ,VE,ET,XK",https://i.scdn.co/image/ab67616d0000b27350ac2bdd568a977fa876767a,2012-12-03,Zaho
117,4sE54JCM8oNu0CaHgi5BK0,The Origin Of Love,album,22,"BE,CA,CH,FR,KR",https://i.scdn.co/image/ab67616d0000b27334bcf8eb3912d9f2312d6232,2012-01-01,MIKA
118,49kf7gWWtReFwPcCNsvyUf,Electra Heart (Deluxe),album,17,"AR,AU,AT,BE,BO,BR,BG,CL,CO,CR,CY,CZ,DK,DO,DE,EC,EE,SV,FI,FR,GR,GT,HN,HK,HU,IS,IE,IT,LV,LT,LU,MY,MT,MX,NL,NZ,NI,NO,PA,PY,PE,PH,PL,PT,SG,SK,ES,SE,CH,TW,TR,UY,US,GB,AD,LI,MC,ID,JP,TH,VN,RO,IL,ZA,SA,AE,BH,QA,OM,KW,EG,MA,DZ,TN,LB,JO,PS,IN,BY,KZ,MD,UA,AL,BA,HR,ME,MK,RS,SI,KR,BD,PK,LK,GH,KE,NG,TZ,UG,AG,AM,BS,BB,BZ,BW,BF,CV,CW,DM,FJ,GM,GE,GD,GW,HT,JM,LS,LR,MW,ML,FM,NA,NE,PG,PR,SM,ST,SN,SC,SL,KN,LC,VC,TL,TT,AZ,BN,BI,KH,CM,TD,KM,GQ,SZ,GA,GN,KG,LA,MO,MR,MN,NP,RW,TG,UZ,ZW,BJ,MG,MU,MZ,AO,CI,DJ,ZM,CD,CG,IQ,LY,TJ,VE,ET,XK",https://i.scdn.co/image/ab67616d0000b273203e4c6a048df02a21cdd813,2012-04-27,MARINA
119,5cxMa6oLINJzmZ8lF7wWQN,Believe,album,13,"AR,AU,AT,BE,BO,BR,BG,CA,CL,CO,CR,CY,CZ,DK,DO,DE,EC,EE,SV,FI,FR,GR,GT,HN,HK,HU,IS,IE,IT,LV,LT,LU,MY,MT,MX,NL,NZ,NI,NO,PA,PY,PE,PH,PL,PT,SG,SK,ES,SE,CH,TW,TR,UY,US,GB,AD,LI,MC,ID,JP,TH,VN,RO,IL,ZA,SA,AE,BH,QA,OM,KW,EG,MA,DZ,TN,LB,JO,PS,IN,BY,KZ,MD,UA,AL,BA,HR,ME,MK,RS,SI,KR,BD,PK,LK,GH,KE,NG,TZ,UG,AG,AM,BS,BB,BZ,BT,BW,BF,CV,CW,DM,FJ,GM,GE,GD,GW,GY,HT,JM,KI,LS,LR,MW,MV,ML,MH,FM,NA,NR,NE,PW,PG,WS,SM,ST,SN,SC,SL,SB,KN,LC,VC,SR,TL,TO,TT,TV,VU,AZ,BN,BI,KH,CM,TD,KM,GQ,SZ,GA,GN,KG,LA,MO,MR,MN,NP,RW,TG,UZ,ZW,BJ,MG,MU,MZ,AO,CI,DJ,ZM,CD,CG,IQ,LY,TJ,VE,ET,XK",https://i.scdn.co/image/ab67616d0000b273f1d02a6cec967f8b6b78f76e,2012-01-01,Justin Bieber
120,2B4y3j02ho6XNF8BEzx3JF,Finally Rich,album,12,"AR,AU,AT,BE,BO,BR,BG,CA,CL,CO,CR,CY,CZ,DK,DO,DE,EC,EE,SV,FI,FR,GR,GT,HN,HK,HU,IS,IE,IT,LV,LT,LU,MY,MT,MX,NL,NZ,NI,NO,PA,PY,PE,PH,PL,PT,SG,SK,ES,SE,CH,TW,TR,UY,US,GB,AD,LI,MC,ID,JP,TH,VN,RO,IL,ZA,SA,AE,BH,QA,OM,KW,EG,MA,DZ,TN,LB,JO,PS,IN,BY,KZ,MD,UA,AL,BA,HR,ME,MK,RS,SI,KR,BD,PK,LK,GH,KE,NG,TZ,UG,AG,AM,BS,BB,BZ,BT,BW,BF,CV,CW,DM,FJ,GM,GE,GD,GW,GY,HT,JM,KI,LS,LR,MW,MV,ML,MH,FM,NA,NR,NE,PW,PG,WS,SM,ST,SN,SC,SL,SB,KN,LC,VC,SR,TL,TO,TT,TV,VU,AZ,BN,BI,KH,CM,TD,KM,GQ,SZ,GA,GN,KG,LA,MO,MR,MN,NP,RW,TG,UZ,ZW,BJ,MG,MU,MZ,AO,CI,DJ,ZM,CD,CG,IQ,LY,TJ,VE,ET,XK",https://i.scdn.co/image/ab67616d0000b273a76616abf60ce17491e95891,2012-01-01,Chief Keef
121,2D9zCv79mWQw6j3nRTcf4N,Can Be Late (Super Deluxe Version),album,26,"AR,AU,AT,BE,BO,BR,BG,CA,CL,CO,CR,CY,CZ,DK,DO,DE,EC,EE,SV,FI,FR,GR,GT,HN,HK,HU,IS,IE,IT,LV,LT,LU,MY,MT,MX,NL,NZ,NI,NO,PA,PY,PE,PH,PL,PT,SG,SK,ES,SE,CH,TW,TR,UY,US,GB,AD,LI,MC,ID,JP,TH,VN,RO,IL,ZA,SA,AE,BH,QA,OM,KW,EG,MA,DZ,TN,LB,JO,PS,IN,KZ,MD,UA,AL,BA,HR,ME,MK,RS,SI,KR,BD,PK,LK,GH,KE,NG,TZ,UG,AG,AM,BS,BB,BZ,BT,BW,BF,CV,CW,DM,FJ,GM,GE,GD,GW,GY,HT,JM,KI,LS,LR,MW,MV,ML,MH,FM,NA,NR,NE,PW,PG,WS,SM,ST,SN,SC,SL,SB,KN,LC,VC,SR,TL,TO,TT,TV,VU,AZ,BN,BI,KH,CM,TD,KM,GQ,SZ,GA,GN,KG,LA,MO,MR,MN,NP,RW,TG,UZ,ZW,BJ,MG,MU,MZ,AO,CI,DJ,ZM,CD,CG,IQ,LY,TJ,VE,ET,XK",https://i.scdn.co/image/ab67616d0000b273f0cd8e7f43cf4ef7a0c1548e,2012,Skip the Use
122,2MTEiVNgRgIvVIrJAqHNBu,The Lumineers,album,11,"AR,AU,AT,BE,BO,BR,BG,CA,CL,CO,CR,CY,CZ,DK,DO,DE,EC,EE,SV,FI,FR,GR,GT,HN,HK,HU,IS,IE,IT,LV,LT,LU,MY,MT,MX,NL,NZ,NI,NO,PA,PY,PE,PH,PL,PT,SG,SK,ES,SE,CH,TW,TR,UY,US,GB,AD,LI,MC,ID,JP,TH,VN,RO,IL,ZA,SA,AE,BH,QA,OM,KW,EG,MA,DZ,TN,LB,JO,PS,IN,BY,KZ,MD,UA,AL,BA,HR,ME,MK,RS,SI,KR,BD,PK,LK,GH,KE,NG,TZ,UG,AG,AM,BS,BB,BZ,BT,BW,BF,CV,CW,DM,FJ,GM,GE,GD,GW,GY,HT,JM,KI,LS,LR,MW,MV,ML,MH,FM,NA,NR,NE,PW,PG,PR,WS,SM,ST,SN,SC,SL,SB,KN,LC,VC,SR,TL,TO,TT,TV,VU,AZ,BN,BI,KH,CM,TD,KM,GQ,SZ,GA,GN,KG,LA,MO,MR,MN,NP,RW,TG,UZ,ZW,BJ,MG,MU,MZ,AO,CI,DJ,ZM,CD,CG,IQ,LY,TJ,VE,ET,XK",https://i.scdn.co/image/ab67616d0000b273f350c13195ce048876b5fea4,2012-04-03,The Lumineers
123,4DWPVlrDHwCoVaiQV5lYeP,Long courrier (Edition Deluxe),album,27,"AR,AU,AT,BE,BO,BR,BG,CA,CL,CO,CR,CY,CZ,DK,DO,DE,EC,EE,SV,FI,FR,GR,GT,HN,HK,HU,IS,IE,IT,LV,LT,LU,MY,MT,MX,NL,NZ,NI,NO,PA,PY,PE,PH,PL,PT,SG,SK,ES,SE,CH,TW,TR,UY,US,GB,AD,LI,MC,ID,JP,TH,VN,RO,IL,ZA,SA,AE,BH,QA,OM,KW,EG,MA,DZ,TN,LB,JO,PS,IN,BY,KZ,MD,UA,AL,BA,HR,ME,MK,RS,SI,KR,BD,PK,LK,GH,KE,NG,TZ,UG,AG,AM,BS,BB,BZ,BT,BW,BF,CV,CW,DM,FJ,GM,GE,GD,GW,GY,HT,JM,KI,LS,LR,MW,MV,ML,MH,FM,NA,NR,NE,PW,PG,PR,WS,SM,ST,SN,SC,SL,SB,KN,LC,VC,SR,TL,TO,TT,TV,VU,AZ,BN,BI,KH,CM,TD,KM,GQ,SZ,GA,GN,KG,LA,MO,MR,MN,NP,RW,TG,UZ,ZW,BJ,MG,MU,MZ,AO,CI,DJ,ZM,CD,CG,IQ,LY,TJ,VE,ET,XK",https://i.scdn.co/image/ab67616d0000b273bd3f8de1919ff4cd2d7e777e,2012-09-21,BB Brunes
124,2pFX16u42q0e5F5vRmmzYT,The Heist (Deluxe Edition),album,18,"AR,AU,AT,BE,BO,BR,BG,CA,CL,CO,CR,CY,CZ,DK,DO,DE,EC,EE,SV,FI,FR,GR,GT,HN,HK,HU,IS,IE,IT,LV,LT,LU,MY,MT,MX,NL,NZ,NI,NO,PA,PY,PE,PH,PL,PT,SG,SK,ES,SE,CH,TW,TR,UY,US,GB,AD,LI,MC,ID,JP,TH,VN,RO,IL,ZA,SA,AE,BH,QA,OM,KW,EG,MA,DZ,TN,LB,JO,PS,IN,BY,KZ,MD,UA,AL,BA,HR,ME,MK,RS,SI,KR,BD,PK,LK,GH,KE,NG,TZ,UG,AG,AM,BS,BB,BZ,BT,BW,BF,CV,CW,DM,FJ,GM,GE,GD,GW,GY,HT,JM,KI,LS,LR,MW,MV,ML,MH,FM,NA,NR,NE,PW,PG,PR,WS,SM,ST,SN,SC,SL,SB,KN,LC,VC,SR,TL,TO,TT,TV,VU,AZ,BN,BI,KH,CM,TD,KM,GQ,SZ,GA,GN,KG,LA,MO,MR,MN,NP,RW,TG,UZ,ZW,BJ,MG,MU,MZ,AO,CI,DJ,ZM,CD,CG,IQ,LY,TJ,VE,ET,XK",https://i.scdn.co/image/ab67616d0000b273938f1c0cc7d36a671ed226a7,2012-10-09,"Macklemore & Ryan Lewis, Macklemore, Ryan Lewis"
125,0qtY8LYCGeGqahbCsr5uk8,Le Droit De Rêver,album,13,"AR,AU,AT,BO,BR,BG,CA,CL,CO,CR,CY,CZ,DK,DO,DE,EC,EE,SV,FI,FR,GR,GT,HN,HK,HU,IS,IE,IT,LV,LT,MY,MT,MX,NL,NZ,NI,NO,PA,PY,PE,PH,PL,PT,SG,SK,ES,SE,TW,TR,UY,US,GB,AD,LI,MC,ID,JP,TH,VN,RO,IL,ZA,SA,AE,BH,QA,OM,KW,EG,MA,DZ,TN,LB,JO,PS,IN,BY,KZ,MD,UA,AL,BA,HR,ME,MK,RS,SI,KR,BD,PK,LK,GH,KE,NG,TZ,UG,AG,AM,BS,BB,BZ,BT,BW,BF,CV,CW,DM,FJ,GM,GE,GD,GW,GY,HT,JM,KI,LS,LR,MW,MV,ML,MH,FM,NA,NR,NE,PW,PG,PR,WS,SM,ST,SN,SC,SL,SB,KN,LC,VC,SR,TL,TO,TT,TV,VU,AZ,BN,BI,KH,CM,TD,KM,GQ,SZ,GA,GN,KG,LA,MO,MR,MN,NP,RW,TG,UZ,ZW,BJ,MG,MU,MZ,AO,CI,DJ,ZM,CD,CG,IQ,LY,TJ,VE,ET,XK",https://i.scdn.co/image/ab67616d0000b27311dec71f0706d2f82c09cac6,2012,TAL
126,6ZtATnsRYU8ZP4JD0dH0fs,One Day / Reckoning Song (Wankelmut Remix),single,3,"AR,AU,BE,BO,BR,BG,CA,CL,CO,CR,CY,CZ,DK,DO,EC,EE,SV,FI,FR,GR,GT,HN,HK,HU,IS,IE,IT,LV,LT,LU,MY,MT,MX,NL,NZ,NI,NO,PA,PY,PE,PH,PL,PT,SG,SK,ES,SE,TW,TR,UY,US,GB,AD,LI,MC,ID,JP,TH,VN,RO,ZA,SA,AE,BH,QA,OM,KW,EG,MA,DZ,TN,LB,JO,PS,IN,BY,KZ,MD,UA,AL,BA,HR,ME,MK,RS,SI,KR,BD,PK,LK,GH,KE,NG,TZ,UG,AG,AM,BS,BB,BZ,BT,BW,BF,CV,CW,DM,FJ,GM,GE,GD,GW,GY,HT,JM,KI,LS,LR,MW,MV,ML,MH,FM,NA,NR,NE,PW,PG,PR,WS,SM,ST,SN,SC,SL,SB,KN,LC,VC,SR,TL,TO,TT,TV,VU,AZ,BN,BI,KH,CM,TD,KM,GQ,SZ,GA,GN,KG,LA,MO,MR,MN,NP,RW,TG,UZ,ZW,BJ,MG,MU,MZ,AO,CI,DJ,ZM,CD,CG,IQ,LY,TJ,VE,ET,XK",https://i.scdn.co/image/ab67616d0000b2738546b5bb49e3e4c80cf6b6b0,2012-08-03,"Asaf Avidan, The Mojos, Wankelmut"
127,392p3shh2jkxUxY2VHvlH8,channel ORANGE,album,17,"AR,AU,AT,BE,BO,BR,BG,CA,CL,CO,CR,CY,CZ,DK,DO,DE,EC,EE,SV,FI,FR,GR,GT,HN,HK,HU,IS,IE,IT,LV,LT,LU,MY,MT,MX,NL,NZ,NI,NO,PA,PY,PE,PH,PL,PT,SG,SK,ES,SE,CH,TW,TR,UY,US,GB,AD,LI,MC,ID,JP,TH,VN,RO,IL,ZA,SA,AE,BH,QA,OM,KW,EG,MA,DZ,TN,LB,JO,PS,IN,BY,KZ,MD,UA,AL,BA,HR,ME,MK,RS,SI,KR,BD,PK,LK,GH,KE,NG,TZ,UG,AG,AM,BS,BB,BZ,BT,BW,BF,CV,CW,DM,FJ,GM,GE,GD,GW,GY,HT,JM,KI,LS,LR,MW,MV,ML,MH,FM,NA,NR,NE,PW,PG,WS,SM,ST,SN,SC,SL,SB,KN,LC,VC,SR,TL,TO,TT,TV,VU,AZ,BN,BI,KH,CM,TD,KM,GQ,SZ,GA,GN,KG,LA,MO,MR,MN,NP,RW,TG,UZ,ZW,BJ,MG,MU,MZ,AO,CI,DJ,ZM,CD,CG,IQ,LY,TJ,VE,ET,XK",https://i.scdn.co/image/ab67616d0000b2737aede4855f6d0d738012e2e5,2012-07-10,Frank Ocean
128,4p9dVvZDaZliSjTCbFRhJy,My Head Is An Animal,album,12,"AR,AU,AT,BE,BO,BR,BG,CA,CL,CO,CR,CY,CZ,DK,DO,DE,EC,EE,SV,FI,FR,GR,GT,HN,HK,HU,IE,IT,LV,LT,LU,MY,MT,MX,NL,NZ,NI,NO,PA,PY,PE,PH,PL,PT,SG,SK,ES,SE,CH,TW,TR,UY,US,GB,AD,LI,MC,ID,TH,VN,RO,IL,ZA,SA,AE,BH,QA,OM,KW,EG,MA,DZ,TN,LB,JO,PS,IN,BY,KZ,MD,UA,AL,BA,HR,ME,MK,RS,SI,KR,BD,PK,LK,GH,KE,NG,TZ,UG,AG,AM,BS,BB,BZ,BT,BW,BF,CV,CW,DM,FJ,GM,GE,GD,GW,GY,HT,JM,KI,LS,LR,MW,MV,ML,MH,FM,NA,NR,NE,PW,PG,WS,SM,ST,SN,SC,SL,SB,KN,LC,VC,SR,TL,TO,TT,TV,VU,AZ,BN,BI,KH,CM,TD,KM,GQ,SZ,GA,GN,KG,LA,MO,MR,MN,NP,RW,TG,UZ,ZW,BJ,MG,MU,MZ,AO,CI,DJ,ZM,CD,CG,IQ,LY,TJ,VE,ET,XK",https://i.scdn.co/image/ab67616d0000b273cb3f67e8026e2e493a1e8262,2012-01-01,Of Monsters and Men
129,0vPaS3LIPPNUsw5nU3hrvT,Tomahawk Technique,album,14,FR,https://i.scdn.co/image/ab67616d0000b273162f99980b0244ebb843e256,2012-01-24,Sean Paul
130,4FC671DSP3EAYOMh27M34Z,"20 chansons et comptines pour les petits, Vol. 3",compilation,20,"AR,AU,AT,BE,BO,BR,BG,CA,CL,CO,CR,CY,CZ,DK,DO,DE,EC,EE,SV,FI,FR,GR,GT,HN,HK,HU,IS,IE,IT,LV,LT,LU,MY,MT,MX,NL,NZ,NI,NO,PA,PY,PE,PH,PL,PT,SG,SK,ES,SE,CH,TW,TR,UY,US,GB,AD,LI,MC,ID,JP,TH,VN,RO,IL,ZA,SA,AE,BH,QA,OM,KW,EG,MA,DZ,TN,LB,JO,PS,IN,BY,KZ,MD,UA,AL,BA,HR,ME,MK,RS,SI,KR,BD,PK,LK,GH,KE,NG,TZ,UG,AG,AM,BS,BB,BZ,BT,BW,BF,CV,CW,DM,FJ,GM,GE,GD,GW,GY,HT,JM,KI,LS,LR,MW,MV,ML,MH,FM,NA,NR,NE,PW,PG,PR,WS,SM,ST,SN,SC,SL,SB,KN,LC,VC,SR,TL,TO,TT,TV,VU,AZ,BN,BI,KH,CM,TD,KM,GQ,SZ,GA,GN,KG,LA,MO,MR,MN,NP,RW,TG,UZ,ZW,BJ,MG,MU,MZ,AO,CI,DJ,ZM,CD,CG,IQ,LY,TJ,VE,ET,XK",https://i.scdn.co/image/ab67616d0000b27388a4bcfc0e31e9b6fae9d5e8,2012-11-09,"Les amis de tous les enfants du monde, Éric Bessot"
131,4XHIjbhjRmqWlosjj5rqSI,LIVING THINGS,album,12,"AR,AU,AT,BE,BO,BR,BG,CA,CL,CO,CR,CY,CZ,DK,DO,DE,EC,EE,SV,FI,FR,GR,GT,HN,HK,HU,IS,IE,IT,LV,LT,LU,MY,MT,MX,NL,NZ,NI,NO,PA,PY,PE,PH,PL,PT,SG,SK,ES,SE,CH,TW,TR,UY,US,GB,AD,MC,ID,JP,TH,VN,RO,IL,ZA,SA,AE,BH,QA,OM,KW,EG,MA,DZ,TN,LB,JO,IN,BY,KZ,MD,UA,AL,BA,HR,ME,MK,RS,SI,KR,BD,PK,LK,GH,KE,NG,TZ,UG,AG,AM,BS,BB,BZ,BW,BF,CV,CW,DM,GM,GE,GD,GW,HT,JM,LS,LR,MW,ML,NA,NE,PR,SM,ST,SN,SC,SL,KN,LC,VC,TL,TT,AZ,BN,BI,KH,CM,TD,KM,GQ,SZ,GA,GN,KG,LA,MO,MR,RW,TG,UZ,ZW,BJ,MG,MU,MZ,AO,CI,DJ,ZM,CD,CG,IQ,LY,TJ,VE,ET,XK",https://i.scdn.co/image/ab67616d0000b273987fb4c5ec8790e9f637a4a4,2012-06-19,Linkin Park
132,24TAupSNVWSAHL0R7n71vm,Bad 25th Anniversary,album,24,"AR,AU,AT,BE,BO,BR,BG,CA,CL,CO,CR,CY,CZ,DK,DO,DE,EC,EE,SV,FI,FR,GR,GT,HN,HK,HU,IS,IE,IT,LV,LT,LU,MY,MT,MX,NL,NZ,NI,NO,PA,PY,PE,PH,PL,PT,SG,SK,ES,SE,CH,TW,TR,UY,US,GB,AD,LI,MC,ID,JP,TH,VN,RO,IL,ZA,SA,AE,BH,QA,OM,KW,EG,MA,DZ,TN,LB,JO,PS,IN,BY,KZ,MD,UA,AL,BA,HR,ME,MK,RS,SI,KR,BD,PK,LK,GH,KE,NG,TZ,UG,AG,AM,BS,BB,BZ,BT,BW,BF,CV,CW,DM,FJ,GM,GE,GD,GW,GY,HT,JM,KI,LS,LR,MW,MV,ML,MH,FM,NA,NR,NE,PW,PG,PR,WS,SM,ST,SN,SC,SL,SB,KN,LC,VC,SR,TL,TO,TT,TV,VU,AZ,BN,BI,KH,CM,TD,KM,GQ,SZ,GA,GN,KG,LA,MO,MR,MN,NP,RW,TG,UZ,ZW,BJ,MG,MU,MZ,AO,CI,DJ,ZM,CD,CG,IQ,LY,TJ,VE,ET,XK",https://i.scdn.co/image/ab67616d0000b2731bb21d27effb96a1d0fe8d6d,2012-09-18,Michael Jackson
133,2Q9oTK48eb85waX1fFJsvj,The Truth About Love,album,17,"AR,AU,AT,BE,BO,BR,BG,CA,CL,CO,CR,CY,CZ,DK,DO,DE,EC,EE,SV,FI,FR,GR,GT,HN,HK,HU,IS,IE,IT,LV,LT,LU,MY,MT,MX,NL,NZ,NI,NO,PA,PY,PE,PH,PL,PT,SG,SK,ES,SE,CH,TW,TR,UY,US,GB,AD,LI,MC,ID,JP,TH,VN,RO,IL,ZA,SA,AE,BH,QA,OM,KW,EG,MA,DZ,TN,LB,JO,PS,IN,BY,KZ,MD,UA,AL,BA,HR,ME,MK,RS,SI,KR,BD,PK,LK,GH,KE,NG,TZ,UG,AG,AM,BS,BB,BZ,BT,BW,BF,CV,CW,DM,FJ,GM,GE,GD,GW,GY,HT,JM,KI,LS,LR,MW,MV,ML,MH,FM,NA,NR,NE,PW,PG,PR,WS,SM,ST,SN,SC,SL,SB,KN,LC,VC,SR,TL,TO,TT,TV,VU,AZ,BN,BI,KH,CM,TD,KM,GQ,SZ,GA,GN,KG,LA,MO,MR,MN,NP,RW,TG,UZ,ZW,BJ,MG,MU,MZ,AO,CI,DJ,ZM,CD,CG,IQ,LY,TJ,VE,ET,XK",https://i.scdn.co/image/ab67616d0000b2739d0f0d226987b449808e7b6f,2012-09-18,P!nk
134,6YJYFQ1Zz9I49YQknK4wIn,The End Is Where We Begin,album,15,"AR,AU,AT,BE,BO,BR,BG,CA,CL,CO,CR,CY,CZ,DK,DO,DE,EC,EE,SV,FI,FR,GR,GT,HN,HK,HU,IS,IE,IT,LV,LT,LU,MY,MT,MX,NL,NZ,NI,NO,PA,PY,PE,PH,PL,PT,SG,SK,ES,SE,CH,TW,TR,UY,US,GB,AD,LI,MC,ID,JP,TH,VN,RO,IL,ZA,SA,AE,BH,QA,OM,KW,EG,MA,DZ,TN,LB,JO,PS,IN,BY,KZ,MD,UA,AL,BA,HR,ME,MK,RS,SI,KR,BD,PK,LK,GH,KE,NG,TZ,UG,AG,AM,BS,BB,BZ,BT,BW,BF,CV,CW,DM,FJ,GM,GE,GD,GW,GY,HT,JM,KI,LS,LR,MW,MV,ML,MH,FM,NA,NR,NE,PW,PG,PR,WS,SM,ST,SN,SC,SL,SB,KN,LC,VC,SR,TL,TO,TT,TV,VU,AZ,BN,BI,KH,CM,TD,KM,GQ,SZ,GA,GN,KG,LA,MO,MR,MN,NP,RW,TG,UZ,ZW,BJ,MG,MU,MZ,AO,CI,DJ,ZM,CD,CG,IQ,LY,TJ,VE,ET,XK",https://i.scdn.co/image/ab67616d0000b2731a2e4290b83a4c810d019fcd,2012-04-17,Thousand Foot Krutch
135,2F7tejLHzTqFq2XLol9ZGy,Global Warming: Meltdown (Deluxe Version),album,17,"AR,AT,BE,BO,BR,BG,CA,CL,CO,CR,CY,CZ,DK,DO,DE,EC,EE,SV,FI,FR,GR,GT,HN,HK,HU,IS,IE,IT,LV,LT,LU,MY,MT,MX,NL,NI,NO,PA,PY,PE,PH,PL,PT,SG,SK,ES,SE,CH,TW,TR,UY,US,AD,LI,MC,ID,JP,TH,VN,RO,IL,ZA,SA,AE,BH,QA,OM,KW,EG,MA,DZ,TN,LB,JO,PS,IN,BY,KZ,MD,UA,AL,BA,HR,ME,MK,RS,SI,KR,BD,PK,LK,GH,KE,NG,TZ,UG,AG,AM,BS,BB,BZ,BT,BW,BF,CV,CW,DM,GM,GE,GD,GW,GY,HT,JM,LS,LR,MW,MV,ML,FM,NA,NE,PR,SM,ST,SN,SC,SL,KN,LC,VC,SR,TL,TT,AZ,BN,BI,KH,CM,TD,KM,GQ,SZ,GA,GN,KG,LA,MO,MR,MN,NP,RW,TG,UZ,ZW,BJ,MG,MU,MZ,AO,CI,DJ,ZM,CD,CG,IQ,LY,TJ,VE,ET,XK",https://i.scdn.co/image/ab67616d0000b273f2486b438645e97b523e4f90,2012,Pitbull
136,5BvgP623rtvlc0HDcpzquz,Teenage Dream: The Complete Confection,album,19,"AR,AU,AT,BE,BO,BR,BG,CA,CL,CO,CR,CY,CZ,DK,DO,DE,EC,EE,SV,FI,FR,GR,GT,HN,HK,HU,IS,IE,IT,LV,LT,LU,MY,MT,MX,NL,NZ,NI,NO,PA,PY,PE,PH,PL,PT,SG,SK,ES,SE,CH,TW,TR,UY,US,GB,AD,LI,MC,ID,JP,TH,VN,RO,IL,ZA,SA,AE,BH,QA,OM,KW,EG,MA,DZ,TN,LB,JO,PS,IN,BY,KZ,MD,UA,AL,BA,HR,ME,MK,RS,SI,KR,BD,PK,LK,GH,KE,NG,TZ,UG,AG,AM,BS,BB,BZ,BT,BW,BF,CV,CW,DM,FJ,GM,GE,GD,GW,GY,HT,JM,KI,LS,LR,MW,MV,ML,MH,FM,NA,NR,NE,PW,PG,WS,SM,ST,SN,SC,SL,SB,KN,LC,VC,SR,TL,TO,TT,TV,VU,AZ,BN,BI,KH,CM,TD,KM,GQ,SZ,GA,GN,KG,LA,MO,MR,MN,NP,RW,TG,UZ,ZW,BJ,MG,MU,MZ,AO,CI,DJ,ZM,CD,CG,IQ,LY,TJ,VE,ET,XK",https://i.scdn.co/image/ab67616d0000b273937af329667311f4b2831616,2012-03-12,Katy Perry
137,2XPrwlaAHHXnJzP9tBcIzH,Swimming Pools (Drank),single,1,"AR,AU,AT,BE,BO,BR,BG,CA,CL,CO,CR,CY,CZ,DK,DO,DE,EC,EE,SV,FI,FR,GR,GT,HN,HK,HU,IS,IE,IT,LV,LT,LU,MY,MT,MX,NL,NZ,NI,NO,PA,PY,PE,PH,PL,PT,SG,SK,ES,SE,CH,TW,TR,UY,US,AD,LI,MC,ID,JP,TH,VN,RO,IL,ZA,SA,AE,BH,QA,OM,KW,EG,MA,DZ,TN,LB,JO,IN,BY,KZ,MD,UA,AL,BA,HR,ME,MK,RS,SI,KR,BD,PK,LK,GH,KE,NG,TZ,UG,AG,AM,BS,BB,BZ,BT,BW,BF,CV,CW,DM,FJ,GM,GE,GD,GW,GY,HT,JM,KI,LS,LR,MW,MV,ML,MH,FM,NA,NR,NE,PW,PG,WS,SM,ST,SN,SC,SL,SB,KN,LC,VC,SR,TL,TO,TT,TV,VU,AZ,BN,BI,KH,CM,TD,KM,GQ,SZ,GA,GN,KG,LA,MO,MR,MN,NP,RW,TG,UZ,ZW,BJ,MG,MU,MZ,AO,CI,DJ,ZM,CD,CG,IQ,LY,TJ,VE,ET,XK",https://i.scdn.co/image/ab67616d0000b273b5ef185d28724c5573c2ac9c,2012-01-01,Kendrick Lamar
138,6ijGiBcBfUwkoyHn5VUHU2,Overexposed Track By Track,album,33,"AR,AU,AT,BE,BO,BR,BG,CL,CO,CR,CY,CZ,DK,DO,DE,EC,EE,SV,FI,FR,GR,GT,HN,HK,HU,IS,IT,LV,LT,LU,MY,MT,NL,NZ,NI,NO,PA,PY,PE,PH,PL,PT,SG,SK,ES,SE,CH,TW,TR,UY,GB,AD,LI,MC,ID,JP,TH,VN,RO,IL,ZA,PS,IN,BY,KZ,MD,UA,AL,BA,HR,ME,MK,RS,SI,KR,BD,PK,LK,GH,KE,NG,TZ,UG,AG,AM,BS,BB,BZ,BT,BW,BF,CV,CW,DM,FJ,GM,GD,GW,GY,HT,JM,KI,LS,LR,MW,MV,ML,MH,FM,NA,NR,NE,PW,PG,WS,ST,SN,SC,SL,SB,KN,LC,VC,SR,TL,TO,TT,TV,AZ,BN,BI,KH,CM,TD,KM,GQ,SZ,GA,GN,KG,LA,MO,MR,MN,NP,RW,TG,UZ,ZW,BJ,MG,MU,MZ,AO,CI,DJ,ZM,CD,CG,TJ,VE,XK",https://i.scdn.co/image/ab67616d0000b273fc8633e22a7dba6aab817bff,2012-01-01,Maroon 5
139,5UDXzVwWnn3mDy3mTpQPYb,Unapologetic (Edited Version),album,14,"AR,AU,AT,BE,BO,BR,BG,CL,CO,CR,CY,CZ,DK,DO,DE,EC,EE,SV,FI,FR,GR,GT,HN,HK,HU,IS,IE,IT,LV,LT,LU,MY,MT,MX,NL,NZ,NI,NO,PA,PY,PE,PH,PL,PT,SG,SK,ES,SE,CH,TW,TR,UY,GB,AD,LI,MC,ID,JP,TH,VN,RO,IL,ZA,SA,AE,BH,QA,OM,KW,EG,MA,DZ,TN,LB,JO,PS,IN,BY,KZ,MD,UA,AL,BA,HR,ME,MK,RS,SI,KR,BD,PK,LK,GH,KE,NG,TZ,UG,AG,AM,BS,BB,BZ,BT,BW,BF,CV,CW,DM,FJ,GM,GE,GD,GW,GY,HT,JM,KI,LS,LR,MW,MV,ML,MH,FM,NA,NR,NE,PW,PG,WS,SM,ST,SN,SC,SL,SB,KN,LC,VC,SR,TL,TO,TT,TV,VU,AZ,BN,BI,KH,CM,TD,KM,GQ,SZ,GA,GN,KG,LA,MO,MR,MN,NP,RW,TG,UZ,ZW,BJ,MG,MU,MZ,AO,CI,DJ,ZM,CD,CG,IQ,LY,TJ,VE,ET,XK",https://i.scdn.co/image/ab67616d0000b273ab54aadb2320f1c687735d1e,2012-12-10,Rihanna
140,2liUgYwfNNBPAoIpO2ny0z,Futur,album,16,"AR,AU,AT,BE,BO,BR,BG,CL,CO,CR,CY,CZ,DK,DO,DE,EC,EE,SV,FI,FR,GR,GT,HN,HK,HU,IS,IE,IT,LV,LT,LU,MY,MT,MX,NL,NZ,NI,NO,PA,PY,PE,PH,PL,PT,SG,SK,ES,SE,CH,TW,TR,UY,US,GB,AD,LI,MC,ID,JP,TH,VN,RO,IL,ZA,SA,AE,BH,QA,OM,KW,EG,MA,DZ,TN,LB,JO,PS,IN,KZ,MD,UA,AL,BA,HR,ME,MK,RS,SI,KR,BD,PK,LK,GH,KE,NG,TZ,UG,AG,AM,BS,BB,BZ,BT,BW,BF,CV,CW,DM,FJ,GM,GE,GD,GW,GY,HT,JM,KI,LS,LR,MW,MV,ML,MH,FM,NA,NR,NE,PW,PG,WS,SM,ST,SN,SC,SL,SB,KN,LC,VC,SR,TL,TO,TT,TV,VU,AZ,BN,BI,KH,CM,TD,KM,GQ,SZ,GA,GN,KG,LA,MO,MR,MN,NP,RW,TG,UZ,ZW,BJ,MG,MU,MZ,AO,CI,DJ,ZM,CD,CG,IQ,LY,TJ,VE,ET,XK",https://i.scdn.co/image/ab67616d0000b2736069fa7ed17b82e3f1c881b8,2012-01-01,Booba
141,7eLwoxxWs6lfkVYJGkGNbk,Wild Ones,album,10,"AR,AU,AT,BE,BO,BR,BG,CA,CL,CO,CR,CY,CZ,DK,DO,DE,EC,EE,SV,FI,FR,GR,GT,HN,HK,HU,IS,IE,IT,LV,LT,LU,MY,MT,MX,NL,NZ,NI,NO,PA,PY,PE,PH,PL,PT,SG,SK,ES,SE,CH,TW,TR,UY,US,GB,AD,LI,MC,ID,TH,VN,RO,IL,ZA,SA,AE,BH,QA,OM,KW,EG,MA,DZ,TN,LB,JO,PS,IN,BY,KZ,MD,UA,AL,BA,HR,ME,MK,RS,SI,KR,BD,PK,LK,GH,KE,NG,TZ,UG,AG,AM,BS,BB,BZ,BW,BF,CV,CW,DM,FJ,GM,GD,GW,HT,JM,LS,LR,MW,ML,FM,NA,NE,PG,PR,SM,ST,SN,SC,SL,KN,LC,VC,TL,TT,AZ,BN,BI,KH,CM,TD,KM,GQ,SZ,GA,GN,KG,LA,MO,MR,MN,NP,RW,TG,UZ,ZW,BJ,MG,MU,MZ,AO,CI,DJ,ZM,CD,CG,IQ,LY,TJ,VE,ET,XK",https://i.scdn.co/image/ab67616d0000b273871d85943145dde548f4ae09,2012-06-22,Flo Rida
142,5pLlGJrxuQO3jMoQe1XxZY,Unapologetic (Deluxe),album,17,"AR,AU,AT,BE,BO,BR,BG,CL,CO,CR,CY,CZ,DK,DO,DE,EC,EE,SV,FI,FR,GR,GT,HN,HK,HU,IS,IE,IT,LV,LT,LU,MY,MT,MX,NL,NZ,NI,NO,PA,PY,PE,PH,PL,PT,SG,SK,ES,SE,CH,TW,TR,UY,GB,AD,LI,MC,ID,JP,TH,VN,RO,IL,ZA,SA,AE,BH,QA,OM,KW,EG,MA,DZ,TN,LB,JO,PS,IN,BY,KZ,MD,UA,AL,BA,HR,ME,MK,RS,SI,KR,BD,PK,LK,GH,KE,NG,TZ,UG,AG,AM,BS,BB,BZ,BT,BW,BF,CV,CW,DM,FJ,GM,GD,GW,GY,HT,JM,KI,LS,LR,MW,MV,ML,MH,FM,NA,NR,NE,PW,PG,WS,ST,SN,SC,SL,SB,KN,LC,VC,SR,TL,TO,TT,TV,AZ,BN,BI,KH,CM,TD,KM,GQ,SZ,GA,GN,KG,LA,MO,MR,MN,NP,RW,TG,UZ,ZW,BJ,MG,MU,MZ,AO,CI,DJ,ZM,CD,CG,IQ,LY,TJ,VE,XK",https://i.scdn.co/image/ab67616d0000b2736dee21d6cd1823e4d6231d37,2012-12-11,Rihanna
143,6nxDQi0FeEwccEPJeNySoS,Night Visions,album,14,"AR,AU,AT,BE,BO,BR,BG,CL,CO,CR,CY,CZ,DK,DO,DE,EC,EE,SV,FI,FR,GR,GT,HN,HK,HU,IS,IE,IT,LV,LT,LU,MY,MT,NL,NZ,NI,NO,PA,PY,PE,PH,PL,PT,SG,SK,ES,SE,CH,TW,TR,UY,GB,AD,LI,MC,ID,JP,TH,VN,RO,IL,ZA,SA,AE,BH,QA,OM,KW,EG,MA,DZ,TN,LB,JO,PS,IN,BY,KZ,MD,UA,AL,BA,HR,ME,MK,RS,SI,KR,BD,PK,LK,GH,KE,NG,TZ,UG,AG,AM,BS,BB,BZ,BT,BW,BF,CV,CW,DM,FJ,GM,GE,GD,GW,GY,HT,JM,KI,LS,LR,MW,MV,ML,MH,FM,NA,NR,NE,PW,PG,WS,SM,ST,SN,SC,SL,SB,KN,LC,VC,SR,TL,TO,TT,TV,VU,AZ,BN,BI,KH,CM,TD,KM,GQ,SZ,GA,GN,KG,LA,MO,MR,MN,NP,RW,TG,UZ,ZW,BJ,MG,MU,MZ,AO,CI,DJ,ZM,CD,CG,IQ,LY,TJ,VE,ET,XK",https://i.scdn.co/image/ab67616d0000b273407bd04707c463bbb3410737,2012-09-04,Imagine Dragons
144,6TwN6Lq9glwnG8kNp6chHY,Skyfall,single,1,"AR,AU,AT,BE,BO,BR,BG,CA,CL,CO,CR,CY,CZ,DK,DO,DE,EC,EE,SV,FI,FR,GR,GT,HN,HK,HU,IS,IE,IT,LV,LT,LU,MY,MT,MX,NL,NZ,NI,NO,PA,PY,PE,PH,PL,PT,SG,SK,ES,SE,CH,TW,TR,UY,US,GB,AD,LI,MC,ID,JP,TH,VN,RO,IL,ZA,SA,AE,BH,QA,OM,KW,EG,MA,DZ,TN,LB,JO,PS,IN,BY,KZ,MD,UA,AL,BA,HR,ME,MK,RS,SI,KR,BD,PK,LK,GH,KE,NG,TZ,UG,AG,AM,BS,BB,BZ,BT,BW,BF,CV,CW,DM,FJ,GM,GE,GD,GW,GY,HT,JM,KI,LS,LR,MW,MV,ML,MH,FM,NA,NR,NE,PW,PG,PR,WS,SM,ST,SN,SC,SL,SB,KN,LC,VC,SR,TL,TO,TT,TV,VU,AZ,BN,BI,KH,CM,TD,KM,GQ,SZ,GA,GN,KG,LA,MO,MR,MN,NP,RW,TG,UZ,ZW,BJ,MG,MU,MZ,AO,CI,DJ,ZM,CD,CG,IQ,LY,TJ,VE,ET,XK",https://i.scdn.co/image/ab67616d0000b2732737be35cc5245eef495be90,2012-10-04,Adele
145,1hHkSXJ6hAXPAO3Y2UMGP9,On se connaît,single,5,"AR,AU,AT,BE,BO,BR,BG,CL,CO,CR,CY,CZ,DK,DO,DE,EC,EE,SV,FI,FR,GR,GT,HN,HK,HU,IS,IE,IT,LV,LT,LU,MY,MT,MX,NL,NZ,NI,NO,PA,PY,PE,PH,PL,PT,SG,SK,ES,SE,CH,TW,TR,UY,US,GB,AD,LI,MC,ID,JP,TH,VN,RO,IL,ZA,SA,AE,BH,QA,OM,KW,EG,MA,DZ,TN,LB,JO,PS,IN,BY,KZ,MD,UA,AL,BA,HR,ME,MK,RS,SI,KR,BD,PK,LK,GH,KE,NG,TZ,UG,AG,AM,BS,BB,BZ,BT,BW,BF,CV,CW,DM,FJ,GM,GE,GD,GW,GY,HT,JM,KI,LS,LR,MW,MV,ML,MH,FM,NA,NR,NE,PW,PG,PR,WS,SM,ST,SN,SC,SL,SB,KN,LC,VC,SR,TL,TO,TT,TV,VU,AZ,BN,BI,KH,CM,TD,KM,GQ,SZ,GA,GN,KG,LA,MO,MR,MN,NP,RW,TG,UZ,ZW,BJ,MG,MU,MZ,AO,CI,DJ,ZM,CD,CG,IQ,LY,TJ,VE,ET,XK",https://i.scdn.co/image/ab67616d0000b27346236111f268c7326aa63f24,2012-01-01,Youssoupha
146,6b8P3pIe2bH7AO9EQOQwk9,L'Apogée,album,23,"AR,AU,AT,BE,BO,BR,BG,CA,CL,CO,CR,CY,CZ,DK,DO,DE,EC,EE,SV,FI,FR,GR,GT,HN,HK,HU,IS,IE,IT,LV,LT,LU,MY,MT,MX,NL,NZ,NI,NO,PA,PY,PE,PH,PL,PT,SG,SK,ES,SE,CH,TW,TR,UY,US,GB,AD,LI,MC,ID,JP,TH,VN,RO,IL,ZA,SA,AE,BH,QA,OM,KW,EG,MA,DZ,TN,LB,JO,PS,IN,BY,KZ,MD,UA,AL,BA,HR,ME,MK,RS,SI,KR,BD,PK,LK,GH,KE,NG,TZ,UG,AG,AM,BS,BB,BZ,BT,BW,BF,CV,CW,DM,FJ,GM,GE,GD,GW,GY,HT,JM,KI,LS,LR,MW,MV,ML,MH,FM,NA,NR,NE,PW,PG,PR,WS,SM,ST,SN,SC,SL,SB,KN,LC,VC,SR,TL,TO,TT,TV,VU,AZ,BN,BI,KH,CM,TD,KM,GQ,SZ,GA,GN,KG,LA,MO,MR,MN,NP,RW,TG,UZ,ZW,BJ,MG,MU,MZ,AO,CI,DJ,ZM,CD,CG,IQ,LY,TJ,VE,ET,XK",https://i.scdn.co/image/ab67616d0000b27381e6951f23e0a64449c9e975,2012-11-19,Sexion d'Assaut
147,5QWHes9ODwn42DHTifGkXd,The Heist,album,15,"AR,AU,AT,BE,BO,BR,BG,CA,CL,CO,CR,CY,CZ,DK,DO,DE,EC,EE,SV,FI,FR,GR,GT,HN,HK,HU,IS,IE,IT,LV,LT,LU,MY,MT,MX,NL,NZ,NI,NO,PA,PY,PE,PH,PL,PT,SG,SK,ES,SE,CH,TW,TR,UY,US,GB,AD,LI,MC,ID,JP,TH,VN,RO,IL,ZA,SA,AE,BH,QA,OM,KW,EG,MA,DZ,TN,LB,JO,PS,IN,BY,KZ,MD,UA,AL,BA,HR,ME,MK,RS,SI,KR,BD,PK,LK,GH,KE,NG,TZ,UG,AG,AM,BS,BB,BZ,BT,BW,BF,CV,CW,DM,FJ,GM,GE,GD,GW,GY,HT,JM,KI,LS,LR,MW,MV,ML,MH,FM,NA,NR,NE,PW,PG,PR,WS,SM,ST,SN,SC,SL,SB,KN,LC,VC,SR,TL,TO,TT,TV,VU,AZ,BN,BI,KH,CM,TD,KM,GQ,SZ,GA,GN,KG,LA,MO,MR,MN,NP,RW,TG,UZ,ZW,BJ,MG,MU,MZ,AO,CI,DJ,ZM,CD,CG,IQ,LY,TJ,VE,ET,XK",https://i.scdn.co/image/ab67616d0000b2732a6b364528b128a4a17d100d,2012-10-09,"Macklemore, Ryan Lewis, Macklemore & Ryan Lewis"
148,58ufpQsJ1DS5kq4hhzQDiI,Unorthodox Jukebox,album,10,"AR,AU,AT,BE,BO,BR,BG,CA,CL,CO,CR,CY,CZ,DK,DO,DE,EC,EE,SV,FI,FR,GR,GT,HN,HK,HU,IS,IE,IT,LV,LT,LU,MY,MT,MX,NL,NZ,NI,NO,PA,PY,PE,PH,PL,PT,SG,SK,ES,CH,TW,TR,UY,US,GB,LI,ID,JP,TH,VN,RO,IL,ZA,SA,AE,BH,QA,OM,KW,EG,MA,DZ,TN,LB,JO,PS,IN,BY,KZ,MD,UA,AL,BA,HR,ME,MK,RS,SI,KR,BD,PK,LK,GH,KE,NG,TZ,UG,AG,AM,BS,BB,BZ,BW,BF,CV,CW,DM,FJ,GM,GE,GD,GW,HT,JM,LS,LR,MW,ML,FM,NA,NE,PG,PR,ST,SN,SC,SL,KN,LC,VC,TL,TT,AZ,BN,BI,KH,CM,TD,KM,GQ,SZ,GA,GN,KG,LA,MO,MR,MN,NP,RW,TG,UZ,ZW,BJ,MG,MU,MZ,AO,CI,DJ,ZM,CD,CG,IQ,LY,TJ,VE,ET,XK",https://i.scdn.co/image/ab67616d0000b273926f43e7cce571e62720fd46,2012-12-07,Bruno Mars
149,4bTjdxhRRUiWfwj200f9Kl,Nothing but the Beat (Ultimate Edition),album,29,"AR,AU,AT,BE,BO,BR,BG,CA,CL,CO,CR,CY,CZ,DK,DO,DE,EC,EE,SV,FI,FR,GR,GT,HN,HK,HU,IS,IE,IT,LV,LT,LU,MY,MT,MX,NL,NZ,NI,NO,PA,PY,PE,PH,PL,PT,SG,SK,ES,SE,CH,TW,TR,UY,US,GB,AD,LI,MC,ID,JP,TH,VN,RO,IL,ZA,SA,AE,BH,QA,OM,KW,EG,MA,DZ,TN,LB,JO,PS,IN,BY,KZ,MD,UA,AL,BA,HR,ME,MK,RS,SI,KR,BD,PK,LK,GH,KE,NG,TZ,UG,AG,AM,BS,BB,BZ,BT,BW,BF,CV,CW,DM,FJ,GM,GE,GD,GW,GY,HT,JM,KI,LS,LR,MW,MV,ML,MH,FM,NA,NR,NE,PW,PG,PR,WS,SM,ST,SN,SC,SL,SB,KN,LC,VC,SR,TL,TO,TT,TV,VU,AZ,BN,BI,KH,CM,TD,KM,GQ,SZ,GA,GN,KG,LA,MO,MR,MN,NP,RW,TG,UZ,ZW,BJ,MG,MU,MZ,AO,CI,DJ,ZM,CD,CG,IQ,LY,TJ,VE,ET,XK",https://i.scdn.co/image/ab67616d0000b2735c8cfe4b2c4aa89c9c92108e,2012-12-07,David Guetta
150,25r7pEf31viAbsoVHC6bQ4,The Elder Scrolls V: Skyrim: Original Game Soundtrack,album,53,"AR,AU,AT,BE,BO,BR,BG,CA,CL,CO,CR,CY,CZ,DK,DO,DE,EC,EE,SV,FI,FR,GR,GT,HN,HK,HU,IS,IE,IT,LV,LT,LU,MY,MT,MX,NL,NZ,NI,NO,PA,PY,PE,PH,PL,PT,SG,SK,ES,SE,CH,TW,TR,UY,US,GB,AD,LI,MC,ID,JP,TH,VN,RO,IL,ZA,SA,AE,BH,QA,OM,KW,EG,MA,DZ,TN,LB,JO,PS,IN,BY,KZ,MD,UA,AL,BA,HR,ME,MK,RS,SI,KR,BD,PK,LK,GH,KE,NG,TZ,UG,AG,AM,BS,BB,BZ,BT,BW,BF,CV,CW,DM,FJ,GM,GE,GD,GW,GY,HT,JM,KI,LS,LR,MW,MV,ML,MH,FM,NA,NR,NE,PW,PG,PR,WS,SM,ST,SN,SC,SL,SB,KN,LC,VC,SR,TL,TO,TT,TV,VU,AZ,BN,BI,KH,CM,TD,KM,GQ,SZ,GA,GN,KG,LA,MO,MR,MN,NP,RW,TG,UZ,ZW,BJ,MG,MU,MZ,AO,CI,DJ,ZM,CD,CG,IQ,LY,TJ,VE,ET,XK",https://i.scdn.co/image/ab67616d0000b273ccc3b356646cd2d89d880a0a,2013-01-31,Jeremy Soule
151,7CYDRyFCKtAYJBSpfovLyX,Minecraft - Volume Beta,album,30,"AR,AU,AT,BE,BO,BR,BG,CA,CL,CO,CR,CY,CZ,DK,DO,DE,EC,EE,SV,FI,FR,GR,GT,HN,HK,HU,IS,IE,IT,LV,LT,LU,MY,MT,MX,NL,NZ,NI,NO,PA,PY,PE,PH,PL,PT,SG,SK,ES,SE,CH,TW,TR,UY,US,GB,AD,LI,MC,ID,JP,TH,VN,RO,IL,ZA,SA,AE,BH,QA,OM,KW,EG,MA,DZ,TN,LB,JO,PS,IN,BY,KZ,MD,UA,AL,BA,HR,ME,MK,RS,SI,KR,BD,PK,LK,GH,KE,NG,TZ,UG,AG,AM,BS,BB,BZ,BT,BW,BF,CV,CW,DM,FJ,GM,GE,GD,GW,GY,HT,JM,KI,LS,LR,MW,MV,ML,MH,FM,NA,NR,NE,PW,PG,PR,WS,SM,ST,SN,SC,SL,SB,KN,LC,VC,SR,TL,TO,TT,TV,VU,AZ,BN,BI,KH,CM,TD,KM,GQ,SZ,GA,GN,KG,LA,MO,MR,MN,NP,RW,TG,UZ,ZW,BJ,MG,MU,MZ,AO,CI,DJ,ZM,CD,CG,IQ,LY,TJ,VE,ET,XK",https://i.scdn.co/image/ab67616d0000b2734cf0b29eb06a92aa96acae64,2013-11-09,C418
152,10NdiZu48A5Eyb6kvokrsY,Né Pour Mourir,album,10,"AR,AU,AT,BE,BO,BR,BG,CA,CL,CO,CR,CY,CZ,DK,DO,DE,EC,EE,SV,FI,FR,GR,GT,HN,HK,HU,IS,IE,IT,LV,LT,LU,MY,MT,MX,NL,NZ,NI,NO,PA,PY,PE,PH,PL,PT,SG,SK,ES,SE,CH,TW,TR,UY,US,GB,AD,LI,MC,ID,JP,TH,VN,RO,IL,ZA,SA,AE,BH,QA,OM,KW,EG,MA,DZ,TN,LB,JO,PS,IN,BY,KZ,MD,UA,AL,BA,HR,ME,MK,RS,SI,KR,BD,PK,LK,GH,KE,NG,TZ,UG,AG,AM,BS,BB,BZ,BT,BW,BF,CV,CW,DM,FJ,GM,GE,GD,GW,GY,HT,JM,KI,LS,LR,MW,MV,ML,MH,FM,NA,NR,NE,PW,PG,PR,WS,SM,ST,SN,SC,SL,SB,KN,LC,VC,SR,TL,TO,TT,TV,VU,AZ,BN,BI,KH,CM,TD,KM,GQ,SZ,GA,GN,KG,LA,MO,MR,MN,NP,RW,TG,UZ,ZW,BJ,MG,MU,MZ,AO,CI,DJ,ZM,CD,CG,IQ,LY,TJ,VE,ET,XK",https://i.scdn.co/image/ab67616d0000b273c2e7cd6ac1b34af93d984813,2013-06-03,Lacrim
153,3RDqXDc1bAETps54MSSOW0,Bangerz (Deluxe Version),album,16,"AR,AU,AT,BE,BO,BR,BG,CA,CL,CO,CR,CY,CZ,DK,DO,DE,EC,EE,SV,FI,FR,GR,GT,HN,HK,HU,IS,IE,IT,LV,LT,LU,MY,MT,MX,NL,NZ,NI,NO,PA,PY,PE,PH,PL,PT,SG,SK,ES,SE,CH,TW,TR,UY,US,GB,AD,LI,MC,ID,JP,TH,VN,RO,IL,ZA,SA,AE,BH,QA,OM,KW,EG,MA,DZ,TN,LB,JO,PS,IN,BY,KZ,MD,UA,AL,BA,HR,ME,MK,RS,SI,KR,BD,PK,LK,GH,KE,NG,TZ,UG,AG,AM,BS,BB,BZ,BT,BW,BF,CV,CW,DM,FJ,GM,GE,GD,GW,GY,HT,JM,KI,LS,LR,MW,MV,ML,MH,FM,NA,NR,NE,PW,PG,PR,WS,SM,ST,SN,SC,SL,SB,KN,LC,VC,SR,TL,TO,TT,TV,VU,AZ,BN,BI,KH,CM,TD,KM,GQ,SZ,GA,GN,KG,LA,MO,MR,MN,NP,RW,TG,UZ,ZW,BJ,MG,MU,MZ,AO,CI,DJ,ZM,CD,CG,IQ,LY,TJ,VE,ET,XK",https://i.scdn.co/image/ab67616d0000b2736b18d0490878750cd69abf2c,2013-10-04,Miley Cyrus
154,1PjYHybPrB6rU3qABrNldm,Berlin Calling (The Soundtrack by Paul Kalkbrenner),album,12,"AR,AU,AT,BE,BO,BR,BG,CA,CL,CO,CR,CY,CZ,DK,DO,DE,EC,EE,SV,FI,FR,GR,GT,HN,HK,HU,IS,IE,IT,LV,LT,LU,MY,MT,MX,NL,NZ,NI,NO,PA,PY,PE,PH,PL,PT,SG,SK,ES,SE,CH,TW,TR,UY,US,GB,AD,LI,MC,ID,JP,TH,VN,RO,IL,ZA,SA,AE,BH,QA,OM,KW,EG,MA,DZ,TN,LB,JO,PS,IN,BY,KZ,MD,UA,AL,BA,HR,ME,MK,RS,SI,KR,BD,PK,LK,GH,KE,NG,TZ,UG,AG,AM,BS,BB,BZ,BT,BW,BF,CV,CW,DM,FJ,GM,GE,GD,GW,GY,HT,JM,KI,LS,LR,MW,MV,ML,MH,FM,NA,NR,NE,PW,PG,PR,WS,SM,ST,SN,SC,SL,SB,KN,LC,VC,SR,TL,TO,TT,TV,VU,AZ,BN,BI,KH,CM,TD,KM,GQ,SZ,GA,GN,KG,LA,MO,MR,MN,NP,RW,TG,UZ,ZW,BJ,MG,MU,MZ,AO,CI,DJ,ZM,CD,CG,IQ,LY,TJ,VE,ET,XK",https://i.scdn.co/image/ab67616d0000b2730cb46c5042b60091d1b3a659,2013-07-12,Paul Kalkbrenner
155,6IYPmM3xsOPL2XPSvf1ZAz,Sempiternal (Expanded Edition),album,13,"AR,AU,AT,BE,BO,BR,BG,CA,CL,CO,CR,CY,CZ,DK,DO,DE,EC,EE,SV,FI,FR,GR,GT,HN,HK,HU,IS,IE,IT,LV,LT,LU,MY,MT,MX,NL,NZ,NI,NO,PA,PY,PE,PH,PL,PT,SG,SK,ES,SE,CH,TW,TR,UY,US,GB,AD,LI,MC,ID,JP,TH,VN,RO,IL,ZA,SA,AE,BH,QA,OM,KW,EG,MA,DZ,TN,LB,JO,PS,IN,BY,KZ,MD,UA,AL,BA,HR,ME,MK,RS,SI,KR,BD,PK,LK,GH,KE,NG,TZ,UG,AG,AM,BS,BB,BZ,BT,BW,BF,CV,CW,DM,FJ,GM,GE,GD,GW,GY,HT,JM,KI,LS,LR,MW,MV,ML,MH,FM,NA,NR,NE,PW,PG,PR,WS,SM,ST,SN,SC,SL,SB,KN,LC,VC,SR,TL,TO,TT,TV,VU,AZ,BN,BI,KH,CM,TD,KM,GQ,SZ,GA,GN,KG,LA,MO,MR,MN,NP,RW,TG,UZ,ZW,BJ,MG,MU,MZ,AO,CI,DJ,ZM,CD,CG,IQ,LY,TJ,VE,ET,XK",https://i.scdn.co/image/ab67616d0000b27360cf7c8dd93815ccd6cb4830,2013-04-01,Bring Me The Horizon
156,0fd0sVVStoqKR0L5aEJjTb,La Reine des Neiges (Bande Originale Française du Film),compilation,32,"AR,AU,AT,BE,BO,BR,BG,CA,CL,CO,CR,CY,CZ,DK,DO,DE,EC,EE,SV,FI,FR,GR,GT,HN,HK,HU,IS,IE,IT,LV,LT,LU,MY,MT,MX,NL,NZ,NI,NO,PA,PY,PE,PH,PL,PT,SG,SK,ES,SE,CH,TW,TR,UY,US,GB,AD,LI,MC,ID,JP,TH,VN,RO,IL,ZA,SA,AE,BH,QA,OM,KW,EG,MA,DZ,TN,LB,JO,PS,IN,KZ,MD,UA,AL,BA,HR,ME,MK,RS,SI,KR,BD,PK,LK,GH,KE,NG,TZ,UG,AG,AM,BS,BB,BZ,BT,BW,BF,CV,CW,DM,FJ,GM,GE,GD,GW,GY,HT,JM,KI,LS,LR,MW,MV,ML,MH,FM,NA,NR,NE,PW,PG,WS,SM,ST,SN,SC,SL,SB,KN,LC,VC,SR,TL,TO,TT,TV,VU,AZ,BN,BI,KH,CM,TD,KM,GQ,SZ,GA,GN,KG,LA,MO,MR,MN,NP,RW,TG,UZ,ZW,BJ,MG,MU,MZ,AO,CI,DJ,ZM,CD,CG,IQ,LY,TJ,VE,ET,XK",https://i.scdn.co/image/ab67616d0000b273bc1684ff9b818ebdccd52427,2013-01-01,Various Artists
157,3uJ6D2WOPdjwJ0SrsH9EiG,In A Time Lapse,album,14,"AR,AU,AT,BE,BO,BR,BG,CA,CL,CO,CR,CY,CZ,DK,DO,DE,EC,EE,SV,FI,FR,GR,GT,HN,HK,HU,IS,IE,IT,LV,LT,LU,MY,MT,MX,NL,NZ,NI,NO,PA,PY,PE,PH,PL,PT,SG,SK,ES,SE,CH,TW,TR,UY,US,GB,AD,LI,MC,ID,JP,TH,VN,RO,IL,ZA,SA,AE,BH,QA,OM,KW,EG,MA,DZ,TN,LB,JO,PS,IN,BY,KZ,MD,UA,AL,BA,HR,ME,MK,RS,SI,KR,BD,PK,LK,GH,KE,NG,TZ,UG,AG,AM,BS,BB,BZ,BT,BW,BF,CV,CW,DM,FJ,GM,GE,GD,GW,GY,HT,JM,KI,LS,LR,MW,MV,ML,MH,FM,NA,NR,NE,PW,PG,WS,SM,ST,SN,SC,SL,SB,KN,LC,VC,SR,TL,TO,TT,TV,VU,AZ,BN,BI,KH,CM,TD,KM,GQ,SZ,GA,GN,KG,LA,MO,MR,MN,NP,RW,TG,UZ,ZW,BJ,MG,MU,MZ,AO,CI,DJ,ZM,CD,CG,IQ,LY,TJ,VE,ET,XK",https://i.scdn.co/image/ab67616d0000b2736c8ef0538e04f2e28380dcc5,2013-01-01,Ludovico Einaudi
158,1NXqqawbLYitRYoxTMvASE,Futur 2.0 (Deluxe),album,25,"AR,AU,AT,BE,BO,BR,BG,CA,CL,CO,CR,CY,CZ,DK,DO,DE,EC,EE,SV,FI,FR,GR,GT,HN,HK,HU,IS,IE,IT,LV,LT,LU,MY,MT,MX,NL,NZ,NI,NO,PA,PY,PE,PH,PL,PT,SG,SK,ES,SE,CH,TW,TR,UY,US,GB,AD,LI,MC,ID,TH,VN,RO,IL,ZA,SA,AE,BH,QA,OM,KW,EG,MA,DZ,TN,LB,JO,PS,IN,KZ,MD,UA,AL,BA,HR,ME,MK,RS,SI,KR,BD,PK,LK,GH,KE,NG,TZ,UG,AG,AM,BS,BB,BZ,BT,BW,BF,CV,CW,DM,FJ,GM,GE,GD,GW,GY,HT,JM,KI,LS,LR,MW,MV,ML,MH,FM,NA,NR,NE,PW,PG,WS,SM,ST,SN,SC,SL,SB,KN,LC,VC,SR,TL,TO,TT,TV,VU,AZ,BN,BI,KH,CM,TD,KM,GQ,SZ,GA,GN,KG,LA,MO,MR,MN,NP,RW,TG,UZ,ZW,BJ,MG,MU,MZ,AO,CI,DJ,ZM,CD,CG,IQ,LY,TJ,VE,ET,XK",https://i.scdn.co/image/ab67616d0000b273045fd867a5b3288e2cedac3c,2013-11-25,Booba
159,1DhTw3scWdZy0p12Gc761e,Drôle de parcours,album,18,"AR,AU,AT,BE,BO,BR,BG,CA,CL,CO,CR,CY,CZ,DK,DO,DE,EC,EE,SV,FI,FR,GR,GT,HN,HK,HU,IS,IE,IT,LV,LT,LU,MY,MT,MX,NL,NZ,NI,NO,PA,PY,PE,PH,PL,PT,SG,SK,ES,SE,CH,TW,TR,UY,US,GB,AD,LI,MC,ID,JP,TH,VN,RO,IL,ZA,SA,AE,BH,QA,OM,KW,EG,MA,DZ,TN,LB,JO,PS,IN,BY,KZ,MD,UA,AL,BA,HR,ME,MK,RS,SI,KR,BD,PK,LK,GH,KE,NG,TZ,UG,AG,AM,BS,BB,BZ,BT,BW,BF,CV,CW,DM,FJ,GM,GE,GD,GW,GY,HT,JM,KI,LS,LR,MW,MV,ML,MH,FM,NA,NR,NE,PW,PG,PR,WS,SM,ST,SN,SC,SL,SB,KN,LC,VC,SR,TL,TO,TT,TV,VU,AZ,BN,BI,KH,CM,TD,KM,GQ,SZ,GA,GN,KG,LA,MO,MR,MN,NP,RW,TG,UZ,ZW,BJ,MG,MU,MZ,AO,CI,DJ,ZM,CD,CG,IQ,LY,TJ,VE,ET,XK",https://i.scdn.co/image/ab67616d0000b273a5d675381d14229efd1f9615,2013-02-04,La Fouine
160,2Bgfdyrywv3KEe0WwZdb0V,Tribute,album,11,"AR,AU,AT,BE,BO,BR,BG,CA,CL,CO,CR,CY,CZ,DK,DO,DE,EC,EE,SV,FI,FR,GR,GT,HN,HK,HU,IS,IE,IT,LV,LT,LU,MY,MT,MX,NL,NZ,NI,NO,PA,PY,PE,PH,PL,PT,SG,SK,ES,SE,CH,TW,TR,UY,GB,AD,LI,MC,ID,JP,TH,VN,RO,IL,ZA,SA,AE,BH,QA,OM,KW,EG,MA,DZ,TN,LB,JO,PS,IN,BY,KZ,MD,UA,AL,BA,HR,ME,MK,RS,SI,KR,BD,PK,LK,GH,KE,NG,TZ,UG,AG,AM,BS,BB,BZ,BT,BW,BF,CV,CW,DM,FJ,GM,GE,GD,GW,GY,HT,JM,KI,LS,LR,MW,MV,ML,MH,FM,NA,NR,NE,PW,PG,WS,SM,ST,SN,SC,SL,SB,KN,LC,VC,SR,TL,TO,TT,TV,VU,AZ,BN,BI,KH,CM,TD,KM,GQ,SZ,GA,GN,KG,LA,MO,MR,MN,NP,RW,TG,UZ,ZW,BJ,MG,MU,MZ,AO,CI,DJ,ZM,CD,CG,IQ,LY,TJ,VE,ET,XK",https://i.scdn.co/image/ab67616d0000b273b38d10a0f9eabec693d8f96e,2013-01-01,John Newman
161,5yuGLsbL0XTjON5tewyApa,Sugarbread,single,3,"AR,AU,AT,BE,BO,BR,BG,CA,CL,CO,CR,CY,CZ,DK,DO,DE,EC,EE,SV,FI,FR,GR,GT,HN,HK,HU,IS,IE,IT,LV,LT,LU,MY,MT,MX,NL,NZ,NI,NO,PA,PY,PE,PH,PL,PT,SG,SK,ES,SE,CH,TW,TR,UY,US,GB,AD,LI,MC,ID,JP,TH,VN,RO,IL,ZA,SA,AE,BH,QA,OM,KW,EG,MA,DZ,TN,LB,JO,PS,IN,BY,KZ,MD,UA,AL,BA,HR,ME,MK,RS,SI,KR,BD,PK,LK,GH,KE,NG,TZ,UG,AG,AM,BS,BB,BZ,BT,BW,BF,CV,CW,DM,FJ,GM,GE,GD,GW,GY,HT,JM,KI,LS,LR,MW,MV,ML,MH,FM,NA,NR,NE,PW,PG,PR,WS,SM,ST,SN,SC,SL,SB,KN,LC,VC,SR,TL,TO,TT,TV,VU,AZ,BN,BI,KH,CM,TD,KM,GQ,SZ,GA,GN,KG,LA,MO,MR,MN,NP,RW,TG,UZ,ZW,BJ,MG,MU,MZ,AO,CI,DJ,ZM,CD,CG,IQ,LY,TJ,VE,ET,XK",https://i.scdn.co/image/ab67616d0000b27376016873b8c84a5ee37d34d6,2013-03-11,Soap&Skin
162,7pzwt3MlcxBDbLwfKXpOuW,James Arthur,album,13,"AD,AL,AT,BA,BG,CZ,DZ,FR,HR,HU,IL,IT,MA,MC,ME,MK,MT,PL,RO,RS,SI,SK,SM,TN,TR,XK",https://i.scdn.co/image/ab67616d0000b2737e8b3e67304fa044d1499508,2013-10-29,James Arthur
163,6edYDxspt9uQj21mbAfFIb,#willpower,album,15,"AR,AU,AT,BE,BO,BR,BG,CA,CL,CO,CR,CY,CZ,DK,DO,DE,EC,EE,SV,FI,FR,GR,GT,HN,HK,HU,IS,IE,IT,LV,LT,LU,MY,MT,MX,NL,NZ,NI,NO,PA,PY,PE,PH,PL,PT,SG,SK,ES,SE,CH,TW,TR,UY,US,GB,AD,LI,MC,ID,TH,VN,RO,IL,ZA,SA,AE,BH,QA,OM,KW,EG,MA,DZ,TN,LB,JO,IN,BY,KZ,MD,UA,AL,BA,HR,ME,MK,RS,SI,KR,BD,PK,LK,GH,KE,NG,TZ,UG,AG,AM,BS,BB,BZ,BT,BW,BF,CV,CW,DM,FJ,GM,GE,GD,GW,GY,HT,JM,KI,LS,LR,MW,MV,ML,MH,FM,NA,NR,NE,PW,PG,WS,SM,ST,SN,SC,SL,SB,KN,LC,VC,SR,TL,TO,TT,TV,VU,AZ,BN,BI,KH,CM,TD,KM,GQ,SZ,GA,GN,KG,LA,MO,MR,MN,NP,RW,TG,UZ,ZW,BJ,MG,MU,MZ,AO,CI,DJ,ZM,CD,CG,IQ,LY,TJ,VE,ET,XK",https://i.scdn.co/image/ab67616d0000b273e6082141bd7c86ae9f11ea26,2013-01-01,will.i.am
164,1sOIemmP5Kff3k6pbW6PYp,BLIZZARD,single,6,"AR,AU,AT,BE,BO,BR,BG,CA,CL,CO,CR,CY,CZ,DK,DO,DE,EC,EE,SV,FI,FR,GR,GT,HN,HK,HU,IS,IE,IT,LV,LT,LU,MY,MT,MX,NL,NZ,NI,NO,PA,PY,PE,PH,PL,PT,SG,SK,ES,SE,CH,TW,TR,UY,US,GB,AD,LI,MC,ID,JP,TH,VN,RO,IL,ZA,SA,AE,BH,QA,OM,KW,EG,MA,DZ,TN,LB,JO,PS,IN,BY,KZ,MD,UA,AL,BA,HR,ME,MK,RS,SI,KR,BD,PK,LK,GH,KE,NG,TZ,UG,AG,AM,BS,BB,BZ,BT,BW,BF,CV,CW,DM,FJ,GM,GE,GD,GW,GY,HT,JM,KI,LS,LR,MW,MV,ML,MH,FM,NA,NR,NE,PW,PG,PR,WS,SM,ST,SN,SC,SL,SB,KN,LC,VC,SR,TL,TO,TT,TV,VU,AZ,BN,BI,KH,CM,TD,KM,GQ,SZ,GA,GN,KG,LA,MO,MR,MN,NP,RW,TG,UZ,ZW,BJ,MG,MU,MZ,AO,CI,DJ,ZM,CD,CG,IQ,LY,TJ,VE,ET,XK",https://i.scdn.co/image/ab67616d0000b27399bb37b9b06dd1a963257c80,2013-05-20,Fauve
165,1q4B7r3dzzwkarZ1B9bk9e,PARTYNEXTDOOR,album,10,"AR,AU,AT,BE,BO,BR,BG,CA,CL,CO,CR,CY,CZ,DK,DO,DE,EC,EE,SV,FI,FR,GR,GT,HN,HK,HU,IS,IE,IT,LV,LT,LU,MY,MT,MX,NL,NZ,NI,NO,PA,PY,PE,PH,PL,PT,SG,SK,ES,SE,CH,TW,TR,UY,US,GB,AD,LI,MC,ID,JP,TH,VN,RO,IL,ZA,SA,AE,BH,QA,OM,KW,EG,MA,DZ,TN,LB,JO,PS,IN,BY,KZ,MD,UA,AL,BA,HR,ME,MK,RS,SI,KR,BD,PK,LK,GH,KE,NG,TZ,UG,AG,AM,BS,BB,BZ,BT,BW,BF,CV,CW,DM,FJ,GM,GE,GD,GW,GY,HT,JM,KI,LS,LR,MW,MV,ML,MH,FM,NA,NR,NE,PW,PG,PR,WS,SM,ST,SN,SC,SL,SB,KN,LC,VC,SR,TL,TO,TT,TV,VU,AZ,BN,BI,KH,CM,TD,KM,GQ,SZ,GA,GN,KG,LA,MO,MR,MN,NP,RW,TG,UZ,ZW,BJ,MG,MU,MZ,AO,CI,DJ,ZM,CD,CG,IQ,LY,TJ,VE,ET,XK",https://i.scdn.co/image/ab67616d0000b273090b1f9557a6d23c0817bd88,2013-07-01,PARTYNEXTDOOR
166,4xnYue1MP5wspZzWyzEkmQ,The Golden Age,album,14,"AD,FR,MC",https://i.scdn.co/image/ab67616d0000b273948340bd48fcc610c85e3aa6,2013-03-18,Woodkid
167,2ZUFSbIkmFkGag000RWOpA,Nothing Was The Same (Deluxe),album,16,"AR,AU,AT,BE,BO,BR,BG,CA,CL,CO,CR,CY,CZ,DK,DO,DE,EC,EE,SV,FI,FR,GR,GT,HN,HK,HU,IS,IE,IT,LV,LT,LU,MY,MT,MX,NL,NZ,NI,NO,PA,PY,PE,PH,PL,PT,SG,SK,ES,SE,CH,TW,TR,UY,GB,AD,LI,MC,ID,TH,VN,RO,IL,ZA,SA,AE,BH,QA,OM,KW,EG,MA,DZ,TN,LB,JO,PS,IN,BY,KZ,MD,UA,AL,BA,HR,ME,MK,RS,SI,KR,PK,LK,GH,KE,NG,TZ,UG,AG,AM,BS,BB,BZ,BT,BW,BF,CV,CW,DM,FJ,GM,GD,GW,GY,JM,KI,LS,LR,MW,MV,ML,MH,FM,NA,NR,NE,PW,PG,WS,ST,SN,SC,SL,SB,KN,LC,VC,SR,TL,TO,TT,TV,AZ,BN,BI,KH,CM,TD,KM,GQ,SZ,GA,GN,KG,LA,MO,MR,MN,NP,RW,TG,UZ,ZW,BJ,MG,MU,MZ,AO,CI,DJ,ZM,CD,CG,IQ,LY,TJ,VE,XK",https://i.scdn.co/image/ab67616d0000b273adfb5909ec66db5fbb4d06c8,2013-01-01,Drake
168,3qpAHoOLWeXRNTaGzeYf13,THIS IS... ICONA POP,album,11,"AG,AM,AR,AU,AZ,BB,BE,BO,BR,BS,BW,BZ,CL,CO,CR,CV,CW,CY,DK,DM,DO,EC,ES,FI,FJ,FM,FR,GD,GH,GM,GR,GT,GW,HN,HT,IL,IT,JM,KE,KG,KN,KZ,LC,LU,MD,MN,MT,MU,MX,MZ,NA,NE,NG,NI,NL,NO,NZ,PA,PE,PG,PR,PT,PY,SV,SZ,TD,TJ,TR,TT,UA,UG,UY,UZ,VC,VE,ZA,ZW",https://i.scdn.co/image/ab67616d0000b27351b4a23b47059a9aef703df6,2013-08-23,Icona Pop
169,5fdRqRdlIX33J8ruK9jd3I,LØVE,album,17,"AR,AU,AT,BE,BO,BR,BG,CA,CL,CO,CR,CY,CZ,DK,DO,DE,EC,EE,SV,FI,FR,GR,GT,HN,HK,HU,IS,IE,IT,LV,LT,LU,MY,MT,MX,NL,NZ,NI,NO,PA,PY,PE,PH,PL,PT,SG,SK,ES,SE,CH,TW,TR,UY,US,GB,AD,LI,MC,ID,JP,TH,VN,RO,IL,ZA,SA,AE,BH,QA,OM,KW,EG,MA,DZ,TN,LB,JO,PS,IN,BY,KZ,MD,UA,AL,BA,HR,ME,MK,RS,SI,KR,BD,PK,LK,GH,KE,NG,TZ,UG,AG,AM,BS,BB,BZ,BT,BW,BF,CV,CW,DM,FJ,GM,GE,GD,GW,GY,HT,JM,KI,LS,LR,MW,MV,ML,MH,FM,NA,NR,NE,PW,PG,PR,WS,SM,ST,SN,SC,SL,SB,KN,LC,VC,SR,TL,TO,TT,TV,VU,AZ,BN,BI,KH,CM,TD,KM,GQ,SZ,GA,GN,KG,LA,MO,MR,MN,NP,RW,TG,UZ,ZW,BJ,MG,MU,MZ,AO,CI,DJ,ZM,CD,CG,IQ,LY,TJ,VE,ET,XK",https://i.scdn.co/image/ab67616d0000b2730489bcd70ce98903179df96d,2013-10-28,Julien Doré
170,0rFKJTkteZamC0YcH3ZWf4,Recto verso (Deluxe),album,17,"AR,AU,AT,BE,BO,BR,BG,CA,CL,CO,CR,CY,CZ,DK,DO,DE,EC,EE,SV,FI,FR,GR,GT,HN,HK,HU,IS,IE,IT,LV,LT,LU,MY,MT,MX,NL,NZ,NI,NO,PA,PY,PE,PH,PL,PT,SG,SK,ES,SE,CH,TW,TR,UY,US,GB,AD,LI,MC,ID,JP,TH,VN,RO,IL,ZA,SA,AE,BH,QA,OM,KW,EG,MA,DZ,TN,LB,JO,PS,IN,BY,KZ,MD,UA,AL,BA,HR,ME,MK,RS,SI,KR,BD,PK,LK,GH,KE,NG,TZ,UG,AG,AM,BS,BB,BZ,BT,BW,BF,CV,CW,DM,FJ,GM,GE,GD,GW,GY,HT,JM,KI,LS,LR,MW,MV,ML,MH,FM,NA,NR,NE,PW,PG,PR,WS,SM,ST,SN,SC,SL,SB,KN,LC,VC,SR,TL,TO,TT,TV,VU,AZ,BN,BI,KH,CM,TD,KM,GQ,SZ,GA,GN,KG,LA,MO,MR,MN,NP,RW,TG,UZ,ZW,BJ,MG,MU,MZ,AO,CI,DJ,ZM,CD,CG,IQ,LY,TJ,VE,ET,XK",https://i.scdn.co/image/ab67616d0000b273a26dc692f35673eb199c446f,2013-05-10,Zaz
171,0NkqqsWsv0pQiZlhHf9D9U,Je veux du bonheur,album,11,"AR,BE,BO,BR,CA,CL,CO,CR,CY,DK,DO,EC,SV,FI,FR,GR,GT,HN,HK,IS,IE,IT,LU,MY,MT,MX,NL,NI,NO,PA,PY,PE,PH,PT,SG,ES,SE,CH,TW,TR,UY,US,GB,AD,MC,ID,TH,VN,IL,ZA,SA,AE,BH,QA,OM,KW,EG,MA,DZ,TN,LB,JO,PS,IN,KR,BD,PK,LK,GH,KE,NG,TZ,UG,AG,BS,BB,BZ,BW,BF,CV,CW,DM,GM,GD,GW,HT,JM,LS,LR,MW,ML,NA,NE,PR,SM,ST,SN,SC,SL,KN,LC,VC,TL,TT,BN,BI,KH,CM,TD,KM,GQ,SZ,GA,GN,LA,MO,MR,RW,TG,ZW,BJ,MG,MU,MZ,AO,CI,DJ,ZM,CD,CG,IQ,LY,VE,ET",https://i.scdn.co/image/ab67616d0000b2738c12836e43e6e9ca8d445206,2013-06-10,Christophe Maé
172,62G8fGmvZdmq79vzIh8RRI,"MZ Music, Vol. 2",compilation,14,"AR,AU,AT,BE,BO,BR,BG,CA,CL,CO,CR,CY,CZ,DK,DO,DE,EC,EE,SV,FI,FR,GR,GT,HN,HK,HU,IS,IE,IT,LV,LT,LU,MY,MT,MX,NL,NZ,NI,NO,PA,PY,PE,PH,PL,PT,SG,SK,ES,SE,CH,TW,TR,UY,GB,AD,LI,MC,ID,JP,TH,VN,RO,IL,ZA,SA,AE,BH,QA,OM,KW,EG,MA,DZ,TN,LB,JO,PS,IN,BY,KZ,MD,UA,AL,BA,HR,ME,MK,RS,SI,KR,BD,PK,LK,GH,KE,NG,TZ,UG,AG,AM,BS,BB,BZ,BT,BW,BF,CV,CW,DM,FJ,GM,GE,GD,GW,GY,HT,JM,KI,LS,LR,MW,MV,ML,MH,FM,NA,NR,NE,PW,PG,WS,SM,ST,SN,SC,SL,SB,KN,LC,VC,SR,TL,TO,TT,TV,VU,AZ,BN,BI,KH,CM,TD,KM,GQ,SZ,GA,GN,KG,LA,MO,MR,MN,NP,RW,TG,UZ,ZW,BJ,MG,MU,MZ,AO,CI,DJ,ZM,CD,CG,IQ,LY,TJ,VE,ET,XK",https://i.scdn.co/image/ab67616d0000b273fca47104f50f8aedeb4c8974,2013-07-01,MZ
173,6Pqlfg42Sc3ElNuyt5NUiK,I Am Not A Human Being II (Deluxe),album,17,"AR,AU,AT,BE,BO,BR,BG,CA,CL,CO,CR,CY,CZ,DK,DO,DE,EC,EE,SV,FI,FR,GR,GT,HN,HK,HU,IS,IE,IT,LV,LT,LU,MY,MT,MX,NL,NZ,NI,NO,PA,PY,PE,PH,PL,PT,SG,SK,ES,SE,CH,TW,TR,UY,US,GB,AD,LI,MC,ID,TH,VN,RO,IL,ZA,SA,AE,BH,QA,OM,KW,EG,MA,DZ,TN,LB,JO,PS,IN,BY,KZ,MD,UA,AL,BA,HR,ME,MK,RS,SI,KR,BD,PK,LK,GH,KE,NG,TZ,UG,AG,AM,BS,BB,BZ,BT,BW,BF,CV,CW,DM,FJ,GM,GE,GD,GW,GY,HT,JM,KI,LS,LR,MW,MV,ML,MH,FM,NA,NR,NE,PW,PG,WS,SM,ST,SN,SC,SL,SB,KN,LC,VC,SR,TL,TO,TT,TV,VU,AZ,BN,BI,KH,CM,TD,KM,GQ,SZ,GA,GN,KG,LA,MO,MR,MN,NP,RW,TG,UZ,ZW,BJ,MG,MU,MZ,AO,CI,DJ,ZM,CD,CG,IQ,LY,TJ,VE,ET,XK",https://i.scdn.co/image/ab67616d0000b27380c64a084164867806ea617a,2013-01-01,Lil Wayne
174,3rLiil7YBkoGXLrFtwYcju,In A Tidal Wave of Mystery,album,12,"AR,AU,AT,BE,BO,BR,BG,CA,CL,CO,CR,CY,CZ,DK,DO,DE,EC,EE,SV,FI,FR,GR,GT,HN,HK,HU,IS,IE,IT,LV,LT,LU,MY,MT,MX,NL,NZ,NI,NO,PA,PY,PE,PH,PL,PT,SG,SK,ES,SE,CH,TW,TR,UY,US,GB,AD,LI,MC,ID,JP,TH,VN,RO,IL,ZA,SA,AE,BH,QA,OM,KW,EG,MA,DZ,TN,LB,JO,PS,IN,BY,KZ,MD,UA,AL,BA,HR,ME,MK,RS,SI,KR,BD,PK,LK,GH,KE,NG,TZ,UG,AG,AM,BS,BB,BZ,BT,BW,BF,CV,CW,DM,FJ,GM,GE,GD,GW,GY,HT,JM,KI,LS,LR,MW,MV,ML,MH,FM,NA,NR,NE,PW,PG,PR,WS,SM,ST,SN,SC,SL,SB,KN,LC,VC,SR,TL,TO,TT,TV,VU,AZ,BN,BI,KH,CM,TD,KM,GQ,SZ,GA,GN,KG,LA,MO,MR,MN,NP,RW,TG,UZ,ZW,BJ,MG,MU,MZ,AO,CI,DJ,ZM,CD,CG,IQ,LY,TJ,VE,ET,XK",https://i.scdn.co/image/ab67616d0000b273b03e92f4e7dcd9db3a06c869,2013-06-04,Capital Cities
175,7p1fX8aUySrBdx4WSYspOu,Midnight Memories (Deluxe),album,18,"AR,AU,AT,BE,BO,BR,BG,CA,CL,CO,CR,CY,CZ,DK,DO,DE,EC,EE,SV,FI,FR,GR,GT,HN,HK,HU,IS,IE,IT,LV,LT,LU,MY,MT,MX,NL,NZ,NI,NO,PA,PY,PE,PH,PL,PT,SG,SK,ES,SE,CH,TW,TR,UY,US,GB,AD,LI,MC,ID,JP,TH,VN,RO,IL,ZA,SA,AE,BH,QA,OM,KW,EG,MA,DZ,TN,LB,JO,PS,IN,BY,KZ,MD,UA,AL,BA,HR,ME,MK,RS,SI,KR,BD,PK,LK,GH,KE,NG,TZ,UG,AG,AM,BS,BB,BZ,BT,BW,BF,CV,CW,DM,FJ,GM,GE,GD,GW,GY,HT,JM,KI,LS,LR,MW,MV,ML,MH,FM,NA,NR,NE,PW,PG,PR,WS,SM,ST,SN,SC,SL,SB,KN,LC,VC,SR,TL,TO,TT,TV,VU,AZ,BN,BI,KH,CM,TD,KM,GQ,SZ,GA,GN,KG,LA,MO,MR,MN,NP,RW,TG,UZ,ZW,BJ,MG,MU,MZ,AO,CI,DJ,ZM,CD,CG,IQ,LY,TJ,VE,ET,XK",https://i.scdn.co/image/ab67616d0000b2732f76b797c382bedcafdf45e1,2013-11-25,One Direction
176,7bdjtx1RTkWoSoOaIl7a8E,Settle (Special Edition),album,37,"AR,AU,AT,BE,BO,BR,BG,CA,CL,CO,CR,CY,CZ,DK,DO,DE,EC,EE,SV,FI,FR,GR,GT,HN,HK,HU,IS,IE,IT,LV,LT,LU,MY,MT,MX,NL,NZ,NI,NO,PA,PY,PE,PH,PL,PT,SG,SK,ES,SE,CH,TW,TR,UY,US,GB,AD,LI,MC,ID,JP,TH,VN,RO,IL,ZA,SA,AE,BH,QA,OM,KW,EG,MA,DZ,TN,LB,JO,PS,IN,BY,KZ,MD,UA,AL,BA,HR,ME,MK,RS,SI,KR,BD,PK,LK,GH,KE,NG,TZ,UG,AG,AM,BS,BB,BZ,BT,BW,BF,CV,CW,DM,FJ,GM,GE,GD,GW,GY,HT,JM,KI,LS,LR,MW,MV,ML,MH,FM,NA,NR,NE,PW,PG,WS,SM,ST,SN,SC,SL,SB,KN,LC,VC,SR,TL,TO,TT,TV,VU,AZ,BN,BI,KH,CM,TD,KM,GQ,SZ,GA,GN,KG,LA,MO,MR,MN,NP,RW,TG,UZ,ZW,BJ,MG,MU,MZ,AO,CI,DJ,ZM,CD,CG,IQ,LY,TJ,VE,ET,XK",https://i.scdn.co/image/ab67616d0000b273786201dca187d2b0c956c24b,2013-06-03,Disclosure
177,0Zj0SbVg3AQQaCVIS1TDN9,Or Noir,album,17,"AR,AU,AT,BE,BO,BR,BG,CA,CL,CO,CR,CY,CZ,DK,DO,DE,EC,EE,SV,FI,FR,GR,GT,HN,HK,HU,IS,IE,IT,LV,LT,LU,MY,MT,MX,NL,NZ,NI,NO,PA,PY,PE,PH,PL,PT,SG,SK,ES,SE,CH,TW,TR,UY,US,GB,AD,LI,MC,ID,JP,TH,VN,RO,IL,ZA,SA,AE,BH,QA,OM,KW,EG,MA,DZ,TN,LB,JO,PS,IN,KZ,MD,UA,AL,BA,HR,ME,MK,RS,SI,KR,BD,PK,LK,GH,KE,NG,TZ,UG,AG,AM,BS,BB,BZ,BT,BW,BF,CV,CW,DM,FJ,GM,GE,GD,GW,GY,HT,JM,KI,LS,LR,MW,MV,ML,MH,FM,NA,NR,NE,PW,PG,WS,SM,ST,SN,SC,SL,SB,KN,LC,VC,SR,TL,TO,TT,TV,VU,AZ,BN,BI,KH,CM,TD,KM,GQ,SZ,GA,GN,KG,LA,MO,MR,MN,NP,RW,TG,UZ,ZW,BJ,MG,MU,MZ,AO,CI,DJ,ZM,CD,CG,IQ,LY,TJ,VE,ET,XK",https://i.scdn.co/image/ab67616d0000b273e7639e45d5213cb381d337da,2013-01-01,Kaaris
178,4betqQELpLxNJ6pshbCGfu,All the Little Lights (Deluxe Version),album,20,"AD,AL,AM,AZ,BA,BE,BG,BY,CW,CY,CZ,DK,EE,ES,FI,FR,GE,GR,HR,HU,IL,IT,KG,KZ,LI,LT,LU,LV,MD,ME,MK,MN,MT,NL,NO,PL,PT,RO,SE,SI,SK,SM,TJ,TR,UA,UZ",https://i.scdn.co/image/ab67616d0000b27383b56b03fd0052c604a32eba,2013-08-26,Passenger
179,3vOgbDjgsZBAPwV2M3bNOj,The Marshall Mathers LP2,album,16,"AR,AU,AT,BE,BO,BR,BG,CA,CL,CO,CR,CY,CZ,DK,DO,DE,EC,EE,SV,FI,FR,GR,GT,HN,HK,HU,IS,IE,IT,LV,LT,LU,MY,MT,MX,NL,NZ,NI,NO,PA,PY,PE,PH,PL,PT,SG,SK,ES,SE,CH,TW,TR,UY,US,GB,AD,LI,MC,ID,JP,TH,VN,RO,IL,ZA,SA,AE,BH,QA,OM,KW,EG,MA,DZ,TN,LB,JO,PS,IN,BY,KZ,MD,UA,AL,BA,HR,ME,MK,RS,SI,KR,BD,PK,LK,GH,KE,NG,TZ,UG,AG,AM,BS,BB,BZ,BT,BW,BF,CV,CW,DM,FJ,GM,GE,GD,GW,GY,HT,JM,KI,LS,LR,MW,MV,ML,MH,FM,NA,NR,NE,PW,PG,WS,SM,ST,SN,SC,SL,SB,KN,LC,VC,SR,TL,TO,TT,TV,VU,AZ,BN,BI,KH,CM,TD,KM,GQ,SZ,GA,GN,KG,LA,MO,MR,MN,NP,RW,TG,UZ,ZW,BJ,MG,MU,MZ,AO,CI,DJ,ZM,CD,CG,IQ,LY,TJ,VE,ET,XK",https://i.scdn.co/image/ab67616d0000b2733c65085a58aae2cccd892cbe,2013-11-05,Eminem
180,0pMzRUC8E529jeJuWOc0J3,If You Wait,album,17,"AD,FR,MC",https://i.scdn.co/image/ab67616d0000b273fc44f29c2985a7107823a23d,2013-09-09,London Grammar
181,3jB9yFDwRe3KhtGnHXJntk,PRISM,album,13,"AR,AU,AT,BE,BO,BR,BG,CA,CL,CO,CR,CY,CZ,DK,DO,DE,EC,EE,SV,FI,FR,GR,GT,HN,HK,HU,IS,IE,IT,LV,LT,LU,MY,MT,MX,NL,NZ,NI,NO,PA,PY,PE,PH,PL,PT,SG,SK,ES,SE,CH,TW,TR,UY,US,GB,AD,LI,MC,ID,JP,TH,VN,RO,IL,ZA,SA,AE,BH,QA,OM,KW,EG,MA,DZ,TN,LB,JO,PS,IN,BY,KZ,MD,UA,AL,BA,HR,ME,MK,RS,SI,KR,BD,PK,LK,GH,KE,NG,TZ,UG,AG,AM,BS,BB,BZ,BT,BW,BF,CV,CW,DM,FJ,GM,GE,GD,GW,GY,HT,JM,KI,LS,LR,MW,MV,ML,MH,FM,NA,NR,NE,PW,PG,WS,SM,ST,SN,SC,SL,SB,KN,LC,VC,SR,TL,TO,TT,TV,VU,AZ,BN,BI,KH,CM,TD,KM,GQ,SZ,GA,GN,KG,LA,MO,MR,MN,NP,RW,TG,UZ,ZW,BJ,MG,MU,MZ,AO,CI,DJ,ZM,CD,CG,IQ,LY,TJ,VE,ET,XK",https://i.scdn.co/image/ab67616d0000b2731e9a057052d59004caf47e22,2013-01-01,Katy Perry
182,6rzMufuu8sLkIizM4q9c7J,LONG.LIVE.A$AP (Deluxe Version),album,17,"AR,AU,AT,BE,BO,BR,BG,CA,CL,CO,CR,CY,CZ,DK,DO,DE,EC,EE,SV,FI,FR,GR,GT,HN,HK,HU,IS,IE,IT,LV,LT,LU,MY,MT,MX,NL,NZ,NI,NO,PA,PY,PE,PH,PL,PT,SG,SK,ES,SE,CH,TW,TR,UY,US,GB,AD,LI,MC,ID,JP,TH,VN,RO,IL,ZA,SA,AE,BH,QA,OM,KW,EG,MA,DZ,TN,LB,JO,PS,IN,BY,KZ,MD,UA,AL,BA,HR,ME,MK,RS,SI,KR,BD,PK,LK,GH,KE,NG,TZ,UG,AG,AM,BS,BB,BZ,BT,BW,BF,CV,CW,DM,FJ,GM,GE,GD,GW,GY,HT,JM,KI,LS,LR,MW,MV,ML,MH,FM,NA,NR,NE,PW,PG,PR,WS,SM,ST,SN,SC,SL,SB,KN,LC,VC,SR,TL,TO,TT,TV,VU,AZ,BN,BI,KH,CM,TD,KM,GQ,SZ,GA,GN,KG,LA,MO,MR,MN,NP,RW,TG,UZ,ZW,BJ,MG,MU,MZ,AO,CI,DJ,ZM,CD,CG,IQ,LY,TJ,VE,ET,XK",https://i.scdn.co/image/ab67616d0000b2732ae92030b51fb8135d694af9,2013,A$AP Rocky
183,4m2880jivSbbyEGAKfITCa,Random Access Memories,album,13,"AR,AU,AT,BE,BO,BR,BG,CA,CL,CO,CR,CY,CZ,DK,DO,DE,EC,EE,SV,FI,FR,GR,GT,HN,HK,HU,IS,IE,IT,LV,LT,LU,MY,MT,MX,NL,NZ,NI,NO,PA,PY,PE,PH,PL,PT,SG,SK,ES,SE,CH,TW,TR,UY,US,GB,AD,LI,MC,ID,JP,TH,VN,RO,IL,ZA,SA,AE,BH,QA,OM,KW,EG,MA,DZ,TN,LB,JO,PS,IN,BY,KZ,MD,UA,AL,BA,HR,ME,MK,RS,SI,KR,BD,PK,LK,GH,KE,NG,TZ,UG,AG,AM,BS,BB,BZ,BT,BW,BF,CV,CW,DM,FJ,GM,GE,GD,GW,GY,HT,JM,KI,LS,LR,MW,MV,ML,MH,FM,NA,NR,NE,PW,PG,PR,WS,SM,ST,SN,SC,SL,SB,KN,LC,VC,SR,TL,TO,TT,TV,VU,AZ,BN,BI,KH,CM,TD,KM,GQ,SZ,GA,GN,KG,LA,MO,MR,MN,NP,RW,TG,UZ,ZW,BJ,MG,MU,MZ,AO,CI,DJ,ZM,CD,CG,IQ,LY,TJ,VE,ET,XK",https://i.scdn.co/image/ab67616d0000b2739b9b36b0e22870b9f542d937,2013-05-20,Daft Punk
184,0rmhjUgoVa17LZuS8xWQ3v,Pure Heroine,album,10,"AR,AU,AT,BE,BO,BR,BG,CA,CL,CO,CR,CY,CZ,DK,DO,DE,EC,EE,SV,FI,FR,GR,GT,HN,HK,HU,IS,IE,IT,LV,LT,LU,MY,MT,MX,NL,NZ,NI,NO,PA,PY,PE,PH,PL,PT,SG,SK,ES,SE,CH,TW,TR,UY,US,GB,AD,LI,MC,ID,TH,VN,RO,ZA,SA,AE,BH,QA,OM,KW,EG,MA,DZ,TN,LB,JO,PS,IN,BY,KZ,MD,UA,AL,BA,HR,ME,MK,RS,SI,KR,BD,PK,LK,GH,KE,NG,TZ,UG,AG,AM,BS,BB,BZ,BT,BW,BF,CV,CW,DM,FJ,GM,GE,GD,GW,GY,HT,JM,KI,LS,LR,MW,MV,ML,MH,FM,NA,NR,NE,PW,PG,WS,SM,ST,SN,SC,SL,SB,KN,LC,VC,SR,TL,TO,TT,TV,VU,AZ,BN,BI,KH,CM,TD,KM,GQ,SZ,GA,GN,KG,LA,MO,MR,MN,NP,RW,TG,UZ,ZW,BJ,MG,MU,MZ,AO,CI,DJ,ZM,CD,CG,IQ,LY,TJ,VE,ET,XK",https://i.scdn.co/image/ab67616d0000b273187331e276c898d39764cc98,2013-09-27,Lorde
185,2TGMa7UcpLmLkPhn1p3Ff4,Orelsan et Gringe sont les Casseurs Flowters,album,18,"AR,AU,AT,BE,BO,BR,BG,CA,CL,CO,CR,CY,CZ,DK,DO,DE,EC,EE,SV,FI,FR,GR,GT,HN,HK,HU,IS,IE,IT,LV,LT,LU,MY,MT,MX,NL,NZ,NI,NO,PA,PY,PE,PH,PL,PT,SG,SK,ES,SE,CH,TW,TR,UY,US,GB,AD,LI,MC,ID,JP,TH,VN,RO,IL,ZA,SA,AE,BH,QA,OM,KW,EG,MA,DZ,TN,LB,JO,PS,IN,BY,KZ,MD,UA,AL,BA,HR,ME,MK,RS,SI,KR,BD,PK,LK,GH,KE,NG,TZ,UG,AG,AM,BS,BB,BZ,BT,BW,BF,CV,CW,DM,FJ,GM,GE,GD,GW,GY,HT,JM,KI,LS,LR,MW,MV,ML,MH,FM,NA,NR,NE,PW,PG,PR,WS,SM,ST,SN,SC,SL,SB,KN,LC,VC,SR,TL,TO,TT,TV,VU,AZ,BN,BI,KH,CM,TD,KM,GQ,SZ,GA,GN,KG,LA,MO,MR,MN,NP,RW,TG,UZ,ZW,BJ,MG,MU,MZ,AO,CI,DJ,ZM,CD,CG,IQ,LY,TJ,VE,ET,XK",https://i.scdn.co/image/ab67616d0000b2737e3da1103022c12cb530ca84,2013-11-18,Casseurs Flowters
186,2ePFIvZKMe8zefATp9ofFA,Get Lucky (Radio Edit) [feat. Pharrell Williams and Nile Rodgers],single,1,"AR,AU,AT,BE,BO,BR,BG,CA,CL,CO,CR,CY,CZ,DK,DO,DE,EC,EE,SV,FI,FR,GR,GT,HN,HK,HU,IS,IE,IT,LV,LT,LU,MY,MT,MX,NL,NZ,NI,NO,PA,PY,PE,PH,PL,PT,SG,SK,ES,SE,CH,TW,TR,UY,US,GB,AD,LI,MC,ID,JP,TH,VN,RO,IL,ZA,SA,AE,BH,QA,OM,KW,EG,MA,DZ,TN,LB,JO,PS,IN,BY,KZ,MD,UA,AL,BA,HR,ME,MK,RS,SI,KR,BD,PK,LK,GH,KE,NG,TZ,UG,AG,AM,BS,BB,BZ,BT,BW,BF,CV,CW,DM,FJ,GM,GE,GD,GW,GY,HT,JM,KI,LS,LR,MW,MV,ML,MH,FM,NA,NR,NE,PW,PG,PR,WS,SM,ST,SN,SC,SL,SB,KN,LC,VC,SR,TL,TO,TT,TV,VU,AZ,BN,BI,KH,CM,TD,KM,GQ,SZ,GA,GN,KG,LA,MO,MR,MN,NP,RW,TG,UZ,ZW,BJ,MG,MU,MZ,AO,CI,DJ,ZM,CD,CG,IQ,LY,TJ,VE,ET,XK",https://i.scdn.co/image/ab67616d0000b2731d5cf960a92bb8b03fc2be7f,2013-04-19,"Daft Punk, Pharrell Williams, Nile Rodgers"
187,0Yi8StK0Si3u2bLr3Qsm2Q,x (Wembley Edition),album,24,FR,https://i.scdn.co/image/ab67616d0000b273b81ce469fb895a3dbd7f896d,2013,Ed Sheeran
188,1iCwsK0jUzBPQx7XEpumbz,Sadnecessary,album,14,"AR,AU,AT,BE,BO,BR,BG,CL,CO,CR,CY,CZ,DK,DO,DE,EC,EE,SV,FI,FR,GR,GT,HN,HK,HU,IS,IE,IT,LV,LT,LU,MY,MT,NL,NZ,NI,NO,PA,PY,PE,PH,PL,PT,SG,SK,ES,SE,CH,TW,TR,UY,GB,AD,LI,MC,ID,JP,TH,VN,RO,IL,ZA,SA,AE,BH,QA,OM,KW,EG,MA,DZ,TN,LB,JO,PS,IN,BY,KZ,MD,UA,AL,BA,HR,ME,MK,RS,SI,KR,BD,PK,LK,GH,KE,NG,TZ,UG,AG,AM,BS,BB,BZ,BT,BW,BF,CV,CW,DM,FJ,GM,GE,GD,GW,GY,HT,JM,KI,LS,LR,MW,MV,ML,MH,FM,NA,NR,NE,PW,PG,PR,WS,SM,ST,SN,SC,SL,SB,KN,LC,VC,SR,TL,TO,TT,TV,VU,AZ,BN,BI,KH,CM,TD,KM,GQ,SZ,GA,GN,KG,LA,MO,MR,MN,NP,RW,TG,UZ,ZW,BJ,MG,MU,MZ,AO,CI,DJ,ZM,CD,CG,IQ,LY,TJ,VE,ET,XK",https://i.scdn.co/image/ab67616d0000b2732001bc1b4dd82d06631fcb9e,2013-05-31,Milky Chance
189,20lOt6G8MHv8ZO7ViOmiP7,Native,album,12,"AR,AU,AT,BE,BO,BR,BG,CA,CL,CO,CR,CY,CZ,DK,DO,DE,EC,EE,SV,FI,FR,GR,GT,HN,HK,HU,IS,IE,IT,LV,LT,LU,MY,MT,MX,NL,NZ,NI,NO,PA,PY,PE,PH,PL,PT,SG,SK,ES,SE,CH,TW,TR,UY,US,GB,AD,LI,MC,ID,JP,TH,VN,RO,IL,ZA,SA,AE,BH,QA,OM,KW,EG,MA,DZ,TN,LB,JO,PS,IN,BY,KZ,MD,UA,AL,BA,HR,ME,MK,RS,SI,KR,BD,PK,LK,GH,KE,NG,TZ,UG,AG,AM,BS,BB,BZ,BT,BW,BF,CV,CW,DM,FJ,GM,GE,GD,GW,GY,HT,JM,KI,LS,LR,MW,MV,ML,MH,FM,NA,NR,NE,PW,PG,WS,SM,ST,SN,SC,SL,SB,KN,LC,VC,SR,TL,TO,TT,TV,VU,AZ,BN,BI,KH,CM,TD,KM,GQ,SZ,GA,GN,KG,LA,MO,MR,MN,NP,RW,TG,UZ,ZW,BJ,MG,MU,MZ,AO,CI,DJ,ZM,CD,CG,IQ,LY,TJ,VE,ET,XK",https://i.scdn.co/image/ab67616d0000b2739e2f95ae77cf436017ada9cb,2013-01-01,OneRepublic
190,4OTAx9un4e6NfoHuVRiOrC,Love In The Future (Expanded Edition),album,20,"AR,AU,AT,BE,BO,BR,BG,CA,CL,CO,CR,CY,CZ,DK,DO,DE,EC,EE,SV,FI,FR,GR,GT,HN,HK,HU,IS,IE,IT,LV,LT,LU,MY,MT,MX,NL,NZ,NI,NO,PA,PY,PE,PH,PL,PT,SG,SK,ES,SE,CH,TW,TR,UY,US,GB,AD,LI,MC,ID,JP,TH,VN,RO,IL,ZA,SA,AE,BH,QA,OM,KW,EG,MA,DZ,TN,LB,JO,PS,IN,BY,KZ,MD,UA,AL,BA,HR,ME,MK,RS,SI,KR,BD,PK,LK,GH,KE,NG,TZ,UG,AG,AM,BS,BB,BZ,BT,BW,BF,CV,CW,DM,FJ,GM,GE,GD,GW,GY,HT,JM,KI,LS,LR,MW,MV,ML,MH,FM,NA,NR,NE,PW,PG,PR,WS,SM,ST,SN,SC,SL,SB,KN,LC,VC,SR,TL,TO,TT,TV,VU,AZ,BN,BI,KH,CM,TD,KM,GQ,SZ,GA,GN,KG,LA,MO,MR,MN,NP,RW,TG,UZ,ZW,BJ,MG,MU,MZ,AO,CI,DJ,ZM,CD,CG,IQ,LY,TJ,VE,ET,XK",https://i.scdn.co/image/ab67616d0000b27394c9217a398f5174757c0c78,2013-08-30,John Legend
191,0Gf1yE895FKK4YWVRuAeg8,Long Way Down (Deluxe),album,15,"AR,AU,AT,BE,BO,BR,BG,CL,CO,CR,CY,CZ,DK,DO,DE,EC,EE,SV,FI,FR,GR,GT,HN,HK,HU,IS,IE,IT,LV,LT,LU,MY,MT,MX,NL,NZ,NI,NO,PA,PY,PE,PH,PL,PT,SG,SK,ES,SE,CH,TW,TR,UY,US,GB,AD,LI,MC,ID,JP,TH,VN,RO,IL,ZA,SA,AE,BH,QA,OM,KW,EG,MA,DZ,TN,LB,JO,PS,IN,BY,KZ,MD,UA,AL,BA,HR,ME,MK,RS,SI,KR,BD,PK,LK,GH,KE,NG,TZ,UG,AG,AM,BS,BB,BZ,BT,BW,BF,CV,CW,DM,FJ,GM,GE,GD,GW,GY,HT,JM,KI,LS,LR,MW,MV,ML,MH,FM,NA,NR,NE,PW,PG,PR,WS,SM,ST,SN,SC,SL,SB,KN,LC,VC,SR,TL,TO,TT,TV,VU,AZ,BN,BI,KH,CM,TD,KM,GQ,SZ,GA,GN,KG,LA,MO,MR,MN,NP,RW,TG,UZ,ZW,BJ,MG,MU,MZ,AO,CI,DJ,ZM,CD,CG,IQ,LY,TJ,VE,ET,XK",https://i.scdn.co/image/ab67616d0000b2731917a0f3f4152622a040913f,2013-06-24,Tom Odell
192,7u8990BsbGwMBhOb11pe8P,Ici Et Maintenant,album,16,"AR,AU,AT,BE,BO,BR,BG,CL,CO,CR,CY,CZ,DK,DO,DE,EC,EE,SV,FI,FR,GR,GT,HN,HK,HU,IS,IE,IT,LV,LT,LU,MY,MT,NL,NZ,NI,NO,PA,PY,PE,PH,PL,PT,SG,SK,ES,SE,CH,TW,TR,UY,US,GB,AD,LI,MC,ID,JP,TH,VN,RO,IL,ZA,SA,AE,BH,QA,OM,KW,EG,MA,DZ,TN,LB,JO,PS,IN,BY,KZ,MD,UA,AL,BA,HR,ME,MK,RS,SI,KR,BD,PK,LK,GH,KE,NG,TZ,UG,AG,AM,BS,BB,BZ,BT,BW,BF,CV,CW,DM,FJ,GM,GE,GD,GW,GY,HT,JM,KI,LS,LR,MW,MV,ML,MH,FM,NA,NR,NE,PW,PG,WS,SM,ST,SN,SC,SL,SB,KN,LC,VC,SR,TL,TO,TT,TV,VU,AZ,BN,BI,KH,CM,TD,KM,GQ,SZ,GA,GN,KG,LA,MO,MR,MN,NP,RW,TG,UZ,ZW,BJ,MG,MU,MZ,AO,CI,DJ,ZM,CD,CG,IQ,LY,TJ,VE,ET,XK",https://i.scdn.co/image/ab67616d0000b2739471be202a77231d7bb009bc,2013-01-01,Vitaa
193,1D92WOHWUI2AGQCCdplcXL,Young And Beautiful,single,1,"AR,AU,AT,BE,BO,BR,BG,CA,CL,CO,CR,CY,CZ,DK,DO,DE,EC,EE,SV,FI,FR,GR,GT,HN,HK,HU,IS,IE,IT,LV,LT,LU,MY,MT,MX,NL,NZ,NI,NO,PA,PY,PE,PH,PL,PT,SG,SK,ES,SE,CH,TW,TR,UY,US,GB,AD,LI,MC,ID,JP,TH,VN,RO,IL,ZA,SA,AE,BH,QA,OM,KW,EG,MA,DZ,TN,LB,JO,PS,IN,BY,KZ,MD,UA,AL,BA,HR,ME,MK,RS,SI,KR,BD,PK,LK,GH,KE,NG,TZ,UG,AG,AM,BS,BB,BZ,BT,BW,BF,CV,CW,DM,FJ,GM,GE,GD,GW,GY,HT,JM,KI,LS,LR,MW,MV,ML,MH,FM,NA,NR,NE,PW,PG,WS,SM,ST,SN,SC,SL,SB,KN,LC,VC,SR,TL,TO,TT,TV,VU,AZ,BN,BI,KH,CM,TD,KM,GQ,SZ,GA,GN,KG,LA,MO,MR,MN,NP,RW,TG,UZ,ZW,BJ,MG,MU,MZ,AO,CI,DJ,ZM,CD,CG,IQ,LY,TJ,VE,ET,XK",https://i.scdn.co/image/ab67616d0000b273d7fb3e4c63020039d1cff6b2,2013-01-01,Lana Del Rey
194,2H6i2CrWgXE1HookLu8Au0,True,album,10,"AR,AU,AT,BE,BO,BR,BG,CA,CL,CO,CR,CY,CZ,DK,DO,DE,EC,EE,SV,FI,FR,GR,GT,HN,HK,HU,IS,IE,IT,LV,LT,LU,MY,MT,NL,NZ,NI,NO,PA,PY,PE,PH,PL,PT,SG,SK,ES,SE,CH,TW,TR,UY,US,GB,AD,LI,MC,ID,JP,TH,VN,RO,IL,ZA,SA,AE,BH,QA,OM,KW,EG,MA,DZ,TN,LB,JO,PS,IN,BY,KZ,MD,UA,AL,BA,HR,ME,MK,RS,SI,KR,BD,PK,LK,GH,KE,NG,TZ,UG,AG,AM,BS,BB,BZ,BT,BW,BF,CV,CW,DM,FJ,GM,GE,GD,GW,GY,HT,JM,KI,LS,LR,MW,MV,ML,MH,FM,NA,NR,NE,PW,PG,WS,SM,ST,SN,SC,SL,SB,KN,LC,VC,SR,TL,TO,TT,TV,VU,AZ,BN,BI,KH,CM,TD,KM,GQ,SZ,GA,GN,KG,LA,MO,MR,MN,NP,RW,TG,UZ,ZW,BJ,MG,MU,MZ,AO,CI,DJ,ZM,CD,CG,IQ,LY,TJ,VE,ET,XK",https://i.scdn.co/image/ab67616d0000b273e14f11f796cef9f9a82691a7,2013-09-16,Avicii
195,0KGBW1MQtC2aFPCDUdAkdJ,Long Way Down,album,10,"AD,DZ,FR,MA,MC,TN",https://i.scdn.co/image/ab67616d0000b2731b51f809c31f0d98f67c0b7d,2013-06-17,Tom Odell
196,78bpIziExqiI9qztvNFlQu,AM,album,12,"AR,AU,AT,BE,BO,BR,BG,CA,CL,CO,CR,CY,CZ,DK,DO,DE,EC,EE,SV,FI,FR,GR,GT,HN,HK,HU,IS,IE,IT,LV,LT,LU,MY,MT,MX,NL,NZ,NI,NO,PA,PY,PE,PH,PL,PT,SG,SK,ES,SE,CH,TW,TR,UY,US,GB,AD,LI,MC,ID,JP,TH,VN,RO,IL,ZA,SA,AE,BH,QA,OM,KW,EG,MA,DZ,TN,LB,JO,PS,IN,KZ,MD,UA,AL,BA,HR,ME,MK,RS,SI,KR,BD,PK,LK,GH,KE,NG,TZ,UG,AG,AM,BS,BB,BZ,BT,BW,BF,CV,CW,DM,FJ,GM,GE,GD,GW,GY,HT,JM,KI,LS,LR,MW,MV,ML,MH,FM,NA,NR,NE,PW,PG,PR,WS,SM,ST,SN,SC,SL,SB,KN,LC,VC,SR,TL,TO,TT,TV,VU,AZ,BN,BI,KH,CM,TD,KM,GQ,SZ,GA,GN,KG,LA,MO,MR,MN,NP,RW,TG,UZ,ZW,BJ,MG,MU,MZ,AO,CI,DJ,ZM,CD,CG,IQ,LY,TJ,VE,ET,XK",https://i.scdn.co/image/ab67616d0000b2734ae1c4c5c45aabe565499163,2013-09-09,Arctic Monkeys
197,6uyslsVGFsHKzdGUosFwBM,racine carrée,album,13,"AR,AU,AT,BE,BO,BR,BG,CA,CL,CO,CR,CY,CZ,DK,DO,DE,EC,EE,SV,FI,FR,GR,GT,HN,HK,HU,IS,IE,IT,LV,LT,LU,MY,MT,MX,NL,NZ,NI,NO,PA,PY,PE,PH,PL,PT,SG,SK,ES,SE,CH,TW,TR,UY,GB,AD,LI,MC,ID,JP,TH,VN,RO,IL,ZA,SA,AE,BH,QA,OM,KW,EG,MA,DZ,TN,LB,JO,PS,IN,BY,KZ,MD,UA,AL,BA,HR,ME,MK,RS,SI,KR,BD,PK,LK,GH,KE,NG,TZ,UG,AG,AM,BS,BB,BZ,BT,BW,BF,CV,CW,DM,FJ,GM,GE,GD,GW,GY,HT,JM,KI,LS,LR,MW,MV,ML,MH,FM,NA,NR,NE,PW,PG,WS,SM,ST,SN,SC,SL,SB,KN,LC,VC,SR,TL,TO,TT,TV,VU,AZ,BN,BI,KH,CM,TD,KM,GQ,SZ,GA,GN,KG,LA,MO,MR,MN,NP,RW,TG,UZ,ZW,BJ,MG,MU,MZ,AO,CI,DJ,ZM,CD,CG,IQ,LY,TJ,VE,ET,XK",https://i.scdn.co/image/ab67616d0000b273ab580fab750cc9baf0d52b5c,2013-01-01,Stromae
198,5EU9LqPsBwrhq4Iqx0xMVd,Subliminal (La face cachée),album,24,"AR,AU,AT,BE,BO,BR,BG,CA,CL,CO,CR,CY,CZ,DK,DO,DE,EC,EE,SV,FI,FR,GR,GT,HN,HK,HU,IS,IE,IT,LV,LT,LU,MY,MT,MX,NL,NZ,NI,NO,PA,PY,PE,PH,PL,PT,SG,SK,ES,SE,CH,TW,TR,UY,US,GB,AD,LI,MC,ID,JP,TH,VN,RO,IL,ZA,SA,AE,BH,QA,OM,KW,EG,MA,DZ,TN,LB,JO,PS,IN,BY,KZ,MD,UA,AL,BA,HR,ME,MK,RS,SI,KR,BD,PK,LK,GH,KE,NG,TZ,UG,AG,AM,BS,BB,BZ,BT,BW,BF,CV,CW,DM,FJ,GM,GE,GD,GW,GY,HT,JM,KI,LS,LR,MW,MV,ML,MH,FM,NA,NR,NE,PW,PG,PR,WS,SM,ST,SN,SC,SL,SB,KN,LC,VC,SR,TL,TO,TT,TV,VU,AZ,BN,BI,KH,CM,TD,KM,GQ,SZ,GA,GN,KG,LA,MO,MR,MN,NP,RW,TG,UZ,ZW,BJ,MG,MU,MZ,AO,CI,DJ,ZM,CD,CG,IQ,LY,TJ,VE,ET,XK",https://i.scdn.co/image/ab67616d0000b273596368082712ceff7ae95649,2013-12-02,GIMS
199,4xkM0BwLM9H2IUcbYzpcBI,I Love You.,album,11,"AR,AU,AT,BE,BO,BR,BG,CA,CL,CO,CR,CY,CZ,DK,DO,DE,EC,EE,SV,FI,FR,GR,GT,HN,HK,HU,IS,IT,LV,LT,LU,MY,MT,MX,NL,NZ,NI,NO,PA,PY,PE,PH,PL,PT,SG,SK,ES,SE,CH,TW,TR,UY,US,AD,LI,MC,ID,JP,TH,VN,RO,IL,ZA,SA,AE,BH,QA,OM,KW,EG,MA,DZ,TN,LB,JO,PS,IN,BY,KZ,MD,UA,AL,BA,HR,ME,MK,RS,SI,KR,BD,PK,LK,GH,KE,NG,TZ,UG,AG,AM,BS,BB,BZ,BT,BW,BF,CV,CW,DM,FJ,GM,GE,GD,GW,GY,HT,JM,KI,LS,LR,MW,MV,ML,MH,FM,NA,NR,NE,PW,PG,PR,WS,SM,ST,SN,SC,SL,SB,KN,LC,VC,SR,TL,TO,TT,TV,VU,AZ,BN,BI,KH,CM,TD,KM,GQ,SZ,GA,GN,KG,LA,MO,MR,MN,NP,RW,TG,UZ,ZW,BJ,MG,MU,MZ,AO,CI,DJ,ZM,CD,CG,IQ,LY,TJ,VE,ET,XK",https://i.scdn.co/image/ab67616d0000b2738265a736a1eb838ad5a0b921,2013-04-22,The Neighbourhood
200,3B61kSKTxlY36cYgzvf3cP,Interstellar (Original Motion Picture Soundtrack) [Expanded Edition],album,30,"AR,AU,AT,BE,BO,BR,BG,CA,CL,CO,CR,CY,CZ,DK,DO,DE,EC,EE,SV,FI,FR,GR,GT,HN,HK,HU,IS,IE,IT,LV,LT,LU,MY,MT,MX,NL,NZ,NI,NO,PA,PY,PE,PH,PL,PT,SG,SK,ES,SE,CH,TW,TR,UY,US,GB,AD,LI,MC,ID,JP,TH,VN,RO,IL,ZA,SA,AE,BH,QA,OM,KW,EG,MA,DZ,TN,LB,JO,PS,IN,BY,KZ,MD,UA,AL,BA,HR,ME,MK,RS,SI,KR,BD,PK,LK,GH,KE,NG,TZ,UG,AG,AM,BS,BB,BZ,BT,BW,BF,CV,CW,DM,FJ,GM,GE,GD,GW,GY,HT,JM,KI,LS,LR,MW,MV,ML,MH,FM,NA,NR,NE,PW,PG,PR,WS,SM,ST,SN,SC,SL,SB,KN,LC,VC,SR,TL,TO,TT,TV,VU,AZ,BN,BI,KH,CM,TD,KM,GQ,SZ,GA,GN,KG,LA,MO,MR,MN,NP,RW,TG,UZ,ZW,BJ,MG,MU,MZ,AO,CI,DJ,ZM,CD,CG,IQ,LY,TJ,VE,ET,XK",https://i.scdn.co/image/ab67616d0000b273ac29a65e7ffcfa6f9cb0d342,2014-11-18,Hans Zimmer
201,2HxaAc5eaV6lJt6AukYRaV,Mulan (Bande originale française du Film),compilation,14,"AR,AU,AT,BE,BO,BR,BG,CL,CO,CR,CY,CZ,DK,DO,DE,EC,EE,SV,FI,FR,GR,GT,HN,HK,HU,IS,IE,IT,LV,LT,LU,MY,MT,MX,NL,NZ,NI,NO,PA,PY,PE,PH,PL,PT,SG,SK,ES,SE,CH,TW,TR,UY,US,GB,AD,LI,MC,ID,JP,TH,VN,RO,IL,ZA,SA,AE,BH,QA,OM,KW,EG,MA,DZ,TN,LB,JO,PS,IN,KZ,MD,UA,AL,BA,HR,ME,MK,RS,SI,KR,BD,PK,LK,GH,KE,NG,TZ,UG,AG,AM,BS,BB,BZ,BT,BW,BF,CV,CW,DM,FJ,GM,GE,GD,GW,GY,HT,JM,KI,LS,LR,MW,MV,ML,MH,FM,NA,NR,NE,PW,PG,WS,SM,ST,SN,SC,SL,SB,KN,LC,VC,SR,TL,TO,TT,TV,VU,AZ,BN,BI,KH,CM,TD,KM,GQ,SZ,GA,GN,KG,LA,MO,MR,MN,NP,RW,TG,UZ,ZW,BJ,MG,MU,MZ,AO,CI,DJ,ZM,CD,CG,IQ,LY,TJ,VE,ET,XK",https://i.scdn.co/image/ab67616d0000b273191c6cdd48ee899e5689c2a6,2014-01-01,Various Artists
202,2sij95QgjmgrhNv33achzn,Salad Days,album,11,"AR,AU,AT,BE,BO,BR,BG,CA,CL,CO,CR,CY,CZ,DK,DO,DE,EC,EE,SV,FI,FR,GR,GT,HN,HK,HU,IS,IE,IT,LV,LT,LU,MY,MT,MX,NL,NZ,NI,NO,PA,PY,PE,PH,PL,PT,SG,SK,ES,SE,CH,TW,TR,UY,US,GB,AD,LI,MC,ID,JP,TH,VN,RO,IL,ZA,SA,AE,BH,QA,OM,KW,EG,MA,DZ,TN,LB,JO,PS,IN,BY,KZ,MD,UA,AL,BA,HR,ME,MK,RS,SI,KR,BD,PK,LK,GH,KE,NG,TZ,UG,AG,AM,BS,BB,BZ,BT,BW,BF,CV,CW,DM,FJ,GM,GE,GD,GW,GY,HT,JM,KI,LS,LR,MW,MV,ML,MH,FM,NA,NR,NE,PW,PG,PR,WS,SM,ST,SN,SC,SL,SB,KN,LC,VC,SR,TL,TO,TT,TV,VU,AZ,BN,BI,KH,CM,TD,KM,GQ,SZ,GA,GN,KG,LA,MO,MR,MN,NP,RW,TG,UZ,ZW,BJ,MG,MU,MZ,AO,CI,DJ,ZM,CD,CG,IQ,LY,TJ,VE,ET,XK",https://i.scdn.co/image/ab67616d0000b273ec6e9c13eeed14eedbd5f7c9,2014-04-01,Mac DeMarco
203,4Hai0uVzRbyTSaTPzxTY4e,French Exit,album,12,"AR,AU,AT,BE,BO,BR,BG,CA,CL,CO,CR,CY,CZ,DK,DO,DE,EC,EE,SV,FI,FR,GR,GT,HN,HK,HU,IS,IE,IT,LV,LT,LU,MY,MT,MX,NL,NZ,NI,NO,PA,PY,PE,PH,PL,PT,SG,SK,ES,SE,CH,TW,TR,UY,US,GB,AD,LI,MC,ID,JP,TH,VN,RO,IL,ZA,SA,AE,BH,QA,OM,KW,EG,MA,DZ,TN,LB,JO,PS,IN,BY,KZ,MD,UA,AL,BA,HR,ME,MK,RS,SI,KR,BD,PK,LK,GH,KE,NG,TZ,UG,AG,AM,BS,BB,BZ,BT,BW,BF,CV,CW,DM,FJ,GM,GE,GD,GW,GY,HT,JM,KI,LS,LR,MW,MV,ML,MH,FM,NA,NR,NE,PW,PG,PR,WS,SM,ST,SN,SC,SL,SB,KN,LC,VC,SR,TL,TO,TT,TV,VU,AZ,BN,BI,KH,CM,TD,KM,GQ,SZ,GA,GN,KG,LA,MO,MR,MN,NP,RW,TG,UZ,ZW,BJ,MG,MU,MZ,AO,CI,DJ,ZM,CD,CG,IQ,LY,TJ,VE,ET,XK",https://i.scdn.co/image/ab67616d0000b273e1bc1af856b42dd7fdba9f84,2014-06-05,TV Girl
204,7pomP86PUhoJpY3fsC0WDQ,XSCAPE,album,17,"AR,AU,AT,BE,BO,BR,BG,CA,CL,CO,CR,CY,CZ,DK,DO,DE,EC,EE,SV,FI,FR,GR,GT,HN,HK,HU,IS,IE,IT,LV,LT,LU,MY,MT,MX,NL,NZ,NI,NO,PA,PY,PE,PH,PL,PT,SG,SK,ES,SE,CH,TW,TR,UY,US,GB,AD,LI,MC,ID,JP,TH,VN,RO,IL,ZA,SA,AE,BH,QA,OM,KW,EG,MA,DZ,TN,LB,JO,PS,IN,BY,KZ,MD,UA,AL,BA,HR,ME,MK,RS,SI,KR,BD,PK,LK,GH,KE,NG,TZ,UG,AG,AM,BS,BB,BZ,BT,BW,BF,CV,CW,DM,FJ,GM,GE,GD,GW,GY,HT,JM,KI,LS,LR,MW,MV,ML,MH,FM,NA,NR,NE,PW,PG,PR,WS,SM,ST,SN,SC,SL,SB,KN,LC,VC,SR,TL,TO,TT,TV,VU,AZ,BN,BI,KH,CM,TD,KM,GQ,SZ,GA,GN,KG,LA,MO,MR,MN,NP,RW,TG,UZ,ZW,BJ,MG,MU,MZ,AO,CI,DJ,ZM,CD,CG,IQ,LY,TJ,VE,ET,XK",https://i.scdn.co/image/ab67616d0000b27384dc5d0b8018238584522562,2014-05-09,Michael Jackson
205,4gCNyS7pidfK3rKWhB3JOY,FOUR (Deluxe),album,16,"AR,AU,AT,BE,BO,BR,BG,CA,CL,CO,CR,CY,CZ,DK,DO,DE,EC,EE,SV,FI,FR,GR,GT,HN,HK,HU,IS,IE,IT,LV,LT,LU,MY,MT,MX,NL,NZ,NI,NO,PA,PY,PE,PH,PL,PT,SG,SK,ES,SE,CH,TW,TR,UY,US,GB,AD,LI,MC,ID,JP,TH,VN,RO,IL,ZA,SA,AE,BH,QA,OM,KW,EG,MA,DZ,TN,LB,JO,PS,IN,BY,KZ,MD,UA,AL,BA,HR,ME,MK,RS,SI,KR,BD,PK,LK,GH,KE,NG,TZ,UG,AG,AM,BS,BB,BZ,BT,BW,BF,CV,CW,DM,FJ,GM,GE,GD,GW,GY,HT,JM,KI,LS,LR,MW,MV,ML,MH,FM,NA,NR,NE,PW,PG,PR,WS,SM,ST,SN,SC,SL,SB,KN,LC,VC,SR,TL,TO,TT,TV,VU,AZ,BN,BI,KH,CM,TD,KM,GQ,SZ,GA,GN,KG,LA,MO,MR,MN,NP,RW,TG,UZ,ZW,BJ,MG,MU,MZ,AO,CI,DJ,ZM,CD,CG,IQ,LY,TJ,VE,ET,XK",https://i.scdn.co/image/ab67616d0000b273d304ba2d71de306812eebaf4,2014-11-17,One Direction
206,0UMMIkurRUmkruZ3KGBLtG,2014 Forest Hills Drive,album,13,"AR,AU,AT,BE,BO,BR,BG,CA,CL,CO,CR,CY,CZ,DK,DO,DE,EC,EE,SV,FI,FR,GR,GT,HN,HK,HU,IS,IE,IT,LV,LT,LU,MY,MT,MX,NL,NZ,NI,NO,PA,PY,PE,PH,PL,PT,SG,SK,ES,SE,CH,TW,TR,UY,US,GB,AD,LI,MC,ID,JP,TH,VN,RO,IL,ZA,SA,AE,BH,QA,OM,KW,EG,MA,DZ,TN,LB,JO,PS,IN,BY,KZ,MD,UA,AL,BA,HR,ME,MK,RS,SI,KR,BD,PK,LK,GH,KE,NG,TZ,UG,AG,AM,BS,BB,BZ,BT,BW,BF,CV,CW,DM,FJ,GM,GE,GD,GW,GY,HT,JM,KI,LS,LR,MW,MV,ML,MH,FM,NA,NR,NE,PW,PG,WS,SM,ST,SN,SC,SL,SB,KN,LC,VC,SR,TL,TO,TT,TV,VU,AZ,BN,BI,KH,CM,TD,KM,GQ,SZ,GA,GN,KG,LA,MO,MR,MN,NP,RW,TG,UZ,ZW,BJ,MG,MU,MZ,AO,CI,DJ,ZM,CD,CG,IQ,LY,TJ,VE,ET,XK",https://i.scdn.co/image/ab67616d0000b273c6e0948bbb0681ff29cdbae8,2014-12-09,J. Cole
207,6AGTJByewlOeGPkgyDqgl1,Team BS,album,16,"AR,AU,AT,BE,BO,BR,BG,CA,CL,CO,CR,CY,CZ,DK,DO,DE,EC,EE,SV,FI,FR,GR,GT,HN,HK,HU,IS,IE,IT,LV,LT,LU,MY,MT,MX,NL,NZ,NI,NO,PA,PY,PE,PH,PL,PT,SG,SK,ES,SE,CH,TW,TR,UY,US,GB,AD,LI,MC,ID,JP,TH,VN,RO,IL,ZA,SA,AE,BH,QA,OM,KW,EG,MA,DZ,TN,LB,JO,PS,IN,BY,KZ,MD,UA,AL,BA,HR,ME,MK,RS,SI,KR,BD,PK,LK,GH,KE,NG,TZ,UG,AG,AM,BS,BB,BZ,BT,BW,BF,CV,CW,DM,FJ,GM,GE,GD,GW,GY,HT,JM,KI,LS,LR,MW,MV,ML,MH,FM,NA,NR,NE,PW,PG,PR,WS,SM,ST,SN,SC,SL,SB,KN,LC,VC,SR,TL,TO,TT,TV,VU,AZ,BN,BI,KH,CM,TD,KM,GQ,SZ,GA,GN,KG,LA,MO,MR,MN,NP,RW,TG,UZ,ZW,BJ,MG,MU,MZ,AO,CI,DJ,ZM,CD,CG,IQ,LY,TJ,VE,ET,XK",https://i.scdn.co/image/ab67616d0000b2733b367c1181b14b89a4afc444,2014-02-24,Team BS
208,5t6841R6FNAGkEqqLb6OC4,Ateyaba,album,19,"AR,AU,AT,BE,BO,BR,BG,CA,CL,CO,CR,CY,CZ,DK,DO,DE,EC,EE,SV,FI,FR,GR,GT,HN,HK,HU,IS,IE,IT,LV,LT,LU,MY,MT,MX,NL,NZ,NI,NO,PA,PY,PE,PH,PL,PT,SG,SK,ES,SE,CH,TW,TR,UY,US,GB,AD,LI,MC,ID,JP,TH,VN,RO,IL,ZA,SA,AE,BH,QA,OM,KW,EG,MA,DZ,TN,LB,JO,PS,IN,BY,KZ,MD,UA,AL,BA,HR,ME,MK,RS,SI,KR,BD,PK,LK,GH,KE,NG,TZ,UG,AG,AM,BS,BB,BZ,BT,BW,BF,CV,CW,DM,FJ,GM,GE,GD,GW,GY,HT,JM,KI,LS,LR,MW,MV,ML,MH,FM,NA,NR,NE,PW,PG,WS,SM,ST,SN,SC,SL,SB,KN,LC,VC,SR,TL,TO,TT,TV,VU,AZ,BN,BI,KH,CM,TD,KM,GQ,SZ,GA,GN,KG,LA,MO,MR,MN,NP,RW,TG,UZ,ZW,BJ,MG,MU,MZ,AO,CI,DJ,ZM,CD,CG,IQ,LY,TJ,VE,ET,XK",https://i.scdn.co/image/ab67616d0000b273f200f342017293288fe8a82e,2014-01-01,Ateyaba
209,0lrmy4pJINsFzycJvttX2W,G I R L,album,11,"AR,AU,AT,BE,BO,BR,BG,CA,CL,CO,CR,CY,CZ,DK,DO,DE,EC,EE,SV,FI,FR,GR,GT,HN,HK,HU,IS,IE,IT,LV,LT,LU,MY,MT,MX,NL,NZ,NI,NO,PA,PY,PE,PH,PL,PT,SG,SK,ES,SE,CH,TW,TR,UY,US,GB,AD,LI,MC,ID,JP,TH,VN,RO,IL,ZA,SA,AE,BH,QA,OM,KW,EG,MA,DZ,TN,LB,JO,PS,IN,BY,KZ,MD,UA,AL,BA,HR,ME,MK,RS,SI,KR,BD,PK,LK,GH,KE,NG,TZ,UG,AG,AM,BS,BB,BZ,BT,BW,BF,CV,CW,DM,FJ,GM,GE,GD,GW,GY,HT,JM,KI,LS,LR,MW,MV,ML,MH,FM,NA,NR,NE,PW,PG,PR,WS,SM,ST,SN,SC,SL,SB,KN,LC,VC,SR,TL,TO,TT,TV,VU,AZ,BN,BI,KH,CM,TD,KM,GQ,SZ,GA,GN,KG,LA,MO,MR,MN,NP,RW,TG,UZ,ZW,BJ,MG,MU,MZ,AO,CI,DJ,ZM,CD,CG,IQ,LY,TJ,VE,ET,XK",https://i.scdn.co/image/ab67616d0000b273c409c9181a5fab91f6051f5b,2014-03-03,Pharrell Williams
210,57rVwTtLt8rgScIabNzWvt,Pola,album,10,"AR,AU,AT,BE,BO,BR,BG,CA,CL,CO,CR,CY,CZ,DK,DO,EC,EE,SV,FI,FR,GR,GT,HN,HK,HU,IS,IE,IT,LV,LT,LU,MY,MT,MX,NL,NZ,NI,NO,PA,PY,PE,PH,PL,PT,SG,SK,ES,SE,CH,TW,TR,UY,GB,AD,LI,MC,ID,JP,TH,VN,RO,IL,ZA,PS,IN,BY,KZ,MD,UA,AL,BA,HR,ME,MK,RS,SI,KR,BD,PK,LK,GH,KE,NG,TZ,UG,AG,AM,BS,BB,BZ,BT,BW,BF,CV,CW,DM,FJ,GM,GE,GD,GW,GY,HT,JM,KI,LS,LR,MW,MV,ML,MH,FM,NA,NR,NE,PW,PG,WS,SM,ST,SN,SC,SL,SB,KN,LC,VC,SR,TL,TO,TT,TV,VU,AZ,BN,BI,KH,CM,TD,KM,GQ,SZ,GA,GN,KG,LA,MO,MR,MN,NP,RW,TG,UZ,ZW,BJ,MG,MU,MZ,AO,CI,DJ,ZM,CD,CG,TJ,VE,XK",https://i.scdn.co/image/ab67616d0000b2738bc58fe5577dd45266613b2d,2014-01-01,Jabberwocky
211,0dNt3MfPrvj6mHmajSuahw,New Eyes,album,16,"AR,AU,AT,BE,BO,BR,BG,CL,CO,CR,CY,CZ,DK,DO,DE,EC,EE,SV,FI,FR,GR,GT,HN,HK,HU,IS,IT,LV,LT,LU,MY,MT,MX,NL,NZ,NI,NO,PA,PY,PE,PH,PL,PT,SG,SK,ES,SE,CH,TW,TR,UY,AD,LI,MC,ID,JP,TH,VN,RO,IL,ZA,SA,AE,BH,QA,OM,KW,EG,MA,DZ,TN,LB,JO,PS,IN,BY,KZ,MD,UA,AL,BA,HR,ME,MK,RS,SI,KR,BD,PK,LK,GH,KE,NG,TZ,UG,AG,AM,BS,BB,BZ,BW,BF,CV,CW,DM,FJ,GM,GD,GW,HT,JM,LS,LR,MW,ML,FM,NA,NE,PG,PR,SM,ST,SN,SC,SL,KN,LC,VC,TL,TT,AZ,BN,BI,KH,CM,TD,KM,GQ,SZ,GA,GN,KG,LA,MO,MR,MN,NP,RW,TG,UZ,ZW,BJ,MG,MU,MZ,AO,CI,DJ,ZM,CD,CG,IQ,LY,TJ,VE,ET,XK",https://i.scdn.co/image/ab67616d0000b2735ef315d54fd701725176292e,2014-05-09,Clean Bandit
212,1yGbNOtRIgdIiGHOEBaZWf,1989 (Deluxe),album,19,"AR,AU,AT,BE,BO,BR,BG,CL,CO,CR,CY,CZ,DK,DO,DE,EC,EE,SV,FI,FR,GR,GT,HN,HK,HU,IS,IE,IT,LV,LT,LU,MY,MT,MX,NL,NZ,NI,NO,PA,PY,PE,PH,PL,PT,SG,SK,ES,SE,CH,TW,TR,UY,GB,AD,LI,MC,ID,TH,VN,RO,IL,ZA,SA,AE,BH,QA,OM,KW,EG,MA,DZ,TN,LB,JO,PS,IN,KZ,MD,UA,AL,BA,HR,ME,MK,RS,SI,KR,BD,PK,LK,GH,KE,NG,TZ,UG,AG,AM,BS,BB,BZ,BT,BW,BF,CV,CW,DM,FJ,GM,GE,GD,GW,GY,HT,JM,KI,LS,LR,MW,MV,ML,MH,FM,NA,NR,NE,PW,PG,WS,SM,ST,SN,SC,SL,SB,KN,LC,VC,SR,TL,TO,TT,TV,VU,AZ,BN,BI,KH,CM,TD,KM,GQ,SZ,GA,GN,KG,LA,MO,MR,MN,NP,RW,TG,UZ,ZW,BJ,MG,MU,MZ,AO,CI,DJ,ZM,CD,CG,IQ,LY,TJ,VE,ET,XK",https://i.scdn.co/image/ab67616d0000b27352b2a3824413eefe9e33817a,2014-01-01,Taylor Swift
213,17HsiXfqKUPoTP6Y5ebs1L,"Fórmula, Vol. 2 (Deluxe Edition)",album,19,"AR,AU,AT,BE,BO,BR,BG,CA,CL,CO,CR,CY,CZ,DK,DO,DE,EC,EE,SV,FI,FR,GR,GT,HN,HK,HU,IS,IE,IT,LV,LT,LU,MY,MT,MX,NL,NZ,NI,NO,PA,PY,PE,PH,PL,PT,SG,SK,ES,SE,CH,TW,TR,UY,US,GB,AD,LI,MC,ID,JP,TH,VN,RO,IL,ZA,SA,AE,BH,QA,OM,KW,EG,MA,DZ,TN,LB,JO,PS,IN,BY,KZ,MD,UA,AL,BA,HR,ME,MK,RS,SI,KR,BD,PK,LK,GH,KE,NG,TZ,UG,AG,AM,BS,BB,BZ,BT,BW,BF,CV,CW,DM,FJ,GM,GE,GD,GW,GY,HT,JM,KI,LS,LR,MW,MV,ML,MH,FM,NA,NR,NE,PW,PG,PR,WS,SM,ST,SN,SC,SL,SB,KN,LC,VC,SR,TL,TO,TT,TV,VU,AZ,BN,BI,KH,CM,TD,KM,GQ,SZ,GA,GN,KG,LA,MO,MR,MN,NP,RW,TG,UZ,ZW,BJ,MG,MU,MZ,AO,CI,DJ,ZM,CD,CG,IQ,LY,TJ,VE,ET,XK",https://i.scdn.co/image/ab67616d0000b273e9da42890bbd629df1e8f640,2014-02-25,Romeo Santos
214,1xwhNJCfTwuRia7Cpo7IbJ,PARTYNEXTDOOR TWO,album,12,"AR,AU,AT,BE,BO,BR,BG,CA,CL,CO,CR,CY,CZ,DK,DO,DE,EC,EE,SV,FI,FR,GR,GT,HN,HK,HU,IS,IE,IT,LV,LT,LU,MY,MT,MX,NL,NZ,NI,NO,PA,PY,PE,PH,PL,PT,SG,SK,ES,SE,CH,TW,TR,UY,US,GB,AD,LI,MC,ID,JP,TH,VN,RO,IL,ZA,SA,AE,BH,QA,OM,KW,EG,MA,DZ,TN,LB,JO,PS,IN,BY,KZ,MD,UA,AL,BA,HR,ME,MK,RS,SI,KR,BD,PK,LK,GH,KE,NG,TZ,UG,AG,AM,BS,BB,BZ,BT,BW,BF,CV,CW,DM,FJ,GM,GE,GD,GW,GY,HT,JM,KI,LS,LR,MW,MV,ML,MH,FM,NA,NR,NE,PW,PG,PR,WS,SM,ST,SN,SC,SL,SB,KN,LC,VC,SR,TL,TO,TT,TV,VU,AZ,BN,BI,KH,CM,TD,KM,GQ,SZ,GA,GN,KG,LA,MO,MR,MN,NP,RW,TG,UZ,ZW,BJ,MG,MU,MZ,AO,CI,DJ,ZM,CD,CG,IQ,LY,TJ,VE,ET,XK",https://i.scdn.co/image/ab67616d0000b2736cfa297b0178fd91dca5c4f1,2014-07-29,PARTYNEXTDOOR
215,3mNoFlD1wsoXfkljfFzExT,TALKING IS HARD,album,12,"AR,AU,AT,BE,BO,BR,BG,CA,CL,CO,CR,CY,CZ,DK,DO,DE,EC,EE,SV,FI,FR,GR,GT,HN,HK,HU,IS,IE,IT,LV,LT,LU,MY,MT,MX,NL,NZ,NI,NO,PA,PY,PE,PH,PL,PT,SG,SK,ES,SE,CH,TW,TR,UY,US,GB,AD,LI,MC,ID,JP,TH,VN,RO,IL,ZA,SA,AE,BH,QA,OM,KW,EG,MA,DZ,TN,LB,JO,PS,IN,BY,KZ,MD,UA,AL,BA,HR,ME,MK,RS,SI,KR,BD,PK,LK,GH,KE,NG,TZ,UG,AG,AM,BS,BB,BZ,BT,BW,BF,CV,CW,DM,FJ,GM,GE,GD,GW,GY,HT,JM,KI,LS,LR,MW,MV,ML,MH,FM,NA,NR,NE,PW,PG,PR,WS,SM,ST,SN,SC,SL,SB,KN,LC,VC,SR,TL,TO,TT,TV,VU,AZ,BN,BI,KH,CM,TD,KM,GQ,SZ,GA,GN,KG,LA,MO,MR,MN,NP,RW,TG,UZ,ZW,BJ,MG,MU,MZ,AO,CI,DJ,ZM,CD,CG,IQ,LY,TJ,VE,ET,XK",https://i.scdn.co/image/ab67616d0000b27343294cfa2688055c9d821bf3,2014-12-02,WALK THE MOON
216,4lKK6AJnqLlrfqrAe0UnPm,"MZ Music, Vol. 3",compilation,13,"AD,DZ,FR,GB,IE,MA,MC,TN",https://i.scdn.co/image/ab67616d0000b27361eff65cb9ac596638130eeb,2014-03-10,MZ
217,4Y77NZJ6bM4oLuaHPstmsm,Or Noir Part 2,album,11,"AR,AU,AT,BE,BO,BR,BG,CA,CL,CO,CR,CY,CZ,DK,DO,DE,EC,EE,SV,FI,FR,GR,GT,HN,HK,HU,IS,IE,IT,LV,LT,LU,MY,MT,MX,NL,NZ,NI,NO,PA,PY,PE,PH,PL,PT,SG,SK,ES,SE,CH,TW,TR,UY,US,GB,AD,LI,MC,ID,JP,TH,VN,RO,IL,ZA,SA,AE,BH,QA,OM,KW,EG,MA,DZ,TN,LB,JO,PS,IN,KZ,MD,UA,AL,BA,HR,ME,MK,RS,SI,KR,BD,PK,LK,GH,KE,NG,TZ,UG,AG,AM,BS,BB,BZ,BT,BW,BF,CV,CW,DM,FJ,GM,GE,GD,GW,GY,HT,JM,KI,LS,LR,MW,MV,ML,MH,FM,NA,NR,NE,PW,PG,WS,SM,ST,SN,SC,SL,SB,KN,LC,VC,SR,TL,TO,TT,TV,VU,AZ,BN,BI,KH,CM,TD,KM,GQ,SZ,GA,GN,KG,LA,MO,MR,MN,NP,RW,TG,UZ,ZW,BJ,MG,MU,MZ,AO,CI,DJ,ZM,CD,CG,IQ,LY,TJ,VE,ET,XK",https://i.scdn.co/image/ab67616d0000b273e97d7e93cc06aa0c4168065e,2014-01-01,Kaaris
218,2G4AUqfwxcV1UdQjm2ouYr,Ghost Stories,album,9,"AR,AU,AT,BE,BO,BR,BG,CA,CL,CO,CR,CY,CZ,DK,DO,DE,EC,EE,SV,FI,FR,GR,GT,HN,HK,HU,IS,IE,IT,LV,LT,LU,MY,MT,MX,NL,NZ,NI,NO,PA,PY,PE,PH,PL,PT,SG,SK,ES,SE,CH,TW,TR,UY,US,GB,AD,LI,MC,ID,JP,TH,VN,RO,IL,ZA,SA,AE,BH,QA,OM,KW,EG,MA,DZ,TN,LB,JO,PS,IN,BY,KZ,MD,UA,AL,BA,HR,ME,MK,RS,SI,KR,BD,PK,LK,GH,KE,NG,TZ,UG,AG,AM,BS,BB,BZ,BT,BW,BF,CV,CW,DM,FJ,GM,GE,GD,GW,GY,HT,JM,KI,LS,LR,MW,MV,ML,MH,FM,NA,NR,NE,PW,PG,PR,WS,SM,ST,SN,SC,SL,SB,KN,LC,VC,SR,TL,TO,TT,TV,VU,AZ,BN,BI,KH,CM,TD,KM,GQ,SZ,GA,GN,KG,LA,MO,MR,MN,NP,RW,TG,UZ,ZW,BJ,MG,MU,MZ,AO,CI,DJ,ZM,CD,CG,IQ,LY,TJ,VE,ET,XK",https://i.scdn.co/image/ab67616d0000b273e5a95573f1b91234630fd2cf,2014-05-16,Coldplay
219,0h2knr6qpiAq0tV5ri5JMF,The Days / Nights,album,4,"AR,AU,AT,BE,BO,BR,BG,CA,CL,CO,CR,CY,CZ,DK,DO,DE,EC,EE,SV,FI,FR,GR,GT,HN,HK,HU,IS,IE,IT,LV,LT,LU,MY,MT,MX,NL,NZ,NI,NO,PA,PY,PE,PH,PL,PT,SG,SK,ES,SE,CH,TW,TR,UY,US,GB,AD,LI,MC,ID,JP,TH,VN,RO,IL,ZA,SA,AE,BH,QA,OM,KW,EG,MA,DZ,TN,LB,JO,PS,IN,BY,KZ,MD,UA,AL,BA,HR,ME,MK,RS,SI,KR,BD,PK,LK,GH,KE,NG,TZ,UG,AG,AM,BS,BB,BZ,BT,BW,BF,CV,CW,DM,FJ,GM,GE,GD,GW,GY,HT,JM,KI,LS,LR,MW,MV,ML,MH,FM,NA,NR,NE,PW,PG,WS,SM,ST,SN,SC,SL,SB,KN,LC,VC,SR,TL,TO,TT,TV,VU,AZ,BN,BI,KH,CM,TD,KM,GQ,SZ,GA,GN,KG,LA,MO,MR,MN,NP,RW,TG,UZ,ZW,BJ,MG,MU,MZ,AO,CI,DJ,ZM,CD,CG,IQ,LY,TJ,VE,ET,XK",https://i.scdn.co/image/ab67616d0000b2730ae4f4d42e4a09f3a29f64ad,2014-01-01,Avicii
220,67py9Fs3X4K451QuO5eCLI,Mini World (Deluxe),album,15,"AR,AU,AT,BE,BO,BR,BG,CL,CO,CR,CY,CZ,DK,DO,DE,EC,EE,SV,FI,FR,GR,GT,HN,HK,HU,IS,IE,IT,LV,LT,LU,MY,MT,MX,NL,NZ,NI,NO,PA,PY,PE,PH,PL,PT,SG,SK,ES,SE,CH,TW,TR,UY,US,GB,AD,LI,MC,ID,JP,TH,VN,RO,IL,ZA,SA,AE,BH,QA,OM,KW,EG,MA,DZ,TN,LB,JO,PS,IN,BY,KZ,MD,UA,AL,BA,HR,ME,MK,RS,SI,KR,BD,PK,LK,GH,KE,NG,TZ,UG,AG,AM,BS,BB,BZ,BT,BW,BF,CV,CW,DM,FJ,GM,GE,GD,GW,GY,HT,JM,KI,LS,LR,MW,MV,ML,MH,FM,NA,NR,NE,PW,PG,WS,SM,ST,SN,SC,SL,SB,KN,LC,VC,SR,TL,TO,TT,TV,VU,AZ,BN,BI,KH,CM,TD,KM,GQ,SZ,GA,GN,KG,LA,MO,MR,MN,NP,RW,TG,UZ,ZW,BJ,MG,MU,MZ,AO,CI,DJ,ZM,CD,CG,IQ,LY,TJ,VE,XK",https://i.scdn.co/image/ab67616d0000b273eb5b8d192f9b4dfc67e4834d,2014-11-17,Indila
221,4CkUoxJjBE1QLFMwJYcDwC,L'équilibre,album,12,"AR,AU,AT,BE,BO,BR,BG,CA,CL,CO,CR,CY,CZ,DK,DO,DE,EC,EE,SV,FI,FR,GR,GT,HN,HK,HU,IS,IE,IT,LV,LT,LU,MY,MT,MX,NL,NZ,NI,NO,PA,PY,PE,PH,PL,PT,SG,SK,ES,SE,CH,TW,TR,UY,US,GB,AD,LI,MC,ID,JP,TH,VN,RO,IL,ZA,SA,AE,BH,QA,OM,KW,EG,MA,DZ,TN,LB,JO,PS,IN,BY,KZ,MD,UA,AL,BA,HR,ME,MK,RS,SI,KR,BD,PK,LK,GH,KE,NG,TZ,UG,AG,AM,BS,BB,BZ,BT,BW,BF,CV,CW,DM,FJ,GM,GE,GD,GW,GY,HT,JM,KI,LS,LR,MW,MV,ML,MH,FM,NA,NR,NE,PW,PG,PR,WS,SM,ST,SN,SC,SL,SB,KN,LC,VC,SR,TL,TO,TT,TV,VU,AZ,BN,BI,KH,CM,TD,KM,GQ,SZ,GA,GN,KG,LA,MO,MR,MN,NP,RW,TG,UZ,ZW,BJ,MG,MU,MZ,AO,CI,DJ,ZM,CD,CG,IQ,LY,TJ,VE,ET,XK",https://i.scdn.co/image/ab67616d0000b273ccdb4b564cad90cecfd8e73b,2014-03-24,Kyo
222,0OQnvAbr1445HkrQiPzBP7,"MZ Music, Vol. 3.5",compilation,9,"AR,AU,AT,BE,BO,BR,BG,CA,CL,CO,CR,CY,CZ,DK,DO,DE,EC,EE,SV,FI,FR,GR,GT,HN,HK,HU,IS,IE,IT,LV,LT,LU,MY,MT,MX,NL,NZ,NI,NO,PA,PY,PE,PH,PL,PT,SG,SK,ES,SE,CH,TW,TR,UY,US,GB,AD,LI,MC,ID,JP,TH,VN,RO,IL,ZA,SA,AE,BH,QA,OM,KW,EG,MA,DZ,TN,LB,JO,PS,IN,BY,KZ,MD,UA,AL,BA,HR,ME,MK,RS,SI,KR,BD,PK,LK,GH,KE,NG,TZ,UG,AG,AM,BS,BB,BZ,BT,BW,BF,CV,CW,DM,FJ,GM,GE,GD,GW,GY,HT,JM,KI,LS,LR,MW,MV,ML,MH,FM,NA,NR,NE,PW,PG,PR,WS,SM,ST,SN,SC,SL,SB,KN,LC,VC,SR,TL,TO,TT,TV,VU,AZ,BN,BI,KH,CM,TD,KM,GQ,SZ,GA,GN,KG,LA,MO,MR,MN,NP,RW,TG,UZ,ZW,BJ,MG,MU,MZ,AO,CI,DJ,ZM,CD,CG,IQ,LY,TJ,VE,ET,XK",https://i.scdn.co/image/ab67616d0000b273f54a79790217c74bc0d29d71,2014-11-03,MZ
223,4EUf4YyNjuXypWY6W5wEDm,Globalization,album,11,"AR,AU,AT,BE,BO,BR,BG,CA,CL,CO,CR,CY,CZ,DK,DO,DE,EC,EE,SV,FI,FR,GR,GT,HN,HK,HU,IS,IE,IT,LV,LT,LU,MY,MT,MX,NL,NZ,NI,NO,PA,PY,PE,PH,PL,PT,SG,SK,ES,SE,CH,TW,TR,UY,US,GB,AD,LI,MC,ID,JP,TH,VN,RO,IL,ZA,SA,AE,BH,QA,OM,KW,EG,MA,DZ,TN,LB,JO,PS,IN,BY,KZ,MD,UA,AL,BA,HR,ME,MK,RS,SI,KR,BD,PK,LK,GH,KE,NG,TZ,UG,AG,AM,BS,BB,BZ,BT,BW,BF,CV,CW,DM,FJ,GM,GE,GD,GW,GY,HT,JM,KI,LS,LR,MW,MV,ML,MH,FM,NA,NR,NE,PW,PG,PR,WS,SM,ST,SN,SC,SL,SB,KN,LC,VC,SR,TL,TO,TT,TV,VU,AZ,BN,BI,KH,CM,TD,KM,GQ,SZ,GA,GN,KG,LA,MO,MR,MN,NP,RW,TG,UZ,ZW,BJ,MG,MU,MZ,AO,CI,DJ,ZM,CD,CG,IQ,LY,TJ,VE,ET,XK",https://i.scdn.co/image/ab67616d0000b2731e340d1480e7bb29a45e3bd7,2014-11-24,Pitbull
224,7CbbTg0ujpAaeLvEvk8JqS,Africainement vôtre,album,15,"AR,AU,AT,BE,BO,BR,BG,CA,CL,CO,CR,CY,CZ,DK,DO,DE,EC,EE,SV,FI,FR,GR,GT,HN,HK,HU,IS,IE,IT,LV,LT,LU,MY,MT,MX,NL,NZ,NI,NO,PA,PY,PE,PH,PL,PT,SG,SK,ES,SE,CH,TW,TR,UY,US,GB,AD,LI,MC,ID,JP,TH,VN,RO,IL,ZA,SA,AE,BH,QA,OM,KW,EG,MA,DZ,TN,LB,JO,PS,IN,BY,KZ,MD,UA,AL,BA,HR,ME,MK,RS,SI,KR,BD,PK,LK,GH,KE,NG,TZ,UG,AG,AM,BS,BB,BZ,BT,BW,BF,CV,CW,DM,FJ,GM,GE,GD,GW,GY,HT,JM,KI,LS,LR,MW,MV,ML,MH,FM,NA,NR,NE,PW,PG,PR,WS,SM,ST,SN,SC,SL,SB,KN,LC,VC,SR,TL,TO,TT,TV,VU,AZ,BN,BI,KH,CM,TD,KM,GQ,SZ,GA,GN,KG,LA,MO,MR,MN,NP,RW,TG,UZ,ZW,BJ,MG,MU,MZ,AO,CI,DJ,ZM,CD,CG,IQ,LY,TJ,VE,ET,XK",https://i.scdn.co/image/ab67616d0000b273e2c130193d338ac38c24322d,2014-05-16,Magic System
225,47ifgOtZwS2XDXkFTRuDQA,VIEUX FRÈRES - Partie 1,album,11,"AR,AU,AT,BE,BO,BR,BG,CA,CL,CO,CR,CY,CZ,DK,DO,DE,EC,EE,SV,FI,FR,GR,GT,HN,HK,HU,IS,IE,IT,LV,LT,LU,MY,MT,MX,NL,NZ,NI,NO,PA,PY,PE,PH,PL,PT,SG,SK,ES,SE,CH,TW,TR,UY,US,GB,AD,LI,MC,ID,JP,TH,VN,RO,IL,ZA,SA,AE,BH,QA,OM,KW,EG,MA,DZ,TN,LB,JO,PS,IN,BY,KZ,MD,UA,AL,BA,HR,ME,MK,RS,SI,KR,BD,PK,LK,GH,KE,NG,TZ,UG,AG,AM,BS,BB,BZ,BT,BW,BF,CV,CW,DM,FJ,GM,GE,GD,GW,GY,HT,JM,KI,LS,LR,MW,MV,ML,MH,FM,NA,NR,NE,PW,PG,PR,WS,SM,ST,SN,SC,SL,SB,KN,LC,VC,SR,TL,TO,TT,TV,VU,AZ,BN,BI,KH,CM,TD,KM,GQ,SZ,GA,GN,KG,LA,MO,MR,MN,NP,RW,TG,UZ,ZW,BJ,MG,MU,MZ,AO,CI,DJ,ZM,CD,CG,IQ,LY,TJ,VE,ET,XK",https://i.scdn.co/image/ab67616d0000b2731de91786f83bbba90db0e27f,2014-02-03,Fauve
226,1WvyfJ3rEHw7GM2whNJqqz,Comptines TV,album,15,"AR,AU,AT,BE,BO,BR,BG,CA,CL,CO,CR,CY,CZ,DK,DO,DE,EC,EE,SV,FI,FR,GR,GT,HN,HK,HU,IS,IE,IT,LV,LT,LU,MY,MT,MX,NL,NZ,NI,NO,PA,PY,PE,PH,PL,PT,SG,SK,ES,SE,CH,TW,TR,UY,US,GB,AD,LI,MC,ID,JP,TH,VN,RO,IL,ZA,SA,AE,BH,QA,OM,KW,EG,MA,DZ,TN,LB,JO,PS,IN,BY,KZ,MD,UA,AL,BA,HR,ME,MK,RS,SI,KR,BD,PK,LK,GH,KE,NG,TZ,UG,AG,AM,BS,BB,BZ,BT,BW,BF,CV,CW,DM,FJ,GM,GE,GD,GW,GY,HT,JM,KI,LS,LR,MW,MV,ML,MH,FM,NA,NR,NE,PW,PG,PR,WS,SM,ST,SN,SC,SL,SB,KN,LC,VC,SR,TL,TO,TT,TV,VU,AZ,BN,BI,KH,CM,TD,KM,GQ,SZ,GA,GN,KG,LA,MO,MR,MN,NP,RW,TG,UZ,ZW,BJ,MG,MU,MZ,AO,CI,DJ,ZM,CD,CG,IQ,LY,TJ,VE,ET,XK",https://i.scdn.co/image/ab67616d0000b273e505e8752b43f1ddd3bdff85,2014-11-07,"Comptines TV, Aurélia Izarn-Berger, Stéphane Gilet"
227,5lapLAfOimAQbZthk6hTLS,A l'infini (Summer Edition),album,20,"AR,AU,AT,BE,BO,BR,BG,CA,CL,CO,CR,CY,CZ,DK,DO,DE,EC,EE,SV,FI,FR,GR,GT,HN,HK,HU,IS,IE,IT,LV,LT,LU,MY,MT,NL,NZ,NI,NO,PA,PY,PE,PH,PL,PT,SG,SK,ES,SE,CH,TW,TR,UY,US,GB,AD,LI,MC,ID,JP,TH,VN,RO,IL,ZA,SA,AE,BH,QA,OM,KW,EG,MA,DZ,TN,LB,JO,PS,IN,BY,KZ,MD,UA,AL,BA,HR,ME,MK,RS,SI,KR,BD,PK,LK,GH,KE,NG,TZ,UG,AG,AM,BS,BB,BZ,BW,BF,CV,CW,DM,FJ,GM,GD,GW,HT,JM,LS,LR,MW,ML,FM,NA,NE,PG,PR,SM,ST,SN,SC,SL,KN,LC,VC,TL,TT,AZ,BN,BI,KH,CM,TD,KM,GQ,SZ,GA,GN,KG,LA,MO,MR,MN,NP,RW,TG,UZ,ZW,BJ,MG,MU,MZ,AO,CI,DJ,ZM,CD,CG,IQ,LY,TJ,VE,ET,XK",https://i.scdn.co/image/ab67616d0000b273f8db92ba18d555a6bae307be,2014-06-16,TAL
228,5Z5O36p7BivXzkucc0PAfw,Queen Of The Clouds,album,18,"AR,AU,BE,BO,BR,BG,CL,CO,CR,CY,CZ,DK,DO,EC,EE,SV,FI,FR,GR,GT,HN,HK,HU,IS,IE,IT,LV,LT,LU,MY,MT,NL,NZ,NI,NO,PA,PY,PE,PH,PL,PT,SG,SK,ES,SE,CH,TW,TR,UY,GB,AD,LI,MC,ID,JP,TH,VN,RO,IL,ZA,SA,AE,BH,QA,OM,KW,EG,MA,DZ,TN,LB,JO,IN,BY,KZ,MD,UA,AL,BA,HR,ME,MK,RS,SI,KR,BD,PK,LK,GH,KE,NG,TZ,UG,AG,AM,BS,BB,BZ,BT,BW,BF,CV,CW,DM,FJ,GM,GE,GD,GW,GY,HT,JM,KI,LS,LR,MW,MV,ML,MH,FM,NA,NR,NE,PW,PG,WS,SM,ST,SN,SC,SL,SB,KN,LC,VC,SR,TL,TO,TT,TV,VU,AZ,BN,BI,KH,CM,TD,KM,GQ,SZ,GA,GN,KG,LA,MO,MR,MN,NP,RW,TG,UZ,ZW,BJ,MG,MU,MZ,AO,CI,DJ,ZM,CD,CG,IQ,LY,TJ,VE,XK",https://i.scdn.co/image/ab67616d0000b27370cd79659edf4d5fec0840b8,2014-09-24,Tove Lo
229,6mcMKGEgukjyiR5IKElQ2E,Wanted on Voyage (Expanded Edition),album,16,"AR,AU,AT,BE,BO,BR,BG,CA,CL,CO,CR,CY,CZ,DK,DO,DE,EC,EE,SV,FI,FR,GR,GT,HN,HK,HU,IS,IE,IT,LV,LT,LU,MY,MT,MX,NL,NZ,NI,NO,PA,PY,PE,PH,PL,PT,SG,SK,ES,SE,CH,TW,TR,UY,US,GB,AD,LI,MC,ID,JP,TH,VN,RO,IL,ZA,SA,AE,BH,QA,OM,KW,EG,MA,DZ,TN,LB,JO,PS,IN,BY,KZ,MD,UA,AL,BA,HR,ME,MK,RS,SI,KR,BD,PK,LK,GH,KE,NG,TZ,UG,AG,AM,BS,BB,BZ,BT,BW,BF,CV,CW,DM,FJ,GM,GE,GD,GW,GY,HT,JM,KI,LS,LR,MW,MV,ML,MH,FM,NA,NR,NE,PW,PG,PR,WS,SM,ST,SN,SC,SL,SB,KN,LC,VC,SR,TL,TO,TT,TV,VU,AZ,BN,BI,KH,CM,TD,KM,GQ,SZ,GA,GN,KG,LA,MO,MR,MN,NP,RW,TG,UZ,ZW,BJ,MG,MU,MZ,AO,CI,DJ,ZM,CD,CG,IQ,LY,TJ,VE,ET,XK",https://i.scdn.co/image/ab67616d0000b273d6df3bccf3ec41ea2f76debc,2014-06-30,George Ezra
230,4sZ9glUkZzuWm0OM3HDHzI,Lacrizeomic,album,18,"AR,AU,AT,BE,BO,BR,BG,CA,CL,CO,CR,CY,CZ,DK,DO,DE,EC,EE,SV,FI,FR,GR,GT,HN,HK,HU,IS,IE,IT,LV,LT,LU,MY,MT,MX,NL,NZ,NI,NO,PA,PY,PE,PH,PL,PT,SG,SK,ES,SE,CH,TW,TR,UY,US,GB,AD,LI,MC,ID,JP,TH,VN,RO,IL,ZA,SA,AE,BH,QA,OM,KW,EG,MA,DZ,TN,LB,JO,PS,IN,BY,KZ,MD,UA,AL,BA,HR,ME,MK,RS,SI,KR,BD,PK,LK,GH,KE,NG,TZ,UG,AG,AM,BS,BB,BZ,BT,BW,BF,CV,CW,DM,FJ,GM,GE,GD,GW,GY,HT,JM,KI,LS,LR,MW,MV,ML,MH,FM,NA,NR,NE,PW,PG,PR,WS,SM,ST,SN,SC,SL,SB,KN,LC,VC,SR,TL,TO,TT,TV,VU,AZ,BN,BI,KH,CM,TD,KM,GQ,SZ,GA,GN,KG,LA,MO,MR,MN,NP,RW,TG,UZ,ZW,BJ,MG,MU,MZ,AO,CI,DJ,ZM,CD,CG,IQ,LY,TJ,VE,ET,XK",https://i.scdn.co/image/ab67616d0000b273a8e7bc939bd4d879abb98cb4,2014-06-16,Jul
231,77UW17CZFyCaRLHdHeofZu,Listen,album,18,"AR,AU,AT,BE,BO,BR,BG,CA,CL,CO,CR,CY,CZ,DK,DO,DE,EC,EE,SV,FI,FR,GR,GT,HN,HK,HU,IE,IT,LV,LT,LU,MY,MT,MX,NL,NZ,NI,NO,PA,PY,PE,PH,PL,PT,SG,SK,ES,SE,CH,TW,TR,UY,GB,LI,ID,JP,TH,VN,RO,IL,ZA,SA,AE,BH,QA,OM,KW,EG,MA,DZ,TN,LB,JO,PS,IN,BY,KZ,MD,UA,AL,BA,HR,ME,MK,RS,SI,KR,BD,PK,LK,GH,KE,NG,TZ,UG,AG,AM,BS,BB,BZ,BW,BF,CV,CW,DM,FJ,GM,GD,GW,HT,JM,LS,LR,MW,ML,FM,NA,NE,PG,PR,ST,SN,SC,SL,KN,LC,VC,TL,TT,AZ,BN,BI,KH,CM,TD,KM,GQ,SZ,GA,GN,KG,LA,MO,MR,MN,NP,RW,TG,UZ,ZW,BJ,MG,MU,MZ,AO,CI,DJ,ZM,CD,CG,IQ,LY,TJ,VE,ET,XK",https://i.scdn.co/image/ab67616d0000b2733862d62a50dc6b928651bdeb,2014-11-10,David Guetta
232,3xFSl9lIRaYXIYkIn3OIl9,1000 Forms Of Fear,album,12,"AR,AT,BE,BO,BR,BG,CA,CL,CO,CR,CY,CZ,DK,DO,DE,EC,EE,SV,FI,FR,GR,GT,HN,HK,HU,IS,IE,IT,LV,LT,LU,MY,MT,MX,NL,NI,NO,PA,PY,PE,PH,PL,PT,SG,SK,ES,SE,CH,TW,TR,UY,GB,AD,LI,MC,ID,JP,TH,VN,RO,IL,ZA,SA,AE,BH,QA,OM,KW,EG,MA,DZ,TN,LB,JO,PS,IN,BY,KZ,MD,UA,AL,BA,HR,ME,MK,RS,SI,KR,BD,PK,LK,GH,KE,NG,TZ,UG,AG,AM,BS,BB,BZ,BT,BW,BF,CV,CW,DM,GM,GE,GD,GW,GY,HT,JM,LS,LR,MW,MV,ML,FM,NA,NE,SM,ST,SN,SC,SL,KN,LC,VC,SR,TL,TT,AZ,BN,BI,KH,CM,TD,KM,GQ,SZ,GA,GN,KG,LA,MO,MR,MN,NP,RW,TG,UZ,ZW,BJ,MG,MU,MZ,AO,CI,DJ,ZM,CD,CG,IQ,LY,TJ,VE,ET,XK",https://i.scdn.co/image/ab67616d0000b2735d199c9f6e6562aafa5aa357,2014-07-04,Sia
233,2UJwKSBUz6rtW4QLK74kQu,BEYONCÉ [Platinum Edition],album,20,"AR,AU,AT,BE,BO,BR,BG,CA,CL,CO,CR,CY,CZ,DK,DO,DE,EC,EE,SV,FI,FR,GR,GT,HN,HK,HU,IS,IE,IT,LV,LT,LU,MY,MT,MX,NL,NZ,NI,NO,PA,PY,PE,PH,PL,PT,SG,SK,ES,SE,CH,TW,TR,UY,US,GB,AD,LI,MC,ID,JP,TH,VN,RO,IL,ZA,SA,AE,BH,QA,OM,KW,EG,MA,DZ,TN,LB,JO,PS,IN,BY,KZ,MD,UA,AL,BA,HR,ME,MK,RS,SI,KR,BD,PK,LK,GH,KE,NG,TZ,UG,AG,AM,BS,BB,BZ,BT,BW,BF,CV,CW,DM,FJ,GM,GE,GD,GW,GY,HT,JM,KI,LS,LR,MW,MV,ML,MH,FM,NA,NR,NE,PW,PG,PR,WS,SM,ST,SN,SC,SL,SB,KN,LC,VC,SR,TL,TO,TT,TV,VU,AZ,BN,BI,KH,CM,TD,KM,GQ,SZ,GA,GN,KG,LA,MO,MR,MN,NP,RW,TG,UZ,ZW,BJ,MG,MU,MZ,AO,CI,DJ,ZM,CD,CG,IQ,LY,TJ,VE,ET,XK",https://i.scdn.co/image/ab67616d0000b2730d1d6e9325275f104f8e33f3,2014-11-24,Beyoncé
234,6d2wdCPbQQYZ4FMoEp0gSV,Invincible Friends (Edition Robin Schulz Remix),album,16,FR,https://i.scdn.co/image/ab67616d0000b2734a2428589e34a44ee8844355,2014-07-28,Lilly Wood and The Prick
235,08jWgM4vSkTose4blKBWov,In The Lonely Hour,album,10,"AR,AU,AT,BE,BO,BR,BG,CA,CL,CO,CR,CY,CZ,DK,DO,DE,EC,EE,SV,FI,FR,GR,GT,HN,HK,HU,IS,IE,IT,LV,LT,LU,MY,MT,MX,NL,NZ,NI,NO,PA,PY,PE,PH,PL,PT,SG,SK,ES,SE,CH,TW,TR,UY,US,GB,AD,LI,MC,ID,JP,TH,VN,RO,IL,ZA,SA,AE,BH,QA,OM,KW,EG,MA,DZ,TN,LB,JO,PS,IN,BY,KZ,MD,UA,AL,BA,HR,ME,MK,RS,SI,KR,BD,PK,LK,GH,KE,NG,TZ,UG,AG,AM,BS,BB,BZ,BT,BW,BF,CV,CW,DM,FJ,GM,GE,GD,GW,GY,HT,JM,KI,LS,LR,MW,MV,ML,MH,FM,NA,NR,NE,PW,PG,WS,SM,ST,SN,SC,SL,SB,KN,LC,VC,SR,TL,TO,TT,TV,VU,AZ,BN,BI,KH,CM,TD,KM,GQ,SZ,GA,GN,KG,LA,MO,MR,MN,NP,RW,TG,UZ,ZW,BJ,MG,MU,MZ,AO,CI,DJ,ZM,CD,CG,IQ,LY,TJ,VE,ET,XK",https://i.scdn.co/image/ab67616d0000b273b11bdc91cb9ac6b14f5c1dae,2014-05-26,Sam Smith
236,1xn54DMo2qIqBuMqHtUsFd,x (Deluxe Edition),album,16,"AR,AU,AT,BE,BO,BR,BG,CA,CL,CO,CR,CY,CZ,DK,DO,DE,EC,EE,SV,FI,FR,GR,GT,HN,HK,HU,IE,IT,LV,LT,LU,MY,MT,MX,NL,NZ,NI,NO,PA,PY,PE,PH,PL,PT,SG,SK,ES,SE,CH,TW,TR,UY,US,GB,ID,JP,TH,VN,RO,IL,ZA,SA,AE,BH,QA,OM,KW,EG,MA,DZ,TN,LB,JO,IN,BY,KZ,MD,UA,AL,BA,HR,ME,MK,RS,SI,KR,LK,GH,KE,NG,TZ,UG,AG,AM,BS,BB,BZ,BW,BF,CV,CW,DM,FJ,GM,GD,GW,HT,JM,LS,LR,MW,ML,FM,NA,NE,PG,PR,ST,SN,SC,SL,KN,LC,VC,TL,TT,AZ,BN,BI,KH,CM,TD,KM,GQ,SZ,GA,GN,KG,LA,MO,MR,MN,NP,RW,TG,UZ,ZW,BJ,MG,MU,MZ,AO,CI,DJ,ZM,CD,CG,IQ,LY,TJ,VE,ET,XK",https://i.scdn.co/image/ab67616d0000b27313b3e37318a0c247b550bccd,2014-06-21,Ed Sheeran
237,6vRDgJ6ZlOQ8DH1Y4Olx46,Fréro Delavega,album,18,"AD,AE,AT,AU,BA,BE,BF,BH,BJ,BR,BY,CA,CG,CH,CW,DE,DK,DZ,EG,ES,FI,FR,GB,HR,IE,IQ,IT,JO,KW,LB,LU,LY,MA,MC,ME,MG,MK,ML,MU,MX,NE,NL,NO,NZ,OM,PK,PL,PT,QA,RS,SA,SE,SI,SN,TD,TN,US,XK",https://i.scdn.co/image/ab67616d0000b27374e89417c8ecbfc2c8189c60,2014-01-01,Fréro Delavega
238,7ucm85tRsWk6EyVHaYAxe9,I Love You So,single,1,"AR,AU,AT,BE,BO,BR,BG,CA,CL,CO,CR,CY,CZ,DK,DO,DE,EC,EE,SV,FI,FR,GR,GT,HN,HK,HU,IS,IE,IT,LV,LT,LU,MY,MT,MX,NL,NZ,NI,NO,PA,PY,PE,PH,PL,PT,SG,SK,ES,SE,CH,TW,TR,UY,US,GB,AD,LI,MC,ID,JP,TH,VN,RO,IL,ZA,SA,AE,BH,QA,OM,KW,EG,MA,DZ,TN,LB,JO,PS,IN,BY,KZ,MD,UA,AL,BA,HR,ME,MK,RS,SI,KR,BD,PK,LK,GH,KE,NG,TZ,UG,AG,AM,BS,BB,BZ,BT,BW,BF,CV,CW,DM,FJ,GM,GE,GD,GW,GY,HT,JM,KI,LS,LR,MW,MV,ML,MH,FM,NA,NR,NE,PW,PG,PR,WS,SM,ST,SN,SC,SL,SB,KN,LC,VC,SR,TL,TO,TT,TV,VU,AZ,BN,BI,KH,CM,TD,KM,GQ,SZ,GA,GN,KG,LA,MO,MR,MN,NP,RW,TG,UZ,ZW,BJ,MG,MU,MZ,AO,CI,DJ,ZM,CD,CG,IQ,LY,TJ,VE,ET,XK",https://i.scdn.co/image/ab67616d0000b2739214ff0109a0e062f8a6cf0f,2014-11-28,The Walters
239,29RpLEpfNr1mnrnmtbO620,Waves (Robin Schulz Radio Edit),single,1,"AR,AU,AT,BE,BO,BR,BG,CA,CL,CO,CR,CY,CZ,DK,DO,DE,EC,EE,SV,FI,FR,GR,GT,HN,HK,HU,IS,IE,IT,LV,LT,LU,MY,MT,MX,NL,NZ,NI,NO,PA,PY,PE,PH,PL,PT,SG,SK,ES,SE,CH,TW,TR,UY,US,GB,AD,LI,MC,ID,JP,TH,VN,RO,IL,ZA,SA,AE,BH,QA,OM,KW,EG,MA,DZ,TN,LB,JO,PS,IN,BY,KZ,MD,UA,AL,BA,HR,ME,MK,RS,SI,KR,BD,PK,LK,GH,KE,NG,TZ,UG,AG,AM,BS,BB,BZ,BT,BW,BF,CV,CW,DM,FJ,GM,GE,GD,GW,GY,HT,JM,KI,LS,LR,MW,MV,ML,MH,FM,NA,NR,NE,PW,PG,PR,WS,SM,ST,SN,SC,SL,SB,KN,LC,VC,SR,TL,TO,TT,TV,VU,AZ,BN,BI,KH,CM,TD,KM,GQ,SZ,GA,GN,KG,LA,MO,MR,MN,NP,RW,TG,UZ,ZW,BJ,MG,MU,MZ,AO,CI,DJ,ZM,CD,CG,IQ,LY,TJ,VE,ET,XK",https://i.scdn.co/image/ab67616d0000b27320062cf8da0f580e9118b487,2014-02-07,"Mr. Probz, Robin Schulz"
240,12dNz930IWNuJbbZwa1M0m,Corleone,album,15,"AD,AT,AU,BE,BF,BJ,BR,BY,CA,CG,CH,CW,DE,DK,ES,FI,FR,GB,IE,IT,JP,LU,MC,MG,ML,MU,MX,NE,NL,NO,NZ,PT,SE,SN,TD,US",https://i.scdn.co/image/ab67616d0000b27369db794590452e2c288677fd,2014-01-01,Lacrim
241,1D2Rs9qcENebbiDR5wk88T,Les yeux plus gros que le monde,album,19,"AR,AU,AT,BE,BO,BR,BG,CA,CL,CO,CR,CY,CZ,DK,DO,DE,EC,EE,SV,FI,FR,GR,GT,HN,HK,HU,IS,IE,IT,LV,LT,LU,MY,MT,MX,NL,NZ,NI,NO,PA,PY,PE,PH,PL,PT,SG,SK,ES,SE,CH,TW,TR,UY,US,GB,AD,LI,MC,ID,JP,TH,VN,RO,IL,ZA,SA,AE,BH,QA,OM,KW,EG,MA,DZ,TN,LB,JO,PS,IN,BY,KZ,MD,UA,AL,BA,HR,ME,MK,RS,SI,KR,BD,PK,LK,GH,KE,NG,TZ,UG,AG,AM,BS,BB,BZ,BT,BW,BF,CV,CW,DM,FJ,GM,GE,GD,GW,GY,HT,JM,KI,LS,LR,MW,MV,ML,MH,FM,NA,NR,NE,PW,PG,PR,WS,SM,ST,SN,SC,SL,SB,KN,LC,VC,SR,TL,TO,TT,TV,VU,AZ,BN,BI,KH,CM,TD,KM,GQ,SZ,GA,GN,KG,LA,MO,MR,MN,NP,RW,TG,UZ,ZW,BJ,MG,MU,MZ,AO,CI,DJ,ZM,CD,CG,IQ,LY,TJ,VE,ET,XK",https://i.scdn.co/image/ab67616d0000b273310ee6bdf4c9a1fc4cebcb47,2014-03-31,Black M
242,2biVG6BYnVVSwLYd1OjbPT,Dream Your Life Away (Deluxe Edition),album,20,"AR,AT,BE,BO,BR,BG,CA,CL,CO,CR,CY,CZ,DK,DO,DE,EC,EE,SV,FI,FR,GR,GT,HN,HK,HU,IS,IE,IT,LV,LT,LU,MY,MT,MX,NL,NI,NO,PA,PY,PE,PH,PL,PT,SG,SK,ES,SE,CH,TW,TR,UY,US,GB,AD,LI,MC,ID,JP,TH,VN,RO,IL,ZA,SA,AE,BH,QA,OM,KW,EG,MA,DZ,TN,LB,JO,PS,IN,KZ,MD,UA,AL,BA,HR,ME,MK,RS,SI,KR,BD,PK,LK,GH,KE,NG,TZ,UG,AG,AM,BS,BB,BZ,BT,BW,BF,CV,CW,DM,FJ,GM,GE,GD,GW,GY,HT,JM,KI,LS,LR,MW,MV,ML,MH,FM,NA,NR,NE,PW,PG,PR,WS,SM,ST,SN,SC,SL,SB,KN,LC,VC,SR,TL,TO,TT,TV,VU,AZ,BN,BI,KH,CM,TD,KM,GQ,SZ,GA,GN,KG,LA,MO,MR,MN,NP,RW,TG,UZ,ZW,BJ,MG,MU,MZ,AO,CI,DJ,ZM,CD,CG,IQ,LY,TJ,VE,ET,XK",https://i.scdn.co/image/ab67616d0000b2737cffb8896928039a0a10e4e7,2014-08-05,Vance Joy
243,1ORxRsK3MrSLvh7VQTF01F,Ultraviolence (Deluxe),album,14,"AR,AU,BE,BO,BR,BG,CA,CL,CO,CR,CY,CZ,DK,DO,EC,EE,SV,FI,FR,GR,GT,HN,HK,HU,IS,IE,IT,LV,LT,LU,MY,MT,MX,NL,NZ,NI,NO,PA,PY,PE,PH,PL,PT,SG,SK,ES,SE,TW,TR,UY,US,GB,AD,LI,MC,ID,TH,VN,RO,IL,ZA,SA,AE,BH,QA,OM,KW,EG,MA,DZ,TN,LB,JO,PS,IN,BY,KZ,MD,UA,AL,BA,HR,ME,MK,RS,SI,KR,BD,PK,LK,GH,KE,NG,TZ,UG,AG,AM,BS,BB,BZ,BT,BW,BF,CV,CW,DM,FJ,GM,GD,GW,GY,HT,JM,KI,LS,LR,MW,MV,ML,MH,FM,NA,NR,NE,PW,PG,WS,ST,SN,SC,SL,SB,KN,LC,VC,SR,TL,TO,TT,TV,AZ,BN,BI,KH,CM,TD,KM,GQ,SZ,GA,GN,KG,LA,MO,MR,MN,NP,RW,TG,UZ,ZW,BJ,MG,MU,MZ,AO,CI,DJ,ZM,CD,CG,IQ,LY,TJ,VE,XK",https://i.scdn.co/image/ab67616d0000b2731624590458126fc8b8c64c2f,2014-01-01,Lana Del Rey
244,48zisMeiXniWLzOQghbPqS,Motion,album,15,"AR,AU,AT,BE,BO,BR,BG,CA,CL,CO,CR,CY,CZ,DK,DO,DE,EC,EE,SV,FI,FR,GR,GT,HN,HK,HU,IS,IE,IT,LV,LT,LU,MY,MT,MX,NL,NZ,NI,NO,PA,PY,PE,PH,PL,PT,SG,SK,ES,SE,CH,TW,TR,UY,US,GB,AD,LI,MC,ID,JP,TH,VN,RO,IL,ZA,SA,AE,BH,QA,OM,KW,EG,MA,DZ,TN,LB,JO,PS,IN,BY,KZ,MD,UA,AL,BA,HR,ME,MK,RS,SI,KR,BD,PK,LK,GH,KE,NG,TZ,UG,AG,AM,BS,BB,BZ,BT,BW,BF,CV,CW,DM,FJ,GM,GE,GD,GW,GY,HT,JM,KI,LS,LR,MW,MV,ML,MH,FM,NA,NR,NE,PW,PG,PR,WS,SM,ST,SN,SC,SL,SB,KN,LC,VC,SR,TL,TO,TT,TV,VU,AZ,BN,BI,KH,CM,TD,KM,GQ,SZ,GA,GN,KG,LA,MO,MR,MN,NP,RW,TG,UZ,ZW,BJ,MG,MU,MZ,AO,CI,DJ,ZM,CD,CG,IQ,LY,TJ,VE,ET,XK",https://i.scdn.co/image/ab67616d0000b2738fba5806a323efd272677c4d,2014-10-31,Calvin Harris
245,2Auw0pTT6EcQdvHNimhLQI,V,album,12,"AR,AU,AT,BE,BO,BR,BG,CA,CL,CO,CR,CY,CZ,DK,DO,DE,EC,EE,SV,FI,FR,GR,GT,HN,HU,IS,IE,IT,LV,LT,LU,MT,MX,NL,NZ,NI,NO,PA,PY,PE,PL,PT,SK,ES,CH,TR,UY,US,GB,AD,LI,MC,RO,IL,ZA,SA,AE,BH,QA,OM,KW,EG,MA,DZ,TN,LB,JO,BY,KZ,MD,UA,AL,BA,HR,ME,MK,RS,SI,BD,PK,GH,KE,NG,TZ,UG,AG,AM,BS,BB,BZ,BT,BW,BF,CV,CW,DM,FJ,GM,GE,GD,GW,GY,HT,JM,KI,LS,LR,MW,MV,ML,MH,FM,NA,NR,NE,PW,PG,WS,SM,ST,SN,SC,SL,SB,KN,LC,VC,SR,TL,TO,TT,TV,VU,AZ,BI,CM,TD,KM,GQ,SZ,GA,GN,KG,MR,MN,NP,RW,TG,UZ,ZW,BJ,MG,MU,MZ,AO,CI,DJ,ZM,CD,CG,IQ,LY,TJ,VE,ET,XK",https://i.scdn.co/image/ab67616d0000b273442b53773d50e1b5369bb16c,2014-09-02,Maroon 5
246,1r7XjAgjwlakmXC2GbPXjH,Mini World,album,10,"AR,AU,AT,BE,BO,BR,BG,CA,CL,CO,CR,CY,CZ,DK,DO,DE,EC,EE,SV,FI,FR,GR,GT,HN,HK,HU,IS,IE,IT,LV,LT,LU,MY,MT,MX,NL,NZ,NI,NO,PA,PY,PE,PH,PL,PT,SG,SK,ES,SE,CH,TW,TR,UY,US,GB,AD,LI,MC,ID,JP,TH,VN,RO,IL,ZA,SA,AE,BH,QA,OM,KW,EG,MA,DZ,TN,LB,JO,PS,IN,BY,KZ,MD,UA,AL,BA,HR,ME,MK,RS,SI,KR,PK,LK,GH,KE,NG,TZ,UG,AG,AM,BS,BB,BZ,BT,BW,BF,CV,CW,DM,FJ,GM,GD,GW,GY,JM,KI,LS,LR,MW,MV,ML,MH,FM,NA,NR,NE,PW,PG,WS,ST,SN,SC,SL,SB,KN,LC,VC,SR,TL,TO,TT,TV,AZ,BN,BI,KH,CM,TD,KM,GQ,SZ,GA,GN,KG,LA,MO,MR,MN,NP,RW,TG,UZ,ZW,BJ,MG,MU,MZ,AO,CI,DJ,ZM,CD,CG,IQ,LY,TJ,VE,XK",https://i.scdn.co/image/ab67616d0000b2734ae8ff731c49965bf2083405,2014-01-01,Indila
247,0Uv83rRhY5QvHKkQoULRKk,Hozier,album,13,"AR,AT,BE,BO,BR,BG,CL,CO,CR,CY,CZ,DK,DO,DE,EC,EE,SV,FI,FR,GR,GT,HN,HK,HU,IS,IE,IT,LV,LT,LU,MY,MT,MX,NL,NZ,NI,NO,PA,PY,PE,PH,PL,PT,SG,SK,ES,CH,TW,TR,UY,GB,AD,LI,MC,ID,JP,TH,VN,RO,IL,ZA,SA,AE,BH,QA,OM,KW,EG,MA,DZ,TN,LB,JO,PS,IN,BY,KZ,MD,UA,AL,BA,HR,ME,MK,RS,SI,KR,BD,PK,LK,GH,KE,NG,TZ,UG,AG,AM,BS,BB,BZ,BT,BW,BF,CV,CW,DM,FJ,GM,GD,GW,GY,HT,JM,KI,LS,LR,MW,MV,ML,MH,FM,NA,NR,NE,PW,PG,WS,ST,SN,SC,SL,SB,KN,LC,VC,SR,TL,TO,TT,TV,AZ,BN,BI,KH,CM,TD,KM,GQ,SZ,GA,GN,KG,LA,MO,MR,MN,NP,RW,TG,UZ,ZW,BJ,MG,MU,MZ,AO,CI,DJ,ZM,CD,CG,IQ,LY,TJ,VE,XK",https://i.scdn.co/image/ab67616d0000b2737a9bf5f82e32d33d4503fe7b,2014-09-19,Hozier
248,3yMDPzPjM2VqLHENlVgiEF,Dans ma paranoïa,album,17,"AR,AU,AT,BE,BO,BR,BG,CA,CL,CO,CR,CY,CZ,DK,DO,DE,EC,EE,SV,FI,FR,GR,GT,HN,HK,HU,IS,IE,IT,LV,LT,LU,MY,MT,MX,NL,NZ,NI,NO,PA,PY,PE,PH,PL,PT,SG,SK,ES,SE,CH,TW,TR,UY,US,GB,AD,LI,MC,ID,JP,TH,VN,RO,IL,ZA,SA,AE,BH,QA,OM,KW,EG,MA,DZ,TN,LB,JO,PS,IN,BY,KZ,MD,UA,AL,BA,HR,ME,MK,RS,SI,KR,BD,PK,LK,GH,KE,NG,TZ,UG,AG,AM,BS,BB,BZ,BT,BW,BF,CV,CW,DM,FJ,GM,GE,GD,GW,GY,HT,JM,KI,LS,LR,MW,MV,ML,MH,FM,NA,NR,NE,PW,PG,PR,WS,SM,ST,SN,SC,SL,SB,KN,LC,VC,SR,TL,TO,TT,TV,VU,AZ,BN,BI,KH,CM,TD,KM,GQ,SZ,GA,GN,KG,LA,MO,MR,MN,NP,RW,TG,UZ,ZW,BJ,MG,MU,MZ,AO,CI,DJ,ZM,CD,CG,IQ,LY,TJ,VE,ET,XK",https://i.scdn.co/image/ab67616d0000b27385d9fb2e7833cb239769c02d,2014-02-24,Jul
249,1gjyhDARGcJQDSebzU1ONc,Je trouve pas le sommeil,album,20,"AR,AU,AT,BE,BO,BR,BG,CA,CL,CO,CR,CY,CZ,DK,DO,DE,EC,EE,SV,FI,FR,GR,GT,HN,HK,HU,IS,IE,IT,LV,LT,LU,MY,MT,MX,NL,NZ,NI,NO,PA,PY,PE,PH,PL,PT,SG,SK,ES,SE,CH,TW,TR,UY,US,GB,AD,LI,MC,ID,JP,TH,VN,RO,IL,ZA,SA,AE,BH,QA,OM,KW,EG,MA,DZ,TN,LB,JO,PS,IN,BY,KZ,MD,UA,AL,BA,HR,ME,MK,RS,SI,KR,BD,PK,LK,GH,KE,NG,TZ,UG,AG,AM,BS,BB,BZ,BT,BW,BF,CV,CW,DM,FJ,GM,GE,GD,GW,GY,HT,JM,KI,LS,LR,MW,MV,ML,MH,FM,NA,NR,NE,PW,PG,PR,WS,SM,ST,SN,SC,SL,SB,KN,LC,VC,SR,TL,TO,TT,TV,VU,AZ,BN,BI,KH,CM,TD,KM,GQ,SZ,GA,GN,KG,LA,MO,MR,MN,NP,RW,TG,UZ,ZW,BJ,MG,MU,MZ,AO,CI,DJ,ZM,CD,CG,IQ,LY,TJ,VE,ET,XK",https://i.scdn.co/image/ab67616d0000b2735dfbf810bc891f4e4d640adb,2014-12-08,Jul
250,1kCHru7uhxBUdzkm4gzRQc,Hamilton (Original Broadway Cast Recording),album,46,"AR,AU,AT,BE,BO,BR,BG,CA,CL,CO,CR,CY,CZ,DK,DO,DE,EC,EE,SV,FI,FR,GR,GT,HN,HK,HU,IS,IE,IT,LV,LT,LU,MY,MT,MX,NL,NZ,NI,NO,PA,PY,PE,PH,PL,PT,SG,SK,ES,SE,CH,TW,TR,UY,US,GB,AD,LI,MC,ID,JP,TH,VN,RO,IL,ZA,SA,AE,BH,QA,OM,KW,EG,MA,DZ,TN,LB,JO,PS,IN,BY,KZ,MD,UA,AL,BA,HR,ME,MK,RS,SI,KR,BD,PK,LK,GH,KE,NG,TZ,UG,AG,AM,BS,BB,BZ,BT,BW,BF,CV,CW,DM,FJ,GM,GE,GD,GW,GY,HT,JM,KI,LS,LR,MW,MV,ML,MH,FM,NA,NR,NE,PW,PG,PR,WS,SM,ST,SN,SC,SL,SB,KN,LC,VC,SR,TL,TO,TT,TV,VU,AZ,BN,BI,KH,CM,TD,KM,GQ,SZ,GA,GN,KG,LA,MO,MR,MN,NP,RW,TG,UZ,ZW,BJ,MG,MU,MZ,AO,CI,DJ,ZM,CD,CG,IQ,LY,TJ,VE,ET,XK",https://i.scdn.co/image/ab67616d0000b273d72fb5571087bca0a2fed008,2015-09-25,Lin-Manuel Miranda
251,2M2Ae2SvZe3fmzUtlVOV5Z,UNDERTALE Soundtrack,album,101,"AR,AU,AT,BE,BO,BR,BG,CA,CL,CO,CR,CY,CZ,DK,DO,DE,EC,EE,SV,FI,FR,GR,GT,HN,HK,HU,IS,IE,IT,LV,LT,LU,MY,MT,MX,NL,NZ,NI,NO,PA,PY,PE,PH,PL,PT,SG,SK,ES,SE,CH,TW,TR,UY,US,GB,AD,LI,MC,ID,JP,TH,VN,RO,IL,ZA,SA,AE,BH,QA,OM,KW,EG,MA,DZ,TN,LB,JO,PS,IN,BY,KZ,MD,UA,AL,BA,HR,ME,MK,RS,SI,KR,BD,PK,LK,GH,KE,NG,TZ,UG,AG,AM,BS,BB,BZ,BT,BW,BF,CV,CW,DM,FJ,GM,GE,GD,GW,GY,HT,JM,KI,LS,LR,MW,MV,ML,MH,FM,NA,NR,NE,PW,PG,PR,WS,SM,ST,SN,SC,SL,SB,KN,LC,VC,SR,TL,TO,TT,TV,VU,AZ,BN,BI,KH,CM,TD,KM,GQ,SZ,GA,GN,KG,LA,MO,MR,MN,NP,RW,TG,UZ,ZW,BJ,MG,MU,MZ,AO,CI,DJ,ZM,CD,CG,IQ,LY,TJ,VE,ET,XK",https://i.scdn.co/image/ab67616d0000b27324edb22d068eb245a924b7f2,2015-09-15,Toby Fox
252,4SkZTSXdPpzTbf6C0m1UKv,Depression Cherry,album,9,"AD,AL,AM,AT,AZ,BA,BE,BG,BY,CH,CW,CY,CZ,DE,DK,EE,ES,FI,FR,GB,GE,GR,HR,HU,IE,IS,IT,JP,KZ,LI,LT,LU,LV,MC,MD,ME,MK,MT,NL,NO,PL,PT,RO,RS,SE,SI,SK,SM,TR,UA,XK",https://i.scdn.co/image/ab67616d0000b273d1430224d631eaa5954f13c9,2015-08-28,Beach House
253,1jfBSA8KgMLol7Iahnq8wv,Comment c'est loin,album,17,"AR,AU,AT,BE,BO,BR,BG,CA,CL,CO,CR,CY,CZ,DK,DO,DE,EC,EE,SV,FI,FR,GR,GT,HN,HK,HU,IS,IE,IT,LV,LT,LU,MY,MT,MX,NL,NZ,NI,NO,PA,PY,PE,PH,PL,PT,SG,SK,ES,SE,CH,TW,TR,UY,US,GB,AD,LI,MC,ID,JP,TH,VN,RO,IL,ZA,SA,AE,BH,QA,OM,KW,EG,MA,DZ,TN,LB,JO,PS,IN,BY,KZ,MD,UA,AL,BA,HR,ME,MK,RS,SI,KR,BD,PK,LK,GH,KE,NG,TZ,UG,AG,AM,BS,BB,BZ,BT,BW,BF,CV,CW,DM,FJ,GM,GE,GD,GW,GY,HT,JM,KI,LS,LR,MW,MV,ML,MH,FM,NA,NR,NE,PW,PG,PR,WS,SM,ST,SN,SC,SL,SB,KN,LC,VC,SR,TL,TO,TT,TV,VU,AZ,BN,BI,KH,CM,TD,KM,GQ,SZ,GA,GN,KG,LA,MO,MR,MN,NP,RW,TG,UZ,ZW,BJ,MG,MU,MZ,AO,CI,DJ,ZM,CD,CG,IQ,LY,TJ,VE,ET,XK",https://i.scdn.co/image/ab67616d0000b2736e069ce557898f321fd403ef,2015-12-09,Casseurs Flowters
254,4PWBTB6NYSKQwfo79I3prg,Rodeo,album,16,"AR,AU,AT,BE,BO,BR,BG,CA,CL,CO,CR,CY,CZ,DK,DO,DE,EC,EE,SV,FI,FR,GR,GT,HN,HK,HU,IS,IE,IT,LV,LT,LU,MY,MT,MX,NL,NZ,NI,NO,PA,PY,PE,PH,PL,PT,SG,SK,ES,SE,CH,TW,TR,UY,US,GB,AD,LI,MC,ID,JP,TH,VN,RO,IL,ZA,SA,AE,BH,QA,OM,KW,EG,MA,DZ,TN,LB,JO,PS,IN,BY,KZ,MD,UA,AL,BA,HR,ME,MK,RS,SI,KR,BD,PK,LK,GH,KE,NG,TZ,UG,AG,AM,BS,BB,BZ,BT,BW,BF,CV,CW,DM,FJ,GM,GE,GD,GW,GY,HT,JM,KI,LS,LR,MW,MV,ML,MH,FM,NA,NR,NE,PW,PG,PR,WS,SM,ST,SN,SC,SL,SB,KN,LC,VC,SR,TL,TO,TT,TV,VU,AZ,BN,BI,KH,CM,TD,KM,GQ,SZ,GA,GN,KG,LA,MO,MR,MN,NP,RW,TG,UZ,ZW,BJ,MG,MU,MZ,AO,CI,DJ,ZM,CD,CG,IQ,LY,TJ,VE,ET,XK",https://i.scdn.co/image/ab67616d0000b2736cfd9a7353f98f5165ea6160,2015-09-04,Travis Scott
255,2ErpL5R5OXbtciQhLadIY8,R.I.P.R.O 2,album,14,"AR,AU,AT,BE,BO,BR,BG,CA,CL,CO,CR,CY,CZ,DK,DO,DE,EC,EE,SV,FI,FR,GR,GT,HN,HK,HU,IS,IE,IT,LV,LT,LU,MY,MT,MX,NL,NZ,NI,NO,PA,PY,PE,PH,PL,PT,SG,SK,ES,SE,CH,TW,TR,UY,US,GB,AD,LI,MC,ID,TH,VN,RO,IL,ZA,SA,AE,BH,QA,OM,KW,EG,MA,DZ,TN,LB,JO,PS,IN,BY,KZ,MD,UA,AL,BA,HR,ME,MK,RS,SI,KR,BD,PK,LK,GH,KE,NG,TZ,UG,AG,AM,BS,BB,BZ,BT,BW,BF,CV,CW,DM,FJ,GM,GE,GD,GW,GY,HT,JM,KI,LS,LR,MW,MV,ML,MH,FM,NA,NR,NE,PW,PG,WS,SM,ST,SN,SC,SL,SB,KN,LC,VC,SR,TL,TO,TT,TV,VU,AZ,BN,BI,KH,CM,TD,KM,GQ,SZ,GA,GN,KG,LA,MO,MR,MN,NP,RW,TG,UZ,ZW,BJ,MG,MU,MZ,AO,CI,DJ,ZM,CD,CG,IQ,LY,TJ,VE,XK",https://i.scdn.co/image/ab67616d0000b273e2918b96a357f82b8e4ea40c,2015-12-11,Lacrim
256,18iFxjZugvKhuNNMbLjZJF,Wiped Out!,album,11,"AR,AU,AT,BE,BO,BR,BG,CA,CL,CO,CR,CY,CZ,DK,DO,DE,EC,EE,SV,FI,FR,GR,GT,HN,HK,HU,IS,IE,IT,LV,LT,LU,MY,MT,MX,NL,NZ,NI,NO,PA,PY,PE,PH,PL,PT,SG,SK,ES,SE,CH,TW,TR,UY,US,GB,AD,LI,MC,ID,JP,TH,VN,RO,IL,ZA,SA,AE,BH,QA,OM,KW,EG,MA,DZ,TN,LB,JO,PS,IN,BY,KZ,MD,UA,AL,BA,HR,ME,MK,RS,SI,KR,BD,PK,LK,GH,KE,NG,TZ,UG,AG,AM,BS,BB,BZ,BT,BW,BF,CV,CW,DM,FJ,GM,GE,GD,GW,GY,HT,JM,KI,LS,LR,MW,MV,ML,MH,FM,NA,NR,NE,PW,PG,PR,WS,SM,ST,SN,SC,SL,SB,KN,LC,VC,SR,TL,TO,TT,TV,VU,AZ,BN,BI,KH,CM,TD,KM,GQ,SZ,GA,GN,KG,LA,MO,MR,MN,NP,RW,TG,UZ,ZW,BJ,MG,MU,MZ,AO,CI,DJ,ZM,CD,CG,IQ,LY,TJ,VE,ET,XK",https://i.scdn.co/image/ab67616d0000b2733066581d697fbdee4303d685,2015-10-30,The Neighbourhood
257,2DpEBrjCur1ythIZ10gJWw,Honeymoon,album,14,"AR,AU,BE,BO,BR,BG,CA,CL,CO,CR,CY,CZ,DK,DO,EC,EE,SV,FI,FR,GR,GT,HN,HK,HU,IS,IE,IT,LV,LT,LU,MY,MT,MX,NL,NZ,NI,NO,PA,PY,PE,PH,PL,PT,SG,SK,ES,SE,TW,TR,UY,US,GB,AD,LI,MC,ID,JP,TH,VN,RO,IL,ZA,SA,AE,BH,QA,OM,KW,EG,MA,DZ,TN,LB,JO,IN,BY,KZ,MD,UA,AL,BA,HR,ME,MK,RS,SI,KR,BD,PK,LK,GH,KE,NG,TZ,UG,AG,AM,BS,BB,BZ,BT,BW,BF,CV,CW,DM,FJ,GM,GE,GD,GW,GY,HT,JM,KI,LS,LR,MW,MV,ML,MH,FM,NA,NR,NE,PW,PG,WS,SM,ST,SN,SC,SL,SB,KN,LC,VC,SR,TL,TO,TT,TV,VU,AZ,BN,BI,KH,CM,TD,KM,GQ,SZ,GA,GN,KG,LA,MO,MR,MN,NP,RW,TG,UZ,ZW,BJ,MG,MU,MZ,AO,CI,DJ,ZM,CD,CG,IQ,LY,TJ,VE,XK",https://i.scdn.co/image/ab67616d0000b273a3b3f48ca81acacb3ad4ec8a,2015-09-18,Lana Del Rey
258,2GZtCmVHspYEXhGmpRPO4S,D.U.C.,album,19,"AR,AU,AT,BE,BO,BR,BG,CL,CO,CR,CY,CZ,DK,DO,DE,EC,EE,SV,FI,FR,GR,GT,HN,HK,HU,IS,IE,IT,LV,LT,LU,MY,MT,NL,NZ,NI,NO,PA,PY,PE,PH,PL,PT,SG,SK,ES,SE,CH,TW,TR,UY,GB,AD,LI,MC,ID,JP,TH,VN,RO,IL,ZA,SA,AE,BH,QA,OM,KW,EG,MA,DZ,TN,LB,JO,PS,IN,BY,KZ,MD,UA,AL,BA,HR,ME,MK,RS,SI,KR,BD,PK,LK,GH,KE,NG,TZ,UG,AG,AM,BS,BB,BZ,BT,BW,BF,CV,CW,DM,FJ,GM,GE,GD,GW,GY,HT,JM,KI,LS,LR,MW,MV,ML,MH,FM,NA,NR,NE,PW,PG,WS,SM,ST,SN,SC,SL,SB,KN,LC,VC,SR,TL,TO,TT,TV,VU,AZ,BN,BI,KH,CM,TD,KM,GQ,SZ,GA,GN,KG,LA,MO,MR,MN,NP,RW,TG,UZ,ZW,BJ,MG,MU,MZ,AO,CI,DJ,ZM,CD,CG,IQ,LY,TJ,VE,ET,XK",https://i.scdn.co/image/ab67616d0000b2738efd123fd4f543f3def3a286,2015-04-13,Booba
259,4hiArqU343m8BUT0lymyLO,LIVE FOREVER,album,10,"AR,AU,AT,BE,BO,BR,BG,CA,CL,CO,CR,CY,CZ,DK,DO,DE,EC,EE,SV,FI,FR,GR,GT,HN,HK,HU,IS,IE,IT,LV,LT,LU,MY,MT,MX,NL,NZ,NI,NO,PA,PY,PE,PH,PL,PT,SG,SK,ES,SE,CH,TW,TR,UY,US,GB,AD,LI,MC,ID,JP,TH,VN,RO,IL,ZA,SA,AE,BH,QA,OM,KW,EG,MA,DZ,TN,LB,JO,PS,IN,BY,KZ,MD,UA,AL,BA,HR,ME,MK,RS,SI,KR,BD,PK,LK,GH,KE,NG,TZ,UG,AG,AM,BS,BB,BZ,BT,BW,BF,CV,CW,DM,FJ,GM,GE,GD,GW,GY,HT,JM,KI,LS,LR,MW,MV,ML,MH,FM,NA,NR,NE,PW,PG,PR,WS,SM,ST,SN,SC,SL,SB,KN,LC,VC,SR,TL,TO,TT,TV,VU,AZ,BN,BI,KH,CM,TD,KM,GQ,SZ,GA,GN,KG,LA,MO,MR,MN,NP,RW,TG,UZ,ZW,BJ,MG,MU,MZ,AO,CI,DJ,ZM,CD,CG,IQ,LY,TJ,VE,ET,XK",https://i.scdn.co/image/ab67616d0000b2739c40b3a3043a8f24403048a6,2015-12-02,Lil Peep
260,0tHytwMQYXfBsg3rDtdqek,Je tourne en rond,album,20,"AR,AU,AT,BE,BO,BR,BG,CA,CL,CO,CR,CY,CZ,DK,DO,DE,EC,EE,SV,FI,FR,GR,GT,HN,HK,HU,IS,IE,IT,LV,LT,LU,MY,MT,MX,NL,NZ,NI,NO,PA,PY,PE,PH,PL,PT,SG,SK,ES,SE,CH,TW,TR,UY,US,GB,AD,LI,MC,ID,JP,TH,VN,RO,IL,ZA,SA,AE,BH,QA,OM,KW,EG,MA,DZ,TN,LB,JO,PS,IN,BY,KZ,MD,UA,AL,BA,HR,ME,MK,RS,SI,KR,BD,PK,LK,GH,KE,NG,TZ,UG,AG,AM,BS,BB,BZ,BT,BW,BF,CV,CW,DM,FJ,GM,GE,GD,GW,GY,HT,JM,KI,LS,LR,MW,MV,ML,MH,FM,NA,NR,NE,PW,PG,PR,WS,SM,ST,SN,SC,SL,SB,KN,LC,VC,SR,TL,TO,TT,TV,VU,AZ,BN,BI,KH,CM,TD,KM,GQ,SZ,GA,GN,KG,LA,MO,MR,MN,NP,RW,TG,UZ,ZW,BJ,MG,MU,MZ,AO,CI,DJ,ZM,CD,CG,IQ,LY,TJ,VE,ET,XK",https://i.scdn.co/image/ab67616d0000b2732a49917c09eab39404a115f4,2015-06-08,Jul
261,3arNdjotCvtiiLFfjKngMc,AT.LONG.LAST.A$AP,album,18,"AR,AU,AT,BE,BO,BR,BG,CA,CL,CO,CR,CY,CZ,DK,DO,DE,EC,EE,SV,FI,FR,GR,GT,HN,HK,HU,IS,IE,IT,LV,LT,LU,MY,MT,MX,NL,NZ,NI,NO,PA,PY,PE,PH,PL,PT,SG,SK,ES,SE,CH,TW,TR,UY,US,GB,AD,LI,MC,ID,JP,TH,VN,RO,IL,ZA,MA,DZ,TN,IN,BY,KZ,MD,UA,AL,BA,HR,ME,MK,RS,SI,KR,BD,PK,LK,GH,KE,NG,TZ,UG,AG,AM,BS,BB,BZ,BT,BW,BF,CV,CW,DM,FJ,GM,GE,GD,GW,GY,HT,JM,KI,LS,LR,MW,MV,ML,MH,FM,NA,NR,NE,PW,PG,PR,WS,SM,ST,SN,SC,SL,SB,KN,LC,VC,SR,TL,TO,TT,TV,VU,AZ,BN,BI,KH,CM,TD,KM,GQ,SZ,GA,GN,KG,LA,MO,MR,MN,NP,RW,TG,UZ,ZW,BJ,MG,MU,MZ,AO,CI,DJ,ZM,CD,CG,TJ,VE,ET,XK",https://i.scdn.co/image/ab67616d0000b27316b101f81a8284ec71048d91,2015-05-26,A$AP Rocky
262,6eZdwrhB97A3EYx9QppGfl,T R A P S O U L,album,14,"AR,AU,AT,BE,BO,BR,BG,CA,CL,CO,CR,CY,CZ,DK,DO,DE,EC,EE,SV,FI,FR,GR,GT,HN,HK,HU,IS,IE,IT,LV,LT,LU,MY,MT,MX,NL,NZ,NI,NO,PA,PY,PE,PH,PL,PT,SG,SK,ES,SE,CH,TW,TR,UY,US,GB,AD,LI,MC,ID,JP,TH,VN,RO,IL,ZA,SA,AE,BH,QA,OM,KW,EG,MA,DZ,TN,LB,JO,PS,IN,BY,KZ,MD,UA,AL,BA,HR,ME,MK,RS,SI,KR,BD,PK,LK,GH,KE,NG,TZ,UG,AG,AM,BS,BB,BZ,BT,BW,BF,CV,CW,DM,FJ,GM,GE,GD,GW,GY,HT,JM,KI,LS,LR,MW,MV,ML,MH,FM,NA,NR,NE,PW,PG,PR,WS,SM,ST,SN,SC,SL,SB,KN,LC,VC,SR,TL,TO,TT,TV,VU,AZ,BN,BI,KH,CM,TD,KM,GQ,SZ,GA,GN,KG,LA,MO,MR,MN,NP,RW,TG,UZ,ZW,BJ,MG,MU,MZ,AO,CI,DJ,ZM,CD,CG,IQ,LY,TJ,VE,ET,XK",https://i.scdn.co/image/ab67616d0000b273d5f3cea8affdca01a0dc754f,2015-10-02,Bryson Tiller
263,0nO1lieZiO2JTY4dqABRQB,Charo Life,album,14,"AR,AU,AT,BE,BO,BR,BG,CL,CO,CR,CY,CZ,DK,DO,DE,EC,EE,SV,FI,FR,GR,GT,HN,HK,HU,IS,IE,IT,LV,LT,LU,MY,MT,MX,NL,NZ,NI,NO,PA,PY,PE,PH,PL,PT,SG,SK,ES,SE,CH,TW,TR,UY,US,GB,AD,LI,MC,ID,TH,VN,RO,IL,ZA,SA,AE,BH,QA,OM,KW,EG,MA,DZ,TN,LB,JO,PS,IN,BY,KZ,MD,UA,AL,BA,HR,ME,MK,RS,SI,KR,BD,PK,LK,GH,KE,NG,TZ,UG,AG,AM,BS,BB,BZ,BT,BW,BF,CV,CW,DM,FJ,GM,GE,GD,GW,GY,HT,JM,KI,LS,LR,MW,MV,ML,MH,FM,NA,NR,NE,PW,PG,WS,SM,ST,SN,SC,SL,SB,KN,LC,SR,TL,TO,TT,TV,VU,AZ,BN,BI,KH,CM,TD,KM,GQ,SZ,GA,GN,KG,LA,MO,MR,MN,NP,RW,TG,UZ,ZW,BJ,MG,MU,MZ,AO,CI,DJ,ZM,CD,CG,IQ,LY,TJ,VE,XK",https://i.scdn.co/image/ab67616d0000b27338d44be3e75e2fdc3d39a082,2015-10-02,Niska
264,4qpxVoK35FaatW6eGnkoB3,Le bruit de mon âme,album,18,"AR,AU,AT,BE,BO,BR,BG,CL,CO,CR,CY,CZ,DK,DO,DE,EC,EE,SV,FI,FR,GR,GT,HN,HK,HU,IS,IE,IT,LV,LT,LU,MY,MT,NL,NZ,NI,NO,PA,PY,PE,PH,PL,PT,SG,SK,ES,SE,CH,TW,TR,UY,GB,AD,LI,MC,ID,TH,VN,RO,IL,ZA,SA,AE,BH,QA,OM,KW,EG,MA,DZ,TN,LB,JO,PS,IN,BY,KZ,MD,UA,AL,BA,HR,ME,MK,RS,SI,KR,BD,PK,LK,GH,KE,NG,TZ,UG,AG,AM,BS,BB,BZ,BT,BW,BF,CV,CW,DM,FJ,GM,GE,GD,GW,GY,HT,JM,KI,LS,LR,MW,MV,ML,MH,FM,NA,NR,NE,PW,PG,WS,SM,ST,SN,SC,SL,SB,KN,LC,VC,SR,TL,TO,TT,TV,VU,AZ,BN,BI,KH,CM,TD,KM,GQ,SZ,GA,GN,KG,LA,MO,MR,MN,NP,RW,TG,UZ,ZW,BJ,MG,MU,MZ,AO,CI,DJ,ZM,CD,CG,IQ,LY,TJ,VE,XK",https://i.scdn.co/image/ab67616d0000b273f2477bfbbb4e53e349075a1b,2015-03-30,Kaaris
265,5JpH5T1sCYnUyZD6TM0QaY,Cry Baby (Deluxe Edition),album,16,"AR,AU,AT,BE,BO,BR,BG,CA,CL,CO,CR,CY,CZ,DK,DO,DE,EC,EE,SV,FI,FR,GR,GT,HN,HK,HU,IS,IE,IT,LV,LT,LU,MY,MT,MX,NL,NZ,NI,NO,PA,PY,PE,PH,PL,PT,SG,SK,ES,SE,CH,TW,TR,UY,US,GB,AD,LI,MC,ID,JP,TH,VN,RO,IL,ZA,KW,MA,DZ,PS,IN,KZ,MD,UA,AL,BA,HR,ME,MK,RS,SI,KR,BD,PK,LK,GH,KE,NG,TZ,UG,AG,AM,BS,BB,BZ,BT,BW,CV,CW,DM,FJ,GM,GE,GD,GW,GY,HT,JM,KI,LS,LR,MW,MV,ML,MH,FM,NA,NR,NE,PW,PG,PR,WS,SM,ST,SN,SC,SL,SB,KN,LC,VC,SR,TL,TO,TT,TV,VU,AZ,BI,KH,CM,TD,KM,GQ,SZ,GA,GN,KG,LA,MO,MR,MN,RW,TG,ZW,BJ,MG,MU,MZ,AO,CI,DJ,ZM,CD,CG,IQ,LY,TJ,VE,ET,XK",https://i.scdn.co/image/ab67616d0000b2733899712512f50a8d9e01e951,2015-08-14,Melanie Martinez
266,7pHbcE60DpLAjfT12w1b55,Mon coeur avait raison,album,26,"AR,AU,AT,BE,BO,BR,BG,CA,CL,CO,CR,CY,CZ,DK,DO,DE,EC,EE,SV,FI,FR,GR,GT,HN,HK,HU,IS,IE,IT,LV,LT,LU,MY,MT,MX,NL,NZ,NI,NO,PA,PY,PE,PH,PL,PT,SG,SK,ES,SE,CH,TW,TR,UY,US,GB,AD,LI,MC,ID,JP,TH,VN,RO,IL,ZA,SA,AE,BH,QA,OM,KW,EG,MA,DZ,TN,LB,JO,PS,IN,BY,KZ,MD,UA,AL,BA,HR,ME,MK,RS,SI,KR,BD,PK,LK,GH,KE,NG,TZ,UG,AG,AM,BS,BB,BZ,BT,BW,BF,CV,CW,DM,FJ,GM,GE,GD,GW,GY,HT,JM,KI,LS,LR,MW,MV,ML,MH,FM,NA,NR,NE,PW,PG,PR,WS,SM,ST,SN,SC,SL,SB,KN,LC,VC,SR,TL,TO,TT,TV,VU,AZ,BN,BI,KH,CM,TD,KM,GQ,SZ,GA,GN,KG,LA,MO,MR,MN,NP,RW,TG,UZ,ZW,BJ,MG,MU,MZ,AO,CI,DJ,ZM,CD,CG,IQ,LY,TJ,VE,ET,XK",https://i.scdn.co/image/ab67616d0000b2733f8461ee3e57bce8783760cd,2015-08-28,GIMS
267,5XyJzEROSmup2TcWmVjTIt,Sugar,album,15,"AR,AU,AT,BE,BO,BR,BG,CA,CL,CO,CR,CY,CZ,DK,DO,DE,EC,EE,SV,FI,FR,GR,GT,HN,HK,HU,IS,IE,IT,LV,LT,LU,MY,MT,MX,NL,NZ,NI,NO,PA,PY,PE,PH,PL,PT,SG,SK,ES,SE,CH,TW,TR,UY,US,GB,AD,LI,MC,ID,JP,TH,VN,RO,IL,ZA,SA,AE,BH,QA,OM,KW,EG,MA,DZ,TN,LB,JO,PS,IN,BY,KZ,MD,UA,AL,BA,HR,ME,MK,RS,SI,KR,BD,PK,LK,GH,KE,NG,TZ,UG,AG,AM,BS,BB,BZ,BT,BW,BF,CV,CW,DM,FJ,GM,GE,GD,GW,GY,HT,JM,KI,LS,LR,MW,MV,ML,MH,FM,NA,NR,NE,PW,PG,WS,SM,ST,SN,SC,SL,SB,KN,LC,VC,SR,TL,TO,TT,TV,VU,AZ,BN,BI,KH,CM,TD,KM,GQ,SZ,GA,GN,KG,LA,MO,MR,MN,NP,RW,TG,UZ,ZW,BJ,MG,MU,MZ,AO,CI,DJ,ZM,CD,CG,IQ,LY,TJ,VE,ET,XK",https://i.scdn.co/image/ab67616d0000b2733c9047f9aa5d0d1e03827039,2015-09-25,Robin Schulz
268,5xqzLAEKfSuunBf50pV3FF,Chambre 12,album,22,"AR,AU,AT,BE,BO,BR,BG,CA,CL,CO,CR,CY,CZ,DK,DO,DE,EC,EE,SV,FI,FR,GR,GT,HN,HK,HU,IS,IE,IT,LV,LT,LU,MY,MT,MX,NL,NZ,NI,NO,PA,PY,PE,PH,PL,PT,SG,SK,ES,SE,CH,TW,TR,UY,US,GB,AD,LI,MC,ID,JP,TH,VN,RO,IL,ZA,SA,AE,BH,QA,OM,KW,EG,MA,DZ,TN,LB,JO,PS,IN,KZ,MD,UA,AL,BA,HR,ME,MK,RS,SI,KR,BD,PK,LK,GH,KE,NG,TZ,UG,AG,AM,BS,BB,BZ,BT,BW,BF,CV,CW,DM,FJ,GM,GE,GD,GW,GY,HT,JM,KI,LS,LR,MW,MV,ML,MH,FM,NA,NR,NE,PW,PG,WS,SM,ST,SN,SC,SL,SB,KN,LC,VC,SR,TL,TO,TT,TV,VU,AZ,BN,BI,KH,CM,TD,KM,GQ,SZ,GA,GN,KG,LA,MO,MR,MN,NP,RW,TG,UZ,ZW,BJ,MG,MU,MZ,AO,CI,DJ,ZM,CD,CG,IQ,LY,TJ,VE,ET,XK",https://i.scdn.co/image/ab67616d0000b27303a2736d9196a5ee0987e589,2015-11-06,Louane
269,5hLfKlhMvQ4cx8nUfRmGM6,L'homme au bob,album,16,"AR,AU,AT,BE,BO,BR,BG,CA,CL,CO,CR,CY,CZ,DK,DO,DE,EC,EE,SV,FI,FR,GR,GT,HN,HK,HU,IS,IE,IT,LV,LT,LU,MY,MT,MX,NL,NZ,NI,NO,PA,PY,PE,PH,PL,PT,SG,SK,ES,SE,CH,TW,TR,UY,US,GB,AD,LI,MC,ID,JP,TH,VN,RO,IL,ZA,SA,AE,BH,QA,OM,KW,EG,MA,DZ,TN,LB,JO,PS,IN,KZ,MD,UA,AL,BA,HR,ME,MK,RS,SI,KR,BD,PK,LK,GH,KE,NG,TZ,UG,AG,AM,BS,BB,BZ,BT,BW,BF,CV,CW,DM,FJ,GM,GE,GD,GW,GY,HT,JM,KI,LS,LR,MW,MV,ML,MH,FM,NA,NR,NE,PW,PG,WS,SM,ST,SN,SC,SL,SB,KN,LC,VC,SR,TL,TO,TT,TV,VU,AZ,BN,BI,KH,CM,TD,KM,GQ,SZ,GA,GN,KG,LA,MO,MR,MN,NP,RW,TG,UZ,ZW,BJ,MG,MU,MZ,AO,CI,DJ,ZM,CD,CG,IQ,LY,TJ,VE,ET,XK",https://i.scdn.co/image/ab67616d0000b2736471a4112e509222b48fc1f7,2015-02-24,Gradur
270,022DrG7Wp2PSCwzuD0bSzT,American Beauty/American Psycho,album,11,"AR,AU,AT,BE,BO,BR,BG,CA,CL,CO,CR,CY,CZ,DK,DO,DE,EC,EE,SV,FI,FR,GR,GT,HN,HK,HU,IS,IE,IT,LV,LT,LU,MY,MT,MX,NL,NZ,NI,NO,PA,PY,PE,PH,PL,PT,SG,SK,ES,SE,CH,TW,TR,UY,US,GB,AD,LI,MC,ID,JP,TH,VN,RO,IL,ZA,SA,AE,BH,QA,OM,KW,EG,MA,DZ,TN,LB,JO,PS,IN,BY,KZ,MD,UA,AL,BA,HR,ME,MK,RS,SI,KR,BD,PK,LK,GH,KE,NG,TZ,UG,AG,AM,BS,BB,BZ,BT,BW,BF,CV,CW,DM,FJ,GM,GE,GD,GW,GY,HT,JM,KI,LS,LR,MW,MV,ML,MH,FM,NA,NR,NE,PW,PG,WS,SM,ST,SN,SC,SL,SB,KN,LC,VC,SR,TL,TO,TT,TV,VU,AZ,BN,BI,KH,CM,TD,KM,GQ,SZ,GA,GN,KG,LA,MO,MR,MN,NP,RW,TG,UZ,ZW,BJ,MG,MU,MZ,AO,CI,DJ,ZM,CD,CG,IQ,LY,TJ,VE,ET,XK",https://i.scdn.co/image/ab67616d0000b2733cf1c1dbcfa3f1ab7282719b,2015-01-16,Fall Out Boy
271,3fFVh7lQdK6DYtC5VqTxZI,CRUISE,album,10,"AR,AU,AT,BE,BO,BR,BG,CA,CL,CO,CR,CY,CZ,DK,DO,DE,EC,EE,SV,FI,FR,GR,GT,HN,HK,HU,IS,IE,IT,LV,LT,LU,MY,MT,MX,NL,NZ,NI,NO,PA,PY,PE,PH,PL,PT,SG,SK,ES,SE,CH,TW,TR,UY,US,GB,AD,LI,MC,ID,JP,TH,VN,RO,IL,ZA,SA,AE,BH,QA,OM,KW,EG,MA,DZ,TN,LB,JO,PS,IN,BY,KZ,MD,UA,AL,BA,HR,ME,MK,RS,SI,KR,BD,PK,LK,GH,KE,NG,TZ,UG,AG,AM,BS,BB,BZ,BT,BW,BF,CV,CW,DM,FJ,GM,GE,GD,GW,GY,HT,JM,KI,LS,LR,MW,MV,ML,MH,FM,NA,NR,NE,PW,PG,WS,SM,ST,SN,SC,SL,SB,KN,LC,VC,SR,TL,TO,TT,TV,VU,AZ,BN,BI,KH,CM,TD,KM,GQ,SZ,GA,GN,KG,LA,MO,MR,MN,NP,RW,TG,UZ,ZW,BJ,MG,MU,MZ,AO,CI,DJ,ZM,CD,CG,IQ,LY,TJ,VE,ET,XK",https://i.scdn.co/image/ab67616d0000b273b82fd5350636c252b0aadb8b,2015-12-24,Ashh
272,3vLaOYCNCzngDf8QdBg2V1,Uptown Special,album,11,"AR,AU,AT,BE,BO,BR,BG,CA,CL,CO,CR,CY,CZ,DK,DO,DE,EC,EE,SV,FI,FR,GR,GT,HN,HK,HU,IS,IE,IT,LV,LT,LU,MY,MT,MX,NL,NZ,NI,NO,PA,PY,PE,PH,PL,PT,SG,SK,ES,SE,CH,TW,TR,UY,US,GB,AD,LI,MC,ID,JP,TH,VN,RO,IL,ZA,SA,AE,BH,QA,OM,KW,EG,MA,DZ,TN,LB,JO,PS,IN,BY,KZ,MD,UA,AL,BA,HR,ME,MK,RS,SI,KR,BD,PK,LK,GH,KE,NG,TZ,UG,AG,AM,BS,BB,BZ,BT,BW,BF,CV,CW,DM,FJ,GM,GE,GD,GW,GY,HT,JM,KI,LS,LR,MW,MV,ML,MH,FM,NA,NR,NE,PW,PG,PR,WS,SM,ST,SN,SC,SL,SB,KN,LC,VC,SR,TL,TO,TT,TV,VU,AZ,BN,BI,KH,CM,TD,KM,GQ,SZ,GA,GN,KG,LA,MO,MR,MN,NP,RW,TG,UZ,ZW,BJ,MG,MU,MZ,AO,CI,DJ,ZM,CD,CG,IQ,LY,TJ,VE,ET,XK",https://i.scdn.co/image/ab67616d0000b273e419ccba0baa8bd3f3d7abf2,2015-01-12,Mark Ronson
273,54fhnMUFTB9Y59JmgoCrM3,Feu (Ré-édition),album,34,"AR,AU,AT,BE,BO,BR,BG,CL,CO,CR,CY,CZ,DK,DO,DE,EC,EE,SV,FI,FR,GR,GT,HN,HK,HU,IS,IE,IT,LV,LT,LU,MY,MT,MX,NL,NZ,NI,NO,PA,PY,PE,PH,PL,PT,SG,SK,ES,SE,CH,TW,TR,UY,US,GB,AD,LI,MC,ID,TH,VN,RO,IL,ZA,SA,AE,BH,QA,OM,KW,EG,MA,DZ,TN,LB,JO,PS,IN,BY,KZ,MD,UA,AL,BA,HR,ME,MK,RS,SI,KR,BD,PK,LK,GH,KE,NG,TZ,UG,AG,AM,BS,BB,BZ,BT,BW,BF,CV,CW,DM,FJ,GM,GE,GD,GW,GY,HT,JM,KI,LS,LR,MW,MV,ML,MH,FM,NA,NR,NE,PW,PG,WS,SM,ST,SN,SC,SL,SB,KN,LC,VC,SR,TL,TO,TT,TV,VU,AZ,BN,BI,KH,CM,TD,KM,GQ,SZ,GA,GN,KG,LA,MO,MR,MN,NP,RW,TG,UZ,ZW,BJ,MG,MU,MZ,AO,CI,DJ,ZM,CD,CG,IQ,LY,TJ,VE,XK",https://i.scdn.co/image/ab67616d0000b273b9317d074e01289971edb108,2015-11-27,Nekfeu
274,67ayaWBh1EX2AV2zgyeQyu,Si je me souviens,album,16,"AR,AU,AT,BE,BO,BR,BG,CL,CO,CR,CY,CZ,DK,DO,DE,EC,EE,SV,FI,FR,GR,GT,HN,HK,HU,IS,IE,IT,LV,LT,LU,MY,MT,NL,NZ,NI,NO,PA,PY,PE,PH,PL,PT,SG,SK,ES,SE,CH,TW,TR,UY,GB,AD,LI,MC,ID,TH,VN,RO,IL,ZA,SA,AE,BH,QA,OM,KW,EG,MA,DZ,TN,LB,JO,PS,IN,BY,KZ,MD,UA,AL,BA,HR,ME,MK,RS,SI,KR,BD,PK,LK,GH,KE,NG,TZ,UG,AG,AM,BS,BB,BZ,BT,BW,BF,CV,CW,DM,FJ,GM,GE,GD,GW,GY,HT,JM,KI,LS,LR,MW,MV,ML,MH,FM,NA,NR,NE,PW,PG,WS,SM,ST,SN,SC,SL,SB,KN,LC,VC,SR,TL,TO,TT,TV,VU,AZ,BN,BI,KH,CM,TD,KM,GQ,SZ,GA,GN,KG,LA,MO,MR,MN,NP,RW,TG,UZ,ZW,BJ,MG,MU,MZ,AO,CI,DJ,ZM,CD,CG,IQ,LY,TJ,VE,XK",https://i.scdn.co/image/ab67616d0000b273c9507b2a318b2f7cb8b8450c,2015-10-10,Niro
275,3Vzs0KUEsEpel5mqNwnRjr,Rays of Resistance,album,15,"AR,AU,AT,BE,BO,BR,BG,CA,CL,CO,CR,CY,CZ,DK,DO,DE,EC,EE,SV,FI,FR,GR,GT,HN,HK,HU,IS,IE,IT,LV,LT,LU,MY,MT,MX,NL,NZ,NI,NO,PA,PY,PE,PH,PL,PT,SG,SK,ES,SE,CH,TW,TR,UY,US,GB,AD,LI,MC,ID,JP,TH,VN,RO,IL,ZA,SA,AE,BH,QA,OM,KW,EG,MA,DZ,TN,LB,JO,PS,IN,BY,KZ,MD,UA,AL,BA,HR,ME,MK,RS,SI,KR,BD,PK,LK,GH,KE,NG,TZ,UG,AG,AM,BS,BB,BZ,BT,BW,BF,CV,CW,DM,FJ,GM,GE,GD,GW,GY,HT,JM,KI,LS,LR,MW,MV,ML,MH,FM,NA,NR,NE,PW,PG,PR,WS,SM,ST,SN,SC,SL,SB,KN,LC,VC,SR,TL,TO,TT,TV,VU,AZ,BN,BI,KH,CM,TD,KM,GQ,SZ,GA,GN,KG,LA,MO,MR,MN,NP,RW,TG,UZ,ZW,BJ,MG,MU,MZ,AO,CI,DJ,ZM,CD,CG,IQ,LY,TJ,VE,ET,XK",https://i.scdn.co/image/ab67616d0000b2739faf39ba0c8aa9ab37602da4,2015-10-30,Naâman
276,3cfAM8b8KqJRoIzt3zLKqw,A Head Full of Dreams,album,11,"AR,AU,AT,BE,BO,BR,BG,CA,CL,CO,CR,CY,CZ,DK,DO,DE,EC,EE,SV,FI,FR,GR,GT,HN,HK,HU,IS,IE,IT,LV,LT,LU,MY,MT,MX,NL,NZ,NI,NO,PA,PY,PE,PH,PL,PT,SG,SK,ES,SE,CH,TW,TR,UY,US,GB,AD,LI,MC,ID,JP,TH,VN,RO,IL,ZA,SA,AE,BH,QA,OM,KW,EG,MA,DZ,TN,LB,JO,PS,IN,BY,KZ,MD,UA,AL,BA,HR,ME,MK,RS,SI,KR,BD,PK,LK,GH,KE,NG,TZ,UG,AG,AM,BS,BB,BZ,BT,BW,BF,CV,CW,DM,FJ,GM,GE,GD,GW,GY,HT,JM,KI,LS,LR,MW,MV,ML,MH,FM,NA,NR,NE,PW,PG,WS,SM,ST,SN,SC,SL,SB,KN,LC,VC,SR,TL,TO,TT,TV,VU,AZ,BN,BI,KH,CM,TD,KM,GQ,SZ,GA,GN,KG,LA,MO,MR,MN,NP,RW,TG,UZ,ZW,BJ,MG,MU,MZ,AO,CI,DJ,ZM,CD,CG,IQ,LY,TJ,VE,ET,XK",https://i.scdn.co/image/ab67616d0000b2738ff7c3580d429c8212b9a3b6,2015-12-04,Coldplay
277,6TVfiWmo8KtflUAmkK9gGF,25,album,11,"AU,AT,BE,BG,CA,CY,CZ,DK,DE,EE,FI,FR,GR,HK,HU,IS,IE,IT,LV,LT,LU,MY,MT,NL,NZ,NO,PH,PL,PT,SG,SK,ES,SE,CH,TW,TR,GB,AD,LI,MC,ID,JP,TH,VN,RO,IL,ZA,SA,AE,BH,QA,OM,KW,EG,MA,DZ,TN,LB,JO,PS,IN,BY,KZ,MD,UA,AL,BA,HR,ME,MK,RS,SI,KR,BD,PK,LK,GH,KE,NG,TZ,UG,AG,AM,BS,BB,BT,BW,BF,CV,CW,DM,FJ,GM,GE,GD,GW,HT,JM,KI,LS,LR,MW,MV,ML,MH,FM,NA,NR,NE,PW,PG,WS,SM,ST,SN,SC,SL,SB,KN,LC,VC,TL,TO,TT,TV,VU,AZ,BN,BI,KH,CM,TD,KM,GQ,SZ,GA,GN,KG,LA,MO,MR,MN,NP,RW,TG,UZ,ZW,BJ,MG,MU,MZ,AO,CI,DJ,ZM,CD,CG,IQ,LY,TJ,ET,XK",https://i.scdn.co/image/ab67616d0000b2737b9888dc365b8f957c63df14,2015-11-20,Adele
278,4sD1qg4jwTZR4mvR4Iflk5,Strange Trails,album,14,"AR,AU,AT,BE,BO,BR,BG,CL,CO,CR,CY,CZ,DK,DO,DE,EC,EE,SV,FI,FR,GR,GT,HN,HK,HU,IS,IE,IT,LV,LT,LU,MY,MT,MX,NL,NZ,NI,NO,PA,PY,PE,PH,PL,PT,SG,SK,ES,SE,CH,TW,TR,UY,GB,AD,LI,MC,ID,JP,TH,VN,RO,IL,ZA,SA,AE,BH,QA,OM,KW,EG,MA,DZ,TN,LB,JO,PS,IN,BY,KZ,MD,UA,AL,BA,HR,ME,MK,RS,SI,KR,BD,PK,LK,GH,KE,NG,TZ,UG,AG,AM,BS,BB,BZ,BT,BW,BF,CV,CW,DM,FJ,GM,GE,GD,GW,GY,HT,JM,KI,LS,LR,MW,MV,ML,MH,FM,NA,NR,NE,PW,PG,WS,SM,ST,SN,SC,SL,SB,KN,LC,VC,SR,TL,TO,TT,TV,VU,AZ,BN,BI,KH,CM,TD,KM,GQ,SZ,GA,GN,KG,LA,MO,MR,MN,NP,RW,TG,UZ,ZW,BJ,MG,MU,MZ,AO,CI,DJ,ZM,CD,CG,IQ,LY,TJ,VE,ET,XK",https://i.scdn.co/image/ab67616d0000b27317875a0610c23d8946454583,2015-04-06,Lord Huron
279,6rRFeV6xigfNyPoZ6YqcoW,Smoke + Mirrors (Deluxe),album,19,"AR,AU,AT,BE,BO,BR,BG,CL,CO,CR,CY,CZ,DK,DO,DE,EC,EE,SV,FI,FR,GR,GT,HN,HK,HU,IS,IE,IT,LV,LT,LU,MY,MT,MX,NL,NZ,NI,NO,PA,PY,PE,PH,PL,PT,SG,SK,ES,SE,CH,TW,TR,UY,GB,AD,LI,MC,ID,JP,TH,VN,RO,IL,ZA,SA,AE,BH,QA,OM,KW,EG,MA,DZ,TN,LB,JO,PS,IN,BY,KZ,MD,UA,AL,BA,HR,ME,MK,RS,SI,KR,BD,PK,LK,GH,KE,NG,TZ,UG,AG,AM,BS,BB,BZ,BT,BW,BF,CV,CW,DM,FJ,GM,GE,GD,GW,GY,HT,JM,KI,LS,LR,MW,MV,ML,MH,FM,NA,NR,NE,PW,PG,WS,SM,ST,SN,SC,SL,SB,KN,LC,VC,SR,TL,TO,TT,TV,VU,AZ,BN,BI,KH,CM,TD,KM,GQ,SZ,GA,GN,KG,LA,MO,MR,MN,NP,RW,TG,UZ,ZW,BJ,MG,MU,MZ,AO,CI,DJ,ZM,CD,CG,IQ,LY,TJ,VE,ET,XK",https://i.scdn.co/image/ab67616d0000b273fc4fd5caca9f1dc4a3b0460a,2015-05-11,Imagine Dragons
280,4bauhAhQtAvxo0r5cnn68G,Les feux d'artifice (Deluxe),album,18,"AR,AU,AT,BE,BO,BR,BG,CA,CL,CO,CR,CY,CZ,DK,DO,DE,EC,EE,SV,FI,FR,GR,GT,HN,HK,HU,IS,IE,IT,LV,LT,LU,MY,MT,MX,NL,NZ,NI,NO,PA,PY,PE,PH,PL,PT,SG,SK,ES,SE,CH,TW,TR,UY,US,GB,AD,LI,MC,ID,JP,TH,VN,RO,IL,ZA,SA,AE,BH,QA,OM,KW,EG,MA,DZ,TN,LB,JO,PS,IN,BY,KZ,MD,UA,AL,BA,HR,ME,MK,RS,SI,KR,BD,PK,LK,GH,KE,NG,TZ,UG,AG,AM,BS,BB,BZ,BT,BW,BF,CV,CW,DM,FJ,GM,GE,GD,GW,GY,HT,JM,KI,LS,LR,MW,MV,ML,MH,FM,NA,NR,NE,PW,PG,WS,SM,ST,SN,SC,SL,SB,KN,LC,VC,SR,TL,TO,TT,TV,VU,AZ,BN,BI,KH,CM,TD,KM,GQ,SZ,GA,GN,KG,LA,MO,MR,MN,NP,RW,TG,UZ,ZW,BJ,MG,MU,MZ,AO,CI,DJ,ZM,CD,CG,IQ,LY,TJ,VE,XK",https://i.scdn.co/image/ab67616d0000b2732f5c9df901fc3f3797358fb1,2015-06-01,Calogero
281,3AmLYXr4ZpJPVDXEcYy1N4,Jul,album,15,"AR,AU,AT,BE,BO,BR,BG,CA,CL,CO,CR,CY,CZ,DK,DO,DE,EC,EE,SV,FI,FR,GR,GT,HN,HK,HU,IS,IE,IT,LV,LT,LU,MY,MT,MX,NL,NZ,NI,NO,PA,PY,PE,PH,PL,PT,SG,SK,ES,SE,CH,TW,TR,UY,US,GB,AD,LI,MC,ID,JP,TH,VN,RO,IL,ZA,SA,AE,BH,QA,OM,KW,EG,MA,DZ,TN,LB,JO,PS,IN,BY,KZ,MD,UA,AL,BA,HR,ME,MK,RS,SI,KR,BD,PK,LK,GH,KE,NG,TZ,UG,AG,AM,BS,BB,BZ,BT,BW,BF,CV,CW,DM,FJ,GM,GE,GD,GW,GY,HT,JM,KI,LS,LR,MW,MV,ML,MH,FM,NA,NR,NE,PW,PG,PR,WS,SM,ST,SN,SC,SL,SB,KN,LC,VC,SR,TL,TO,TT,TV,VU,AZ,BN,BI,KH,CM,TD,KM,GQ,SZ,GA,GN,KG,LA,MO,MR,MN,NP,RW,TG,UZ,ZW,BJ,MG,MU,MZ,AO,CI,DJ,ZM,CD,CG,IQ,LY,TJ,VE,ET,XK",https://i.scdn.co/image/ab67616d0000b2733178e98b5ceb5f552da06524,2015-05-19,Jul
282,490jDU3N2lYBkXm6Ag5A5y,Cats On Trees (Deluxe Edition),album,17,"AR,AU,AT,BE,BO,BR,BG,CA,CL,CO,CR,CY,CZ,DK,DO,DE,EC,EE,SV,FI,FR,GR,GT,HN,HK,HU,IS,IE,IT,LV,LT,LU,MY,MT,MX,NL,NZ,NI,NO,PA,PY,PE,PH,PL,PT,SG,SK,ES,SE,CH,TW,TR,UY,US,GB,AD,LI,MC,ID,JP,TH,VN,RO,IL,ZA,SA,AE,BH,QA,OM,KW,EG,MA,DZ,TN,LB,JO,PS,IN,BY,KZ,MD,UA,AL,BA,HR,ME,MK,RS,SI,KR,BD,PK,LK,GH,KE,NG,TZ,UG,AG,AM,BS,BB,BZ,BT,BW,BF,CV,CW,DM,FJ,GM,GE,GD,GW,GY,HT,JM,KI,LS,LR,MW,MV,ML,MH,FM,NA,NR,NE,PW,PG,PR,WS,SM,ST,SN,SC,SL,SB,KN,LC,VC,SR,TL,TO,TT,TV,VU,AZ,BN,BI,KH,CM,TD,KM,GQ,SZ,GA,GN,KG,LA,MO,MR,MN,NP,RW,TG,UZ,ZW,BJ,MG,MU,MZ,AO,CI,DJ,ZM,CD,CG,IQ,LY,TJ,VE,ET,XK",https://i.scdn.co/image/ab67616d0000b2732ec50029f155c9f06e85d1b3,2015-05-18,Cats On Trees
283,3UfHcXkq3VqEhuPxd5lZ6p,Capo Dei Capi,album,17,"AR,AU,AT,BE,BO,BR,BG,CA,CL,CO,CR,CY,CZ,DK,DO,DE,EC,EE,SV,FI,FR,GR,GT,HN,HK,HU,IS,IT,LV,LT,LU,MY,MT,MX,NL,NZ,NI,NO,PA,PY,PE,PH,PL,PT,SG,SK,ES,SE,CH,TW,TR,UY,US,AD,LI,MC,ID,JP,TH,VN,RO,IL,ZA,SA,AE,BH,QA,OM,KW,EG,MA,DZ,TN,LB,JO,PS,IN,BY,KZ,MD,UA,AL,BA,HR,ME,MK,RS,SI,KR,BD,PK,LK,GH,KE,NG,TZ,UG,AG,AM,BS,BB,BZ,BT,BW,BF,CV,CW,DM,FJ,GM,GE,GD,GW,GY,HT,JM,KI,LS,LR,MW,MV,ML,MH,FM,NA,NR,NE,PW,PG,WS,SM,ST,SN,SC,SL,SB,KN,LC,VC,SR,TL,TO,TT,TV,VU,AZ,BN,BI,KH,CM,TD,KM,GQ,SZ,GA,GN,KG,LA,MO,MR,MN,NP,RW,TG,UZ,ZW,BJ,MG,MU,MZ,AO,CI,DJ,ZM,CD,CG,IQ,LY,TJ,VE,XK",https://i.scdn.co/image/ab67616d0000b27377da5d4623e7c56f51e5f521,2015-09-18,Alonzo
284,1iddjUYhfMpjTVY5SQZxKm,Kendji,album,18,"AR,AU,AT,BE,BO,BR,BG,CL,CO,CR,CY,CZ,DK,DO,DE,EC,EE,SV,FI,FR,GR,GT,HN,HK,HU,IS,IE,IT,LV,LT,LU,MY,MT,MX,NL,NZ,NI,NO,PA,PY,PE,PH,PL,PT,SG,SK,ES,SE,CH,TW,TR,UY,US,GB,AD,LI,MC,ID,JP,TH,VN,RO,IL,ZA,SA,AE,BH,QA,OM,KW,EG,MA,DZ,TN,LB,JO,PS,IN,KZ,MD,UA,AL,BA,HR,ME,MK,RS,SI,KR,BD,PK,LK,GH,KE,NG,TZ,UG,AG,AM,BS,BB,BZ,BT,BW,BF,CV,CW,DM,FJ,GM,GE,GD,GW,GY,HT,JM,KI,LS,LR,MW,MV,ML,MH,FM,NA,NR,NE,PW,PG,WS,SM,ST,SN,SC,SL,SB,KN,LC,VC,SR,TL,TO,TT,TV,VU,AZ,BN,BI,KH,CM,TD,KM,GQ,SZ,GA,GN,KG,LA,MO,MR,MN,NP,RW,TG,UZ,ZW,BJ,MG,MU,MZ,AO,CI,DJ,ZM,CD,CG,IQ,LY,TJ,VE,ET,XK",https://i.scdn.co/image/ab67616d0000b273ddf8f39ee77b8bf4bab68e20,2015-05-01,Kendji Girac
285,6Fr2rQkZ383FcMqFyT7yPr,Purpose (Deluxe),album,19,"AR,AU,AT,BE,BO,BR,BG,CA,CL,CO,CR,CY,CZ,DK,DO,DE,EC,EE,SV,FI,FR,GR,GT,HN,HK,HU,IS,IE,IT,LV,LT,LU,MT,MX,NL,NZ,NI,NO,PA,PY,PE,PH,PL,PT,SK,ES,SE,CH,TW,TR,UY,US,GB,AD,LI,MC,JP,TH,VN,RO,IL,ZA,IN,BY,KZ,MD,UA,AL,BA,HR,ME,MK,RS,SI,KR,BD,PK,LK,GH,KE,NG,TZ,UG,AG,AM,BS,BB,BZ,BT,BW,BF,CV,CW,DM,FJ,GM,GE,GD,GW,GY,HT,JM,KI,LS,LR,MW,MV,ML,MH,FM,NA,NR,NE,PW,PG,WS,SM,ST,SN,SC,SL,SB,KN,LC,VC,SR,TL,TO,TT,TV,VU,AZ,BN,BI,KH,CM,TD,KM,GQ,SZ,GA,GN,KG,LA,MO,MR,MN,NP,RW,TG,UZ,ZW,BJ,MG,MU,MZ,AO,CI,DJ,ZM,CD,CG,TJ,VE,ET,XK",https://i.scdn.co/image/ab67616d0000b273f46b9d202509a8f7384b90de,2015-11-13,Justin Bieber
286,4VMykHh5YLXMyyQlHVbxOy,Cosmopolitanie (Deluxe Edition),album,28,"AR,AU,AT,BE,BO,BR,BG,CA,CL,CO,CR,CY,CZ,DK,DO,DE,EC,EE,SV,FI,FR,GR,GT,HN,HK,HU,IS,IE,IT,LV,LT,LU,MY,MT,MX,NL,NZ,NI,NO,PA,PY,PE,PH,PL,PT,SG,SK,ES,SE,CH,TW,TR,UY,US,GB,AD,LI,MC,ID,JP,TH,VN,RO,IL,ZA,SA,AE,BH,QA,OM,KW,EG,MA,DZ,TN,LB,JO,PS,IN,BY,KZ,MD,UA,AL,BA,HR,ME,MK,RS,SI,KR,BD,PK,LK,GH,KE,NG,TZ,UG,AG,AM,BS,BB,BZ,BT,BW,BF,CV,CW,DM,FJ,GM,GE,GD,GW,GY,HT,JM,KI,LS,LR,MW,MV,ML,MH,FM,NA,NR,NE,PW,PG,WS,SM,ST,SN,SC,SL,SB,KN,LC,VC,SR,TL,TO,TT,TV,VU,AZ,BN,BI,KH,CM,TD,KM,GQ,SZ,GA,GN,KG,LA,MO,MR,MN,NP,RW,TG,UZ,ZW,BJ,MG,MU,MZ,AO,CI,DJ,ZM,CD,CG,IQ,LY,TJ,VE,ET,XK",https://i.scdn.co/image/ab67616d0000b27320224ac0714054cd2ca38388,2015-08-21,Soprano
287,7atFyt76W7KGXOEYKM9ywR,The Wanderings Of The Avener,album,16,"AR,AU,AT,BE,BO,BR,BG,CA,CL,CO,CR,CY,CZ,DK,DO,DE,EC,EE,SV,FI,FR,GR,GT,HN,HK,HU,IS,IE,IT,LV,LT,LU,MY,MT,MX,NL,NZ,NI,NO,PA,PY,PE,PH,PL,PT,SG,SK,ES,SE,CH,TW,TR,UY,US,GB,AD,LI,MC,ID,JP,TH,VN,RO,IL,ZA,SA,AE,BH,QA,OM,KW,EG,MA,DZ,TN,LB,JO,PS,IN,KZ,MD,UA,AL,BA,HR,ME,MK,RS,SI,KR,BD,PK,LK,GH,KE,NG,TZ,UG,AG,AM,BS,BB,BZ,BT,BW,BF,CV,CW,DM,FJ,GM,GE,GD,GW,GY,HT,JM,KI,LS,LR,MW,MV,ML,MH,FM,NA,NR,NE,PW,PG,WS,SM,ST,SN,SC,SL,SB,KN,LC,VC,SR,TL,TO,TT,TV,VU,AZ,BN,BI,KH,CM,TD,KM,GQ,SZ,GA,GN,KG,LA,MO,MR,MN,NP,RW,TG,UZ,ZW,BJ,MG,MU,MZ,AO,CI,DJ,ZM,CD,CG,IQ,LY,TJ,VE,ET,XK",https://i.scdn.co/image/ab67616d0000b27336cd9f7b5d6b520e212633aa,2015-01-19,The Avener
288,79dL7FLiJFOO0EoehUHQBv,Currents,album,13,"AR,AU,AT,BE,BO,BR,BG,CA,CL,CO,CR,CY,CZ,DK,DO,DE,EC,EE,SV,FI,FR,GR,GT,HN,HK,HU,IS,IE,IT,LV,LT,LU,MY,MT,MX,NL,NZ,NI,NO,PA,PY,PE,PH,PL,PT,SG,SK,ES,SE,CH,TW,TR,UY,US,GB,AD,LI,MC,ID,JP,TH,VN,RO,IL,ZA,SA,AE,BH,QA,OM,KW,EG,MA,DZ,TN,LB,JO,PS,IN,BY,KZ,MD,UA,AL,BA,HR,ME,MK,RS,SI,KR,BD,PK,LK,GH,KE,NG,TZ,UG,AG,AM,BS,BB,BZ,BT,BW,BF,CV,CW,DM,FJ,GM,GE,GD,GW,GY,HT,JM,KI,LS,LR,MW,MV,ML,MH,FM,NA,NR,NE,PW,PG,WS,SM,ST,SN,SC,SL,SB,KN,LC,VC,SR,TL,TO,TT,TV,VU,AZ,BN,BI,KH,CM,TD,KM,GQ,SZ,GA,GN,KG,LA,MO,MR,MN,NP,RW,TG,UZ,ZW,BJ,MG,MU,MZ,AO,CI,DJ,ZM,CD,CG,IQ,LY,TJ,VE,ET,XK",https://i.scdn.co/image/ab67616d0000b2739e1cfc756886ac782e363d79,2015-07-17,Tame Impala
289,6dYDqMHA4COCFC0TfCiUCj,My Everything (Deluxe),album,18,FR,https://i.scdn.co/image/ab67616d0000b2739e730d8fbd256885242f1e96,2015-04-13,Ariana Grande
290,4wnVFYd03IAZ8NhoSFFd0X,H-24,album,24,"AR,AU,AT,BE,BO,BR,BG,CA,CL,CO,CR,CY,CZ,DK,DO,DE,EC,EE,SV,FI,FR,GR,GT,HN,HK,HU,IS,IE,IT,LV,LT,LU,MY,MT,MX,NL,NZ,NI,NO,PA,PY,PE,PH,PL,PT,SG,SK,ES,SE,CH,TW,TR,UY,US,GB,AD,LI,MC,ID,JP,TH,VN,RO,IL,ZA,SA,AE,BH,QA,OM,KW,EG,MA,DZ,TN,LB,JO,PS,IN,BY,KZ,MD,UA,AL,BA,HR,ME,MK,RS,SI,KR,BD,PK,LK,GH,KE,NG,TZ,UG,AG,AM,BS,BB,BZ,BT,BW,BF,CV,CW,DM,FJ,GM,GE,GD,GW,GY,HT,JM,KI,LS,LR,MW,MV,ML,MH,FM,NA,NR,NE,PW,PG,PR,WS,SM,ST,SN,SC,SL,SB,KN,LC,VC,SR,TL,TO,TT,TV,VU,AZ,BN,BI,KH,CM,TD,KM,GQ,SZ,GA,GN,KG,LA,MO,MR,MN,NP,RW,TG,UZ,ZW,BJ,MG,MU,MZ,AO,CI,DJ,ZM,CD,CG,IQ,LY,TJ,VE,ET,XK",https://i.scdn.co/image/ab67616d0000b273bfc097b95157d7f35560b8c1,2015-05-11,Hamza
291,3cQO7jp5S9qLBoIVtbkSM1,Blurryface,album,14,"AR,AU,AT,BE,BO,BR,BG,CA,CL,CO,CR,CY,CZ,DK,DO,DE,EC,EE,SV,FI,FR,GR,GT,HN,HK,HU,IS,IE,IT,LV,LT,LU,MY,MT,MX,NL,NZ,NI,NO,PA,PY,PE,PH,PL,PT,SG,SK,ES,SE,CH,TW,TR,UY,US,GB,AD,LI,MC,ID,JP,TH,VN,RO,IL,ZA,SA,AE,BH,QA,OM,KW,EG,MA,DZ,TN,LB,JO,PS,IN,BY,KZ,MD,UA,AL,BA,HR,ME,MK,RS,SI,KR,BD,PK,LK,GH,KE,NG,TZ,UG,AG,AM,BS,BB,BZ,BW,BF,CV,CW,DM,FJ,GM,GD,GW,HT,JM,LS,LR,MW,ML,FM,NA,NE,PG,PR,SM,ST,SN,SC,SL,KN,LC,VC,TL,TT,AZ,BN,BI,KH,CM,TD,KM,GQ,SZ,GA,GN,KG,LA,MO,MR,MN,NP,RW,TG,UZ,ZW,BJ,MG,MU,MZ,AO,CI,DJ,ZM,CD,CG,IQ,LY,TJ,VE,ET,XK",https://i.scdn.co/image/ab67616d0000b2732df0d98a423025032d0db1f7,2015-05-15,Twenty One Pilots
292,0P3oVJBFOv3TDXlYRhGL7s,Beauty Behind The Madness,album,14,"AR,AU,AT,BE,BO,BR,BG,CA,CL,CO,CR,CY,CZ,DK,DO,DE,EC,EE,SV,FI,FR,GR,GT,HN,HK,HU,IS,IE,IT,LV,LT,LU,MY,MT,MX,NL,NZ,NI,NO,PA,PY,PE,PH,PL,PT,SG,SK,ES,SE,CH,TW,TR,UY,US,GB,AD,LI,MC,ID,JP,TH,VN,RO,IL,ZA,SA,AE,BH,QA,OM,KW,EG,MA,DZ,TN,LB,JO,PS,IN,BY,KZ,MD,UA,AL,BA,HR,ME,MK,RS,SI,KR,BD,PK,LK,GH,KE,NG,TZ,UG,AG,AM,BS,BB,BZ,BT,BW,BF,CV,CW,DM,FJ,GM,GE,GD,GW,GY,HT,JM,KI,LS,LR,MW,MV,ML,MH,FM,NA,NR,NE,PW,PG,WS,SM,ST,SN,SC,SL,SB,KN,LC,VC,SR,TL,TO,TT,TV,VU,AZ,BN,BI,KH,CM,TD,KM,GQ,SZ,GA,GN,KG,LA,MO,MR,MN,NP,RW,TG,UZ,ZW,BJ,MG,MU,MZ,AO,CI,DJ,ZM,CD,CG,IQ,LY,TJ,VE,ET,XK",https://i.scdn.co/image/ab67616d0000b2737fcead687e99583072cc217b,2015-08-28,The Weeknd
293,0bnoOeocONcD9vlfua3HSE,ShegueyVara 2,album,29,"AR,AU,AT,BE,BO,BR,BG,CA,CL,CO,CR,CY,CZ,DK,DO,DE,EC,EE,SV,FI,FR,GR,GT,HN,HK,HU,IS,IE,IT,LV,LT,LU,MY,MT,MX,NL,NZ,NI,NO,PA,PY,PE,PH,PL,PT,SG,SK,ES,SE,CH,TW,TR,UY,US,GB,AD,LI,MC,ID,JP,TH,VN,RO,IL,ZA,SA,AE,BH,QA,OM,KW,EG,MA,DZ,TN,LB,JO,PS,IN,BY,KZ,MD,UA,AL,BA,HR,ME,MK,RS,SI,KR,BD,PK,LK,GH,KE,NG,TZ,UG,AG,AM,BS,BB,BZ,BT,BW,BF,CV,CW,DM,FJ,GM,GE,GD,GW,GY,HT,JM,KI,LS,LR,MW,MV,ML,MH,FM,NA,NR,NE,PW,PG,WS,SM,ST,SN,SC,SL,SB,KN,LC,VC,SR,TL,TO,TT,TV,VU,AZ,BN,BI,KH,CM,TD,KM,GQ,SZ,GA,GN,KG,LA,MO,MR,MN,NP,RW,TG,UZ,ZW,BJ,MG,MU,MZ,AO,CI,DJ,ZM,CD,CG,IQ,LY,TJ,VE,ET,XK",https://i.scdn.co/image/ab67616d0000b27377c89ddf533d9bac2d554b6a,2015-11-27,Gradur
294,7BgeK3jtk8GDlEwouUY3AG,Feu,album,18,"AR,AU,AT,BE,BO,BR,BG,CA,CL,CO,CR,CY,CZ,DK,DO,DE,EC,EE,SV,FI,FR,GR,GT,HN,HK,HU,IS,IE,IT,LV,LT,LU,MY,MT,MX,NL,NZ,NI,NO,PA,PY,PE,PH,PL,PT,SG,SK,ES,SE,CH,TW,TR,UY,US,GB,AD,LI,MC,ID,JP,TH,VN,RO,IL,ZA,SA,AE,BH,QA,OM,KW,EG,MA,DZ,TN,LB,JO,PS,IN,BY,KZ,MD,UA,AL,BA,HR,ME,MK,RS,SI,KR,BD,PK,LK,GH,KE,NG,TZ,UG,AG,AM,BS,BB,BZ,BT,BW,BF,CV,CW,DM,FJ,GM,GE,GD,GW,GY,HT,JM,KI,LS,LR,MW,MV,ML,MH,FM,NA,NR,NE,PW,PG,WS,SM,ST,SN,SC,SL,SB,KN,LC,VC,SR,TL,TO,TT,TV,VU,AZ,BN,BI,KH,CM,TD,KM,GQ,SZ,GA,GN,KG,LA,MO,MR,MN,NP,RW,TG,UZ,ZW,BJ,MG,MU,MZ,AO,CI,DJ,ZM,CD,CG,IQ,LY,TJ,VE,XK",https://i.scdn.co/image/ab67616d0000b2736ac7a439b043411a368f1a56,2015-06-08,Nekfeu
295,6yEGlMQ1AkXeDPERJTv2aN,Nero nemesis,album,13,"AR,AU,AT,BE,BO,BR,BG,CA,CL,CO,CR,CY,CZ,DK,DO,DE,EC,EE,SV,FI,FR,GR,GT,HN,HK,HU,IS,IE,IT,LV,LT,LU,MY,MT,MX,NL,NZ,NI,NO,PA,PY,PE,PH,PL,PT,SG,SK,ES,SE,CH,TW,TR,UY,US,GB,AD,LI,MC,ID,JP,TH,VN,RO,IL,ZA,SA,AE,BH,QA,OM,KW,EG,MA,DZ,TN,LB,JO,PS,IN,BY,KZ,MD,UA,AL,BA,HR,ME,MK,RS,SI,KR,BD,PK,LK,GH,KE,NG,TZ,UG,AG,AM,BS,BB,BZ,BT,BW,BF,CV,CW,DM,FJ,GM,GE,GD,GW,GY,HT,JM,KI,LS,LR,MW,MV,ML,MH,FM,NA,NR,NE,PW,PG,WS,SM,ST,SN,SC,SL,SB,KN,LC,VC,SR,TL,TO,TT,TV,VU,AZ,BN,BI,KH,CM,TD,KM,GQ,SZ,GA,GN,KG,LA,MO,MR,MN,NP,RW,TG,UZ,ZW,BJ,MG,MU,MZ,AO,CI,DJ,ZM,CD,CG,IQ,LY,TJ,VE,ET,XK",https://i.scdn.co/image/ab67616d0000b273cb1cb32c8f240b91f40b110a,2015-12-04,Booba
296,2VlYazP0xKrO9BxKe9wTZ4,A7,album,14,"AR,AU,AT,BE,BO,BR,BG,CA,CL,CO,CR,CY,CZ,DK,DO,DE,EC,EE,SV,FI,FR,GR,GT,HN,HK,HU,IS,IE,IT,LV,LT,LU,MY,MT,MX,NL,NZ,NI,NO,PA,PY,PE,PH,PL,PT,SG,SK,ES,SE,CH,TW,TR,UY,US,GB,AD,LI,MC,ID,JP,TH,VN,RO,IL,ZA,SA,AE,BH,QA,OM,KW,EG,MA,DZ,TN,LB,JO,PS,IN,BY,KZ,MD,UA,AL,BA,HR,ME,MK,RS,SI,KR,BD,PK,LK,GH,KE,NG,TZ,UG,AG,AM,BS,BB,BZ,BT,BW,BF,CV,CW,DM,FJ,GM,GE,GD,GW,GY,HT,JM,KI,LS,LR,MW,MV,ML,MH,FM,NA,NR,NE,PW,PG,WS,SM,ST,SN,SC,SL,SB,KN,LC,VC,SR,TL,TO,TT,TV,VU,AZ,BN,BI,KH,CM,TD,KM,GQ,SZ,GA,GN,KG,LA,MO,MR,MN,NP,RW,TG,UZ,ZW,BJ,MG,MU,MZ,AO,CI,DJ,ZM,CD,CG,IQ,LY,TJ,VE,XK",https://i.scdn.co/image/ab67616d0000b273dced4ac7bdab3548e2730d66,2015-11-13,SCH
297,0OrjrvwmdJ82zYJpJ46lUs,Le monde Chico,album,17,"AR,AU,AT,BE,BO,BR,BG,CA,CL,CO,CR,CY,CZ,DK,DO,DE,EC,EE,SV,FI,FR,GR,GT,HN,HK,HU,IS,IE,IT,LV,LT,LU,MY,MT,MX,NL,NZ,NI,NO,PA,PY,PE,PH,PL,PT,SG,SK,ES,SE,CH,TW,TR,UY,US,GB,AD,LI,MC,ID,JP,TH,VN,RO,IL,ZA,SA,AE,BH,QA,OM,KW,EG,MA,DZ,TN,LB,JO,PS,IN,BY,KZ,MD,UA,AL,BA,HR,ME,MK,RS,SI,KR,BD,PK,LK,GH,KE,NG,TZ,UG,AG,AM,BS,BB,BZ,BT,BW,BF,CV,CW,DM,FJ,GM,GE,GD,GW,GY,HT,JM,KI,LS,LR,MW,MV,ML,MH,FM,NA,NR,NE,PW,PG,PR,WS,SM,ST,SN,SC,SL,SB,KN,LC,VC,SR,TL,TO,TT,TV,VU,AZ,BN,BI,KH,CM,TD,KM,GQ,SZ,GA,GN,KG,LA,MO,MR,MN,NP,RW,TG,UZ,ZW,BJ,MG,MU,MZ,AO,CI,DJ,ZM,CD,CG,IQ,LY,TJ,VE,ET,XK",https://i.scdn.co/image/ab67616d0000b273d058cd84602ed47f4f0a391b,2015-10-30,PNL
298,2LOyzVRA6BJgfgGxQj21O1,Que la famille,album,12,"AR,AU,AT,BE,BO,BR,BG,CA,CL,CO,CR,CY,CZ,DK,DO,DE,EC,EE,SV,FI,FR,GR,GT,HN,HK,HU,IS,IE,IT,LV,LT,LU,MY,MT,MX,NL,NZ,NI,NO,PA,PY,PE,PH,PL,PT,SG,SK,ES,SE,CH,TW,TR,UY,US,GB,AD,LI,MC,ID,JP,TH,VN,RO,IL,ZA,SA,AE,BH,QA,OM,KW,EG,MA,DZ,TN,LB,JO,PS,IN,BY,KZ,MD,UA,AL,BA,HR,ME,MK,RS,SI,KR,BD,PK,LK,GH,KE,NG,TZ,UG,AG,AM,BS,BB,BZ,BT,BW,BF,CV,CW,DM,FJ,GM,GE,GD,GW,GY,HT,JM,KI,LS,LR,MW,MV,ML,MH,FM,NA,NR,NE,PW,PG,PR,WS,SM,ST,SN,SC,SL,SB,KN,LC,VC,SR,TL,TO,TT,TV,VU,AZ,BN,BI,KH,CM,TD,KM,GQ,SZ,GA,GN,KG,LA,MO,MR,MN,NP,RW,TG,UZ,ZW,BJ,MG,MU,MZ,AO,CI,DJ,ZM,CD,CG,IQ,LY,TJ,VE,ET,XK",https://i.scdn.co/image/ab67616d0000b2732ac57e231c742bda1ef89d3c,2015-03-02,PNL
299,4tYyNNlbRGlS6FNphD8mur,Mon coeur avait raison,album,25,"AR,AU,AT,BE,BO,BR,BG,CA,CL,CO,CR,CY,CZ,DK,DO,DE,EC,EE,SV,FI,FR,GR,GT,HN,HU,IS,IE,IT,LV,LT,LU,MT,MX,NL,NZ,NI,NO,PA,PY,PE,PL,PT,SK,ES,SE,CH,TR,UY,US,GB,AD,LI,MC,JP,RO,IL,ZA,SA,AE,BH,QA,OM,KW,EG,MA,DZ,TN,LB,JO,PS,BY,KZ,MD,UA,AL,BA,HR,ME,MK,RS,SI,GH,KE,NG,TZ,UG,AG,AM,BS,BB,BZ,BW,BF,CV,CW,DM,FJ,GM,GE,GD,GW,GY,HT,JM,KI,LS,LR,MW,ML,MH,NA,NR,NE,PW,PG,PR,WS,SM,ST,SN,SC,SL,SB,KN,LC,VC,SR,TO,TT,TV,VU,AZ,BI,CM,TD,KM,GQ,SZ,GA,GN,KG,MR,MN,RW,TG,UZ,ZW,BJ,MG,MU,MZ,AO,CI,DJ,ZM,CD,CG,IQ,LY,TJ,VE,ET,XK",https://i.scdn.co/image/ab67616d0000b273e524693aba8849958b1f7e39,2015-08-28,GIMS
