CONF_JOURNALISTE,CONF_EXPERT,CONF_GOUVERNEMENT,CONF_AUTRE_GOUV,CONF_CELEBRITY,CONF_INFLUENCEUR,CONF_ASSOCIATION,CONF_ANONYM,CONF_PERSONNEL,OPTI_PERSONNEL,OPTI_UE,OPTI_CLIMAT_ENV,OPTI_MEDIA,ATTA_PAYS,ATTA_VILLE,ATTA_LOI,ATTA_LIBERTE,ATTA_DIVERSITE_OPINIONS,ATTA_LAICITE,ATTA_LIBERTE_MANIF,ATTA_DROIT_VOTE
,,,,,,,,,1,1,1,2,2,2,2,2,4,2,2,2
4.0,4.0,3.0,4.0,4.0,3.0,3.0,4.0,4.0,1,4,1,4,3,2,4,4,3,4,4,4
2.0,2.0,2.0,2.0,3.0,2.0,2.0,3.0,2.0,1,2,2,2,1,2,1,1,1,1,1,1
,,,,,,,,,3,2,3,2,1,1,1,1,1,2,3,1
4.0,4.0,4.0,4.0,4.0,1.0,1.0,4.0,4.0,4,4,4,4,2,1,4,4,4,4,4,3
1.0,2.0,2.0,2.0,2.0,2.0,2.0,2.0,2.0,1,1,1,2,1,2,2,1,1,2,1,2
2.0,2.0,3.0,2.0,4.0,4.0,2.0,4.0,2.0,2,3,3,3,2,2,1,1,1,2,1,1
2.0,2.0,2.0,2.0,4.0,4.0,3.0,4.0,4.0,2,2,4,4,1,2,1,2,2,2,4,2
2.0,1.0,3.0,4.0,2.0,2.0,2.0,2.0,1.0,1,4,2,2,3,1,1,1,1,1,1,1
1.0,3.0,3.0,3.0,3.0,3.0,3.0,3.0,2.0,2,2,3,4,2,2,2,2,2,2,4,2
2.0,3.0,4.0,2.0,4.0,3.0,4.0,4.0,2.0,2,4,4,4,1,1,1,1,1,1,1,1
,,,,,,,,,2,3,2,3,1,2,2,2,2,3,2,1
3.0,1.0,4.0,3.0,4.0,1.0,2.0,4.0,4.0,3,3,2,4,2,1,1,2,1,3,2,1
,,,,,,,,,1,1,1,1,1,1,2,2,2,1,2,2
,,,,,,,,,1,3,3,3,1,1,1,1,1,1,1,1
1.0,2.0,2.0,2.0,3.0,3.0,2.0,3.0,1.0,2,2,2,2,1,1,1,1,1,1,2,1
1.0,2.0,2.0,2.0,3.0,4.0,2.0,4.0,1.0,1,1,1,3,1,1,1,1,1,1,1,1
2.0,3.0,4.0,4.0,4.0,4.0,2.0,4.0,3.0,1,2,3,4,2,2,3,1,3,3,4,1
3.0,3.0,4.0,4.0,4.0,4.0,2.0,3.0,2.0,2,2,3,2,1,1,2,2,2,1,1,1
1.0,1.0,1.0,1.0,4.0,4.0,1.0,4.0,1.0,1,1,1,4,1,1,1,1,1,1,1,1
2.0,3.0,2.0,3.0,3.0,3.0,3.0,3.0,3.0,3,3,3,3,1,1,1,1,1,1,1,1
4.0,4.0,4.0,4.0,4.0,4.0,4.0,4.0,2.0,2,3,2,3,1,2,2,1,2,2,3,1
,,,,,,,,,3,1,4,4,1,1,1,1,1,1,1,1
3.0,2.0,3.0,3.0,3.0,4.0,3.0,4.0,2.0,2,3,2,4,2,2,2,2,2,1,3,3
1.0,1.0,3.0,1.0,4.0,4.0,1.0,4.0,1.0,3,3,3,3,1,1,1,1,1,1,2,2
,,,,,,,,,1,2,3,3,2,2,2,2,2,2,2,4
2.0,2.0,3.0,2.0,2.0,2.0,2.0,3.0,2.0,2,2,3,3,1,1,1,1,1,1,1,1
3.0,3.0,4.0,4.0,3.0,3.0,3.0,4.0,3.0,1,3,3,3,2,2,2,2,2,2,2,2
3.0,2.0,4.0,3.0,3.0,4.0,3.0,3.0,3.0,2,3,3,3,1,1,1,1,2,1,1,1
,,,,,,,,,2,2,2,2,2,1,2,2,1,2,2,2
3.0,2.0,3.0,4.0,4.0,4.0,2.0,3.0,2.0,2,2,2,2,1,1,1,1,2,1,1,1
2.0,2.0,4.0,4.0,2.0,4.0,4.0,4.0,2.0,3,4,3,3,2,1,1,1,2,4,1,4
2.0,3.0,4.0,3.0,4.0,2.0,2.0,2.0,2.0,2,1,1,2,1,3,1,1,1,1,1,1
1.0,2.0,2.0,2.0,4.0,3.0,2.0,4.0,2.0,1,2,2,3,1,1,2,2,1,2,3,3
2.0,4.0,3.0,3.0,2.0,3.0,1.0,4.0,2.0,3,2,3,2,1,1,1,1,1,1,2,1
2.0,2.0,2.0,3.0,1.0,3.0,1.0,3.0,2.0,2,1,2,4,2,1,2,1,2,1,2,1
2.0,2.0,2.0,2.0,2.0,4.0,2.0,4.0,2.0,2,2,2,3,2,2,2,2,2,2,2,2
,,,,,,,,,2,3,3,3,3,2,2,2,2,2,3,2
4.0,2.0,4.0,4.0,4.0,4.0,2.0,4.0,2.0,3,3,3,3,1,1,1,1,1,1,4,1
2.0,4.0,4.0,4.0,4.0,4.0,3.0,3.0,2.0,2,3,3,3,2,2,2,2,3,3,2,2
2.0,4.0,4.0,4.0,4.0,2.0,4.0,4.0,2.0,1,2,2,2,1,1,2,1,2,2,1,3
3.0,1.0,3.0,3.0,3.0,4.0,4.0,4.0,1.0,4,3,2,3,2,2,2,1,4,2,4,1
3.0,1.0,2.0,3.0,3.0,3.0,2.0,4.0,2.0,2,3,2,3,1,1,1,1,1,1,1,1
2.0,2.0,2.0,3.0,3.0,3.0,2.0,2.0,2.0,2,3,3,3,1,1,2,1,2,2,3,1
3.0,3.0,3.0,3.0,4.0,3.0,3.0,3.0,2.0,3,3,3,3,1,1,1,1,2,2,2,1
2.0,2.0,2.0,2.0,2.0,2.0,2.0,2.0,2.0,1,2,2,2,1,1,1,1,1,4,2,1
2.0,1.0,4.0,4.0,4.0,1.0,3.0,3.0,2.0,3,2,2,3,1,2,1,1,1,1,1,1
4.0,4.0,4.0,4.0,2.0,3.0,4.0,4.0,1.0,2,3,3,3,1,3,1,1,1,2,1,1
,,,,,,,,,2,2,2,3,2,2,1,1,4,1,2,1
4.0,4.0,4.0,4.0,4.0,4.0,4.0,4.0,2.0,2,1,2,4,1,1,1,1,1,1,3,1
3.0,1.0,1.0,3.0,4.0,4.0,1.0,4.0,1.0,2,2,2,2,1,1,2,1,2,1,2,1
,,,,,,,,,4,4,2,3,4,2,4,2,4,2,4,4
3.0,4.0,4.0,4.0,4.0,4.0,3.0,2.0,2.0,3,3,3,3,2,2,2,2,2,3,2,2
,,,,,,,,,1,1,1,2,2,2,2,1,2,2,1,1
2.0,2.0,4.0,2.0,4.0,4.0,2.0,4.0,2.0,1,1,1,2,1,2,2,1,2,2,1,2
,,,,,,,,,2,3,3,2,1,1,1,1,2,3,2,3
2.0,2.0,2.0,3.0,3.0,3.0,3.0,3.0,2.0,2,3,4,3,2,1,2,2,2,3,2,4
4.0,3.0,4.0,4.0,3.0,4.0,3.0,4.0,2.0,2,3,4,3,1,1,1,1,2,1,1,1
,,,,,,,,,3,3,3,4,1,3,1,1,1,1,2,2
,,,,,,,,,1,4,4,4,1,1,1,1,1,1,1,1
,,,,,,,,,3,3,3,3,1,1,1,2,3,2,3,1
3.0,2.0,4.0,4.0,3.0,4.0,2.0,4.0,2.0,2,3,3,4,2,2,2,2,1,2,2,2
,,,,,,,,,2,2,2,2,2,2,1,1,3,1,1,1
,,,,,,,,,2,4,4,3,4,3,1,1,2,1,1,4
2.0,2.0,3.0,3.0,3.0,3.0,3.0,2.0,1.0,2,3,2,3,1,2,1,2,2,2,2,1
1.0,2.0,4.0,3.0,2.0,4.0,1.0,4.0,2.0,2,4,2,2,1,1,1,1,1,1,1,1
3.0,4.0,4.0,4.0,4.0,4.0,2.0,3.0,1.0,1,2,3,4,1,1,1,1,1,1,1,1
,,,,,,,,,2,1,2,2,3,2,2,1,2,4,2,2
3.0,2.0,4.0,4.0,4.0,4.0,2.0,4.0,2.0,2,2,3,4,2,1,4,2,4,2,2,4
3.0,3.0,3.0,3.0,3.0,3.0,2.0,4.0,2.0,3,2,2,3,1,1,2,1,1,3,3,1
2.0,2.0,3.0,3.0,3.0,4.0,2.0,2.0,2.0,2,2,3,3,1,1,1,1,1,3,1,2
,,,,,,,,,1,1,4,1,1,1,4,3,4,1,4,1
2.0,3.0,4.0,4.0,3.0,3.0,2.0,3.0,1.0,1,4,4,4,1,1,1,1,1,1,1,1
2.0,2.0,2.0,4.0,4.0,4.0,2.0,4.0,2.0,2,2,2,3,1,2,1,2,2,1,3,1
1.0,2.0,2.0,2.0,3.0,4.0,2.0,4.0,1.0,1,2,2,3,2,1,2,1,1,2,2,2
,,,,,,,,,1,1,2,4,4,1,4,4,4,4,4,4
3.0,2.0,4.0,3.0,3.0,2.0,2.0,3.0,2.0,2,2,2,4,1,1,2,1,3,2,2,1
2.0,4.0,4.0,4.0,4.0,4.0,2.0,4.0,4.0,2,2,3,2,1,1,1,1,1,1,2,1
,,,,,,,,,2,3,3,4,2,3,2,2,2,3,4,4
3.0,3.0,3.0,3.0,4.0,3.0,3.0,4.0,2.0,1,1,2,4,3,2,3,2,3,3,2,2
3.0,4.0,4.0,4.0,4.0,4.0,4.0,4.0,2.0,2,3,4,4,1,1,3,2,4,3,4,1
2.0,2.0,3.0,3.0,3.0,4.0,2.0,4.0,3.0,2,2,3,3,1,1,1,1,1,1,1,1
3.0,3.0,4.0,4.0,3.0,3.0,3.0,4.0,2.0,3,3,3,4,1,2,2,1,3,2,3,2
2.0,1.0,2.0,2.0,3.0,3.0,1.0,2.0,1.0,2,3,3,1,1,1,1,1,2,1,1,1
2.0,2.0,2.0,2.0,2.0,3.0,3.0,3.0,2.0,2,3,3,3,1,1,2,1,2,2,3,1
,,,,,,,,,4,4,4,4,2,2,3,3,2,2,4,4
2.0,2.0,2.0,2.0,2.0,2.0,2.0,4.0,1.0,2,3,3,2,2,1,2,2,2,2,2,2
2.0,2.0,3.0,3.0,1.0,4.0,4.0,3.0,3.0,2,3,3,3,2,2,2,1,2,3,3,1
2.0,2.0,2.0,2.0,3.0,3.0,2.0,3.0,3.0,2,2,1,3,2,2,2,1,2,2,2,2
,,,,,,,,,2,3,3,3,1,1,1,1,1,1,2,1
2.0,2.0,2.0,3.0,3.0,2.0,3.0,4.0,1.0,2,2,2,2,2,1,2,1,2,2,3,3
3.0,3.0,4.0,4.0,2.0,2.0,3.0,4.0,1.0,1,1,2,4,2,1,3,2,2,1,2,4
,,,,,,,,,4,4,4,4,3,3,3,3,3,3,3,3
2.0,2.0,3.0,3.0,4.0,4.0,2.0,4.0,2.0,1,3,4,4,2,1,2,1,2,2,3,4
2.0,2.0,2.0,2.0,4.0,4.0,2.0,4.0,2.0,1,3,2,2,1,2,1,1,1,1,2,1
2.0,3.0,3.0,3.0,3.0,3.0,2.0,3.0,2.0,4,2,2,2,1,2,1,2,2,2,2,1
3.0,3.0,4.0,4.0,4.0,3.0,2.0,3.0,2.0,3,4,3,4,1,2,2,1,1,1,2,2
,,,,,,,,,2,3,4,3,1,4,1,1,1,1,1,1
,,,,,,,,,1,4,2,2,3,1,4,3,1,3,1,1
2.0,2.0,2.0,2.0,3.0,4.0,2.0,3.0,2.0,2,1,2,3,1,1,1,2,2,1,3,1
,,,,,,,,,4,4,4,4,3,4,3,4,4,3,3,4
2.0,2.0,2.0,4.0,2.0,4.0,1.0,4.0,1.0,3,3,3,3,2,2,2,2,3,2,3,2
2.0,2.0,3.0,3.0,4.0,2.0,3.0,4.0,1.0,1,2,3,4,1,2,1,1,1,1,1,1
2.0,3.0,3.0,3.0,2.0,2.0,2.0,3.0,2.0,2,2,2,3,1,4,1,1,1,1,1,1
2.0,2.0,2.0,2.0,3.0,3.0,2.0,4.0,2.0,3,3,2,2,1,1,1,1,2,1,3,1
3.0,2.0,4.0,4.0,2.0,4.0,2.0,4.0,2.0,2,2,2,4,1,1,1,1,1,1,1,1
4.0,4.0,2.0,4.0,4.0,4.0,4.0,4.0,1.0,1,1,1,3,1,1,1,1,1,1,1,1
,,,,,,,,,1,2,4,4,1,1,2,3,4,4,4,4
1.0,1.0,2.0,2.0,3.0,3.0,2.0,3.0,1.0,2,2,2,3,1,1,1,1,2,1,2,1
,,,,,,,,,2,2,3,3,1,1,4,4,4,4,4,4
2.0,2.0,3.0,4.0,4.0,4.0,4.0,4.0,2.0,2,2,2,4,1,1,1,1,2,1,2,1
3.0,4.0,4.0,3.0,4.0,3.0,3.0,3.0,3.0,3,3,3,2,1,1,1,1,1,4,1,2
,,,,,,,,,3,4,4,4,1,1,1,2,1,1,4,4
2.0,2.0,2.0,2.0,3.0,3.0,3.0,3.0,2.0,2,2,2,3,1,1,1,1,1,1,1,1
2.0,2.0,3.0,3.0,3.0,4.0,2.0,4.0,1.0,1,2,3,4,2,1,2,2,2,2,1,4
,,,,,,,,,1,2,4,4,2,3,4,4,4,3,4,4
2.0,2.0,3.0,3.0,3.0,3.0,3.0,4.0,2.0,2,3,2,3,1,1,1,1,1,2,3,1
2.0,2.0,2.0,4.0,4.0,4.0,4.0,4.0,1.0,1,2,1,4,1,2,1,1,1,1,1,1
3.0,2.0,3.0,3.0,3.0,4.0,2.0,4.0,2.0,3,2,3,2,1,1,1,2,4,3,3,2
2.0,4.0,4.0,4.0,4.0,4.0,4.0,4.0,2.0,1,1,3,3,3,1,3,3,4,3,3,4
2.0,2.0,4.0,4.0,3.0,4.0,2.0,4.0,2.0,1,2,1,3,1,1,1,1,2,1,1,1
,,,,,,,,,2,3,4,4,2,2,2,2,2,2,4,4
2.0,2.0,3.0,3.0,2.0,3.0,2.0,2.0,2.0,2,2,3,3,1,1,1,1,1,1,1,1
2.0,4.0,4.0,4.0,4.0,4.0,4.0,4.0,4.0,2,2,2,2,1,1,1,1,1,1,2,1
3.0,2.0,3.0,4.0,4.0,4.0,3.0,4.0,3.0,2,4,4,4,1,1,1,1,1,1,1,1
,,,,,,,,,1,2,3,2,1,1,2,1,1,2,3,1
3.0,3.0,3.0,4.0,4.0,4.0,4.0,4.0,2.0,3,4,3,1,1,1,2,3,3,2,3,1
,,,,,,,,,1,2,2,2,1,1,1,1,1,1,1,1
,,,,,,,,,1,3,4,4,1,4,4,2,4,1,4,2
3.0,2.0,2.0,2.0,4.0,4.0,2.0,4.0,2.0,1,3,3,3,1,1,2,2,2,1,3,4
2.0,1.0,2.0,2.0,2.0,4.0,4.0,4.0,2.0,2,2,2,3,1,1,1,1,2,1,1,1
,,,,,,,,,1,1,4,4,2,4,3,1,1,1,1,1
,,,,,,,,,2,2,2,4,1,1,1,4,4,1,4,1
1.0,2.0,4.0,3.0,4.0,3.0,2.0,3.0,1.0,2,2,1,1,1,1,1,1,1,1,1,1
2.0,3.0,3.0,3.0,4.0,3.0,3.0,4.0,3.0,3,4,4,4,1,1,1,2,2,1,2,2
4.0,3.0,4.0,3.0,3.0,4.0,2.0,4.0,2.0,2,3,4,3,4,3,2,2,2,3,3,3
4.0,3.0,4.0,4.0,4.0,4.0,3.0,3.0,3.0,3,2,2,2,3,3,3,3,2,3,3,3
2.0,2.0,3.0,3.0,2.0,3.0,2.0,3.0,2.0,2,3,3,4,1,3,1,1,2,1,2,1
2.0,2.0,3.0,3.0,3.0,2.0,2.0,3.0,2.0,2,3,3,3,2,2,3,2,2,2,2,2
2.0,2.0,4.0,4.0,2.0,4.0,2.0,3.0,3.0,4,3,4,3,3,3,1,1,2,1,2,1
2.0,3.0,1.0,2.0,2.0,2.0,2.0,2.0,2.0,2,2,1,2,2,2,3,2,2,2,2,2
3.0,2.0,2.0,3.0,4.0,4.0,2.0,4.0,2.0,2,2,3,3,1,1,1,1,2,1,1,1
4.0,4.0,4.0,3.0,3.0,3.0,4.0,4.0,2.0,2,2,4,4,1,1,1,2,1,1,1,1
2.0,3.0,2.0,2.0,3.0,4.0,3.0,3.0,2.0,2,3,3,4,1,1,1,1,2,1,1,2
4.0,3.0,3.0,4.0,4.0,3.0,3.0,4.0,4.0,2,2,2,2,2,2,2,2,2,2,2,2
3.0,3.0,2.0,2.0,1.0,3.0,3.0,1.0,2.0,1,1,2,1,1,1,1,1,1,1,1,1
2.0,3.0,4.0,2.0,3.0,4.0,1.0,4.0,1.0,3,3,4,4,2,2,1,1,1,1,1,1
2.0,4.0,4.0,4.0,2.0,4.0,2.0,4.0,3.0,2,2,2,3,2,2,2,2,2,2,2,2
2.0,2.0,3.0,3.0,4.0,3.0,2.0,4.0,2.0,2,3,3,3,3,3,1,2,2,1,4,2
,,,,,,,,,3,4,4,3,2,3,4,1,2,4,1,1
2.0,2.0,2.0,2.0,3.0,1.0,1.0,3.0,2.0,1,2,1,2,2,2,1,2,3,2,2,3
2.0,2.0,2.0,2.0,2.0,2.0,2.0,2.0,2.0,2,1,1,1,1,2,2,2,2,2,2,1
3.0,3.0,4.0,4.0,4.0,4.0,4.0,4.0,3.0,2,3,3,2,2,1,1,2,1,1,1,1
2.0,2.0,2.0,2.0,3.0,4.0,2.0,4.0,2.0,2,3,3,3,1,3,1,2,2,1,2,2
2.0,2.0,3.0,3.0,2.0,4.0,2.0,4.0,2.0,3,4,3,3,1,2,1,1,2,1,2,1
2.0,2.0,4.0,4.0,4.0,4.0,3.0,4.0,2.0,3,4,3,4,2,2,1,2,2,1,3,1
3.0,1.0,4.0,3.0,4.0,3.0,2.0,3.0,1.0,3,4,4,2,1,2,1,1,1,1,2,1
2.0,2.0,3.0,3.0,4.0,4.0,2.0,4.0,3.0,2,3,3,3,2,2,2,2,3,2,1,1
3.0,4.0,3.0,3.0,3.0,4.0,2.0,3.0,3.0,3,3,3,4,1,1,1,1,1,1,1,1
2.0,2.0,3.0,3.0,3.0,4.0,2.0,4.0,3.0,2,3,4,2,1,2,1,1,2,1,2,1
2.0,2.0,3.0,4.0,4.0,4.0,3.0,4.0,2.0,1,1,4,2,1,2,1,1,2,1,2,1
2.0,3.0,3.0,3.0,3.0,3.0,2.0,4.0,1.0,2,2,3,2,2,1,1,2,2,1,3,1
3.0,3.0,3.0,2.0,4.0,3.0,2.0,4.0,2.0,2,3,3,2,1,2,1,1,1,1,1,1
2.0,2.0,3.0,3.0,3.0,3.0,2.0,2.0,2.0,3,3,4,3,2,2,2,1,3,2,2,1
3.0,1.0,3.0,4.0,3.0,2.0,2.0,3.0,2.0,3,4,3,3,1,1,1,1,1,1,2,1
,,,,,,,,,2,2,2,3,2,3,2,2,3,2,3,2
2.0,2.0,3.0,3.0,4.0,4.0,3.0,4.0,2.0,3,3,3,3,3,3,1,1,2,1,2,1
2.0,3.0,3.0,2.0,3.0,4.0,2.0,3.0,2.0,3,3,3,2,2,1,1,1,1,1,1,1
4.0,4.0,4.0,4.0,4.0,4.0,1.0,1.0,2.0,1,4,4,1,1,1,1,1,1,4,1,1
2.0,2.0,3.0,3.0,3.0,4.0,2.0,4.0,2.0,2,3,2,3,1,1,1,1,2,1,2,1
2.0,2.0,4.0,3.0,4.0,4.0,2.0,4.0,2.0,3,4,3,2,3,4,1,1,1,1,1,1
2.0,3.0,3.0,3.0,3.0,3.0,2.0,3.0,2.0,3,3,3,2,2,2,3,3,2,2,2,2
2.0,2.0,3.0,3.0,3.0,3.0,2.0,3.0,2.0,2,2,2,2,2,2,2,2,2,1,3,2
2.0,2.0,3.0,3.0,4.0,4.0,2.0,4.0,3.0,3,3,3,2,3,3,1,1,1,2,1,1
2.0,2.0,3.0,3.0,3.0,4.0,2.0,4.0,3.0,3,3,3,1,3,4,1,1,1,1,1,1
3.0,2.0,4.0,3.0,3.0,4.0,2.0,4.0,1.0,3,4,3,4,1,1,1,1,2,1,1,1
3.0,3.0,3.0,4.0,4.0,4.0,2.0,4.0,3.0,3,2,3,3,3,3,1,1,1,2,1,2
2.0,2.0,3.0,3.0,3.0,4.0,3.0,4.0,2.0,2,2,2,2,2,2,1,2,2,2,2,1
2.0,2.0,2.0,2.0,3.0,3.0,2.0,3.0,2.0,2,2,2,2,2,2,2,2,2,2,2,2
3.0,2.0,4.0,4.0,3.0,4.0,1.0,3.0,2.0,3,3,4,3,1,1,1,1,2,1,1,1
4.0,2.0,4.0,3.0,4.0,4.0,4.0,4.0,4.0,3,4,4,3,1,2,1,1,1,1,2,1
2.0,2.0,4.0,4.0,3.0,4.0,2.0,3.0,2.0,2,3,4,4,2,3,2,1,2,1,2,3
2.0,2.0,3.0,4.0,3.0,4.0,2.0,3.0,2.0,2,2,2,3,1,1,1,1,2,1,2,1
2.0,2.0,4.0,4.0,3.0,3.0,2.0,2.0,2.0,2,2,3,3,3,3,3,3,3,3,3,3
2.0,2.0,3.0,3.0,3.0,3.0,3.0,3.0,2.0,2,2,2,2,1,1,1,1,1,1,1,1
2.0,2.0,3.0,3.0,4.0,4.0,2.0,4.0,3.0,3,3,2,2,1,2,1,1,1,1,1,1
2.0,1.0,2.0,2.0,3.0,4.0,1.0,4.0,2.0,2,2,2,3,1,2,1,1,2,2,1,1
2.0,2.0,3.0,3.0,3.0,4.0,2.0,3.0,4.0,3,3,4,3,1,1,1,1,1,1,1,1
2.0,2.0,3.0,3.0,4.0,4.0,2.0,4.0,2.0,2,3,2,3,3,3,2,1,2,1,2,2
2.0,2.0,2.0,3.0,3.0,3.0,2.0,3.0,2.0,3,2,2,2,1,1,2,2,2,2,1,2
2.0,3.0,4.0,4.0,4.0,4.0,2.0,2.0,2.0,3,4,4,4,1,2,2,2,2,2,2,2
4.0,3.0,4.0,4.0,4.0,3.0,3.0,4.0,2.0,3,4,4,3,2,2,1,1,1,2,2,1
2.0,1.0,3.0,3.0,3.0,3.0,2.0,3.0,2.0,3,3,3,4,1,1,1,1,2,2,1,1
3.0,3.0,3.0,3.0,4.0,4.0,3.0,4.0,3.0,3,3,3,3,2,2,1,1,2,1,2,1
2.0,2.0,3.0,2.0,3.0,2.0,2.0,2.0,2.0,3,3,3,2,1,1,1,1,1,1,1,1
,,,,,,,,,3,3,3,4,1,1,1,1,1,1,1,2
2.0,1.0,4.0,3.0,3.0,3.0,1.0,3.0,2.0,2,2,2,3,1,1,1,1,1,1,1,1
2.0,2.0,4.0,2.0,2.0,4.0,3.0,4.0,3.0,3,3,3,4,1,1,1,1,1,1,1,1
2.0,2.0,2.0,3.0,4.0,4.0,2.0,4.0,2.0,2,2,2,2,2,3,1,2,2,1,3,1
4.0,4.0,4.0,4.0,3.0,4.0,3.0,3.0,2.0,3,4,3,3,3,4,1,2,2,3,2,1
2.0,2.0,2.0,3.0,2.0,2.0,2.0,2.0,2.0,2,3,2,2,2,2,2,2,2,2,2,3
2.0,1.0,2.0,2.0,2.0,2.0,2.0,2.0,1.0,3,3,3,3,1,1,1,1,1,1,1,1
2.0,3.0,1.0,2.0,2.0,2.0,1.0,2.0,2.0,2,4,3,4,4,4,4,4,4,4,4,4
2.0,2.0,2.0,2.0,2.0,4.0,1.0,4.0,1.0,2,2,2,3,1,2,1,1,1,1,3,1
,,,,,,,,,2,3,3,3,2,2,2,2,2,2,2,2
2.0,2.0,3.0,2.0,3.0,2.0,3.0,3.0,1.0,2,2,3,3,2,1,4,4,3,4,2,2
2.0,2.0,2.0,2.0,3.0,2.0,2.0,3.0,2.0,2,3,3,2,2,2,2,2,2,2,2,1
,,,,,,,,,3,4,4,2,2,4,2,1,2,3,2,1
3.0,3.0,3.0,3.0,3.0,4.0,4.0,4.0,2.0,2,2,2,3,3,2,2,2,2,2,2,2
4.0,3.0,3.0,3.0,3.0,3.0,2.0,3.0,2.0,2,3,3,2,1,2,2,1,1,3,1,1
,,,,,,,,,2,3,3,3,1,1,1,1,1,1,1,1
2.0,2.0,2.0,2.0,2.0,3.0,2.0,3.0,2.0,2,2,2,2,1,2,1,1,1,1,1,1
2.0,2.0,3.0,3.0,3.0,3.0,3.0,3.0,2.0,3,4,4,3,2,2,2,2,2,1,2,2
,,,,,,,,,2,2,2,3,2,2,2,2,2,2,3,1
2.0,2.0,3.0,3.0,3.0,3.0,2.0,3.0,2.0,3,3,3,3,1,1,1,1,1,1,2,1
2.0,2.0,4.0,4.0,4.0,4.0,4.0,3.0,2.0,2,1,3,3,2,1,1,2,2,2,2,1
2.0,2.0,3.0,3.0,4.0,4.0,3.0,3.0,2.0,3,4,3,3,1,2,1,1,2,1,2,1
2.0,2.0,4.0,4.0,2.0,4.0,3.0,3.0,2.0,2,2,4,3,1,2,3,3,3,3,2,1
1.0,1.0,1.0,2.0,2.0,2.0,2.0,2.0,2.0,3,2,2,1,1,1,1,1,2,1,1,2
,,,,,,,,,3,3,4,3,2,2,2,2,3,1,1,1
2.0,2.0,2.0,2.0,3.0,3.0,3.0,3.0,2.0,2,2,2,2,1,2,1,2,1,2,4,1
,,,,,,,,,4,4,4,4,4,4,4,4,4,4,4,4
,,,,,,,,,3,3,2,1,2,1,2,2,1,2,2,1
4.0,2.0,2.0,2.0,3.0,4.0,3.0,4.0,2.0,2,3,3,4,1,1,1,1,2,2,1,1
,,,,,,,,,3,4,4,4,1,2,1,1,1,1,2,1
,,,,,,,,,2,3,3,3,2,2,2,1,2,1,2,2
2.0,2.0,2.0,3.0,2.0,3.0,2.0,3.0,2.0,2,3,3,2,2,1,2,2,2,2,2,2
2.0,3.0,3.0,3.0,3.0,3.0,3.0,3.0,2.0,2,2,1,1,2,1,2,2,1,3,1,1
2.0,1.0,2.0,3.0,2.0,1.0,2.0,2.0,2.0,2,3,1,1,1,2,1,1,1,1,1,1
2.0,3.0,3.0,3.0,2.0,3.0,2.0,3.0,2.0,3,4,4,3,1,2,1,1,2,1,2,2
1.0,1.0,1.0,2.0,1.0,2.0,2.0,2.0,2.0,2,2,1,1,2,1,2,2,2,2,1,2
2.0,2.0,2.0,2.0,2.0,2.0,2.0,2.0,2.0,2,2,2,2,2,2,2,2,2,2,2,2
2.0,2.0,2.0,3.0,4.0,3.0,2.0,3.0,2.0,2,4,3,3,3,2,1,3,2,3,4,1
2.0,3.0,2.0,2.0,2.0,4.0,2.0,3.0,2.0,2,2,2,2,1,1,1,1,1,1,1,1
2.0,2.0,2.0,2.0,4.0,4.0,2.0,4.0,3.0,2,2,2,2,1,1,1,1,1,1,3,1
2.0,2.0,4.0,4.0,3.0,3.0,1.0,3.0,2.0,3,4,3,1,2,2,1,2,2,1,4,2
1.0,2.0,2.0,1.0,1.0,2.0,2.0,2.0,2.0,1,2,2,1,2,1,2,1,1,1,1,1
2.0,3.0,3.0,3.0,3.0,3.0,2.0,3.0,3.0,2,3,2,2,1,1,1,1,1,1,3,1
4.0,3.0,4.0,4.0,4.0,4.0,4.0,4.0,3.0,2,3,4,4,1,1,1,1,1,1,1,1
3.0,4.0,3.0,4.0,4.0,3.0,2.0,3.0,3.0,2,3,3,3,2,3,1,1,2,1,1,3
2.0,2.0,4.0,3.0,3.0,3.0,2.0,2.0,2.0,3,3,3,4,2,2,2,1,1,3,1,1
3.0,3.0,4.0,4.0,2.0,2.0,2.0,3.0,2.0,3,4,4,3,2,1,2,1,1,2,1,1
,,,,,,,,,2,2,2,3,2,2,2,2,3,2,3,2
2.0,1.0,4.0,4.0,4.0,4.0,1.0,4.0,3.0,2,4,4,4,2,4,1,2,4,4,4,1
2.0,2.0,3.0,3.0,2.0,3.0,2.0,3.0,2.0,2,3,3,3,2,1,2,2,1,2,2,1
3.0,2.0,3.0,3.0,4.0,4.0,2.0,4.0,2.0,2,3,2,3,1,3,1,1,1,1,1,1
2.0,2.0,2.0,2.0,2.0,2.0,2.0,3.0,2.0,2,3,3,2,2,1,1,1,2,2,1,1
2.0,2.0,3.0,3.0,3.0,2.0,2.0,4.0,2.0,2,2,2,2,1,2,1,2,2,2,2,1
2.0,2.0,4.0,4.0,3.0,3.0,3.0,3.0,2.0,3,4,3,3,2,2,2,1,1,4,4,3
2.0,2.0,3.0,3.0,4.0,4.0,2.0,4.0,2.0,2,3,3,3,1,2,2,2,1,1,3,1
2.0,2.0,3.0,3.0,3.0,3.0,2.0,3.0,3.0,2,3,3,1,1,1,1,1,1,1,1,1
3.0,3.0,4.0,4.0,3.0,3.0,2.0,3.0,3.0,2,3,3,3,1,2,1,1,1,1,1,2
3.0,2.0,3.0,3.0,3.0,4.0,2.0,3.0,2.0,3,3,2,4,2,3,2,2,2,2,2,2
4.0,3.0,4.0,3.0,3.0,2.0,2.0,1.0,1.0,2,2,3,1,1,1,2,2,2,2,3,2
,,,,,,,,,2,3,3,2,2,1,2,3,3,3,3,4
,,,,,,,,,1,2,2,2,2,2,2,2,2,2,2,2
2.0,2.0,2.0,2.0,3.0,4.0,3.0,4.0,2.0,2,2,2,3,1,1,1,1,1,2,1,1
3.0,2.0,4.0,3.0,4.0,4.0,3.0,3.0,2.0,2,3,3,3,1,1,1,1,1,1,1,1
2.0,1.0,1.0,2.0,2.0,1.0,1.0,2.0,1.0,2,3,2,2,1,2,1,2,1,2,1,1
2.0,1.0,3.0,3.0,3.0,4.0,2.0,4.0,2.0,3,3,3,3,1,1,1,1,1,1,4,1
2.0,3.0,4.0,3.0,3.0,3.0,3.0,3.0,1.0,1,2,2,2,1,1,1,1,1,1,2,1
2.0,3.0,3.0,3.0,3.0,3.0,2.0,3.0,2.0,2,3,3,4,3,1,2,1,2,1,2,1
2.0,2.0,2.0,3.0,3.0,4.0,2.0,4.0,2.0,3,3,3,3,1,1,1,1,1,1,1,1
1.0,2.0,1.0,2.0,1.0,1.0,1.0,1.0,2.0,1,3,2,1,1,1,1,1,1,1,1,1
,,,,,,,,,4,1,3,2,1,1,1,2,2,4,2,1
2.0,2.0,2.0,3.0,3.0,3.0,2.0,3.0,2.0,2,2,2,3,1,1,1,2,2,2,2,2
3.0,3.0,3.0,3.0,3.0,3.0,3.0,3.0,3.0,2,3,3,3,1,2,1,1,1,1,1,2
2.0,2.0,2.0,3.0,3.0,4.0,3.0,3.0,2.0,2,3,3,3,1,1,1,1,1,1,1,1
2.0,2.0,3.0,3.0,3.0,4.0,2.0,3.0,2.0,3,3,3,3,2,2,2,2,2,2,2,3
2.0,2.0,4.0,3.0,2.0,2.0,2.0,3.0,2.0,3,3,3,2,3,4,2,2,3,2,3,3
2.0,2.0,3.0,3.0,3.0,4.0,2.0,3.0,2.0,2,3,2,3,2,2,1,1,1,1,1,1
4.0,4.0,4.0,4.0,4.0,4.0,4.0,4.0,4.0,3,4,4,4,1,1,1,1,1,1,1,1
2.0,3.0,4.0,3.0,4.0,4.0,2.0,4.0,2.0,3,4,4,4,2,1,1,1,1,1,1,1
2.0,1.0,4.0,3.0,3.0,4.0,2.0,4.0,3.0,1,2,2,2,2,2,1,1,2,1,1,1
3.0,2.0,4.0,2.0,3.0,4.0,3.0,2.0,2.0,3,4,4,2,1,3,1,1,3,1,1,1
2.0,3.0,3.0,3.0,3.0,3.0,2.0,2.0,1.0,2,1,1,1,1,1,1,2,1,2,2,1
2.0,2.0,4.0,3.0,2.0,4.0,2.0,4.0,2.0,3,2,3,2,1,1,1,1,1,1,1,1
3.0,2.0,4.0,3.0,4.0,2.0,1.0,4.0,2.0,1,3,3,2,2,1,1,1,1,1,1,1
3.0,1.0,4.0,4.0,2.0,3.0,2.0,4.0,1.0,2,2,2,2,1,1,1,1,1,1,1,1
,,,,,,,,,4,3,4,3,4,3,4,4,4,3,4,3
1.0,2.0,2.0,2.0,1.0,2.0,1.0,2.0,1.0,1,2,2,1,1,1,1,1,2,2,1,1
2.0,1.0,3.0,2.0,3.0,3.0,1.0,4.0,2.0,2,2,2,3,2,2,1,1,2,2,3,3
1.0,1.0,2.0,1.0,2.0,3.0,2.0,1.0,2.0,2,2,1,1,1,2,2,3,2,1,3,1
2.0,2.0,3.0,1.0,3.0,2.0,4.0,3.0,2.0,2,2,3,2,2,2,1,3,3,2,2,4
2.0,3.0,3.0,3.0,3.0,2.0,2.0,4.0,2.0,1,2,2,2,2,2,1,1,2,2,2,1
2.0,3.0,3.0,3.0,4.0,3.0,3.0,3.0,3.0,2,3,3,3,1,2,2,2,2,1,3,2
3.0,3.0,3.0,3.0,3.0,3.0,2.0,3.0,2.0,2,3,4,3,2,2,1,1,1,1,1,1
,,,,,,,,,2,2,2,2,2,2,3,3,2,2,3,3
2.0,2.0,3.0,3.0,2.0,3.0,3.0,3.0,2.0,2,2,2,2,2,2,2,1,2,1,2,2
3.0,2.0,4.0,2.0,4.0,4.0,2.0,3.0,3.0,3,4,4,4,2,3,2,2,2,1,2,1
3.0,2.0,3.0,3.0,3.0,2.0,2.0,3.0,2.0,2,3,3,4,1,1,1,1,1,1,1,1
2.0,2.0,2.0,2.0,2.0,3.0,2.0,3.0,2.0,2,2,3,3,1,1,2,1,1,1,3,1
2.0,2.0,4.0,3.0,4.0,3.0,2.0,3.0,2.0,3,2,3,2,2,3,1,1,2,1,1,1
3.0,2.0,3.0,3.0,3.0,3.0,3.0,3.0,2.0,4,3,4,3,1,3,1,2,2,1,3,2
1.0,2.0,2.0,2.0,2.0,3.0,2.0,3.0,3.0,2,3,3,2,1,1,2,2,2,1,3,2
2.0,1.0,2.0,3.0,4.0,4.0,2.0,4.0,2.0,2,1,2,4,1,1,1,1,1,1,2,1
2.0,2.0,3.0,3.0,2.0,3.0,2.0,3.0,1.0,3,3,3,2,1,1,1,1,1,1,2,1
2.0,2.0,2.0,2.0,2.0,2.0,2.0,2.0,2.0,4,4,1,4,3,3,2,3,2,2,3,2
1.0,2.0,3.0,2.0,3.0,2.0,1.0,3.0,1.0,2,3,3,2,1,1,1,1,2,2,1,1
3.0,3.0,2.0,3.0,4.0,4.0,2.0,4.0,2.0,2,3,3,3,1,2,1,1,2,1,1,1
2.0,2.0,4.0,4.0,4.0,3.0,2.0,4.0,2.0,2,3,3,1,1,3,1,1,1,1,1,1
,,,,,,,,,2,3,3,3,3,2,2,1,2,2,1,2
2.0,2.0,2.0,2.0,3.0,4.0,2.0,4.0,2.0,2,2,2,2,2,2,1,1,1,1,1,1
3.0,3.0,3.0,3.0,3.0,3.0,3.0,3.0,2.0,4,4,4,4,2,2,2,2,2,4,2,3
2.0,2.0,3.0,3.0,4.0,4.0,2.0,3.0,1.0,3,3,3,2,3,3,2,2,2,3,3,2
4.0,2.0,3.0,2.0,4.0,4.0,1.0,4.0,2.0,4,4,1,2,1,1,1,1,1,1,1,1
2.0,2.0,4.0,4.0,3.0,1.0,1.0,2.0,2.0,1,1,1,1,2,1,1,1,2,1,2,1
1.0,1.0,2.0,3.0,2.0,2.0,2.0,3.0,2.0,2,3,3,3,3,2,1,2,2,1,3,2
,,,,,,,,,3,2,3,2,2,3,3,2,3,3,3,2
2.0,2.0,2.0,2.0,3.0,3.0,2.0,4.0,2.0,2,2,3,3,2,3,1,1,1,1,2,1
3.0,2.0,2.0,2.0,3.0,4.0,2.0,4.0,2.0,2,3,3,4,4,4,3,3,2,3,3,2
3.0,2.0,2.0,3.0,2.0,1.0,2.0,1.0,1.0,2,3,1,2,3,2,2,3,2,1,3,1
3.0,2.0,2.0,2.0,3.0,4.0,2.0,4.0,2.0,2,2,2,2,1,1,1,1,1,1,1,1
2.0,1.0,2.0,2.0,3.0,3.0,1.0,3.0,2.0,2,2,2,2,1,1,1,1,1,2,1,1
3.0,3.0,4.0,2.0,4.0,3.0,2.0,3.0,2.0,3,4,4,4,2,1,1,1,1,1,1,1
2.0,2.0,3.0,3.0,4.0,4.0,2.0,4.0,3.0,3,3,3,4,1,1,1,1,1,1,1,1
1.0,2.0,2.0,3.0,4.0,4.0,2.0,4.0,3.0,2,2,2,1,2,2,1,1,2,1,2,1
2.0,2.0,2.0,2.0,2.0,4.0,2.0,3.0,2.0,2,3,3,3,1,1,1,1,3,1,3,1
2.0,2.0,3.0,3.0,1.0,2.0,2.0,2.0,3.0,2,3,3,2,2,3,1,2,1,1,1,1
3.0,2.0,2.0,3.0,3.0,3.0,2.0,3.0,2.0,2,2,2,2,1,1,1,1,2,1,1,1
2.0,2.0,2.0,2.0,4.0,4.0,3.0,4.0,2.0,3,2,2,3,1,2,1,1,1,1,2,1
2.0,2.0,2.0,3.0,2.0,2.0,2.0,2.0,1.0,3,2,2,2,1,1,3,1,3,2,3,2
2.0,3.0,3.0,3.0,2.0,3.0,2.0,3.0,2.0,2,3,2,2,2,2,2,1,2,2,2,4
1.0,3.0,3.0,4.0,3.0,4.0,3.0,4.0,2.0,3,3,3,2,1,3,1,2,2,1,3,2
3.0,2.0,3.0,3.0,3.0,3.0,2.0,4.0,2.0,2,3,3,2,1,2,1,1,1,2,2,1
2.0,2.0,2.0,3.0,3.0,3.0,2.0,2.0,2.0,3,3,3,3,1,2,2,2,2,2,3,2
3.0,2.0,2.0,2.0,3.0,3.0,3.0,3.0,2.0,2,3,3,3,2,1,2,2,2,2,2,2
2.0,2.0,2.0,3.0,2.0,2.0,2.0,4.0,1.0,2,2,1,2,2,2,1,1,1,2,2,2
2.0,2.0,2.0,3.0,2.0,4.0,2.0,3.0,2.0,2,2,2,2,2,2,2,2,2,2,3,2
1.0,2.0,2.0,2.0,2.0,2.0,1.0,3.0,1.0,4,3,4,3,3,3,1,1,1,4,1,1
,,,,,,,,,4,3,4,3,3,3,3,3,3,3,3,3
1.0,2.0,2.0,2.0,3.0,4.0,2.0,4.0,2.0,3,3,3,4,2,2,2,1,1,2,3,1
3.0,3.0,4.0,4.0,4.0,4.0,2.0,3.0,2.0,4,4,3,4,4,4,4,2,2,4,3,3
3.0,2.0,4.0,3.0,4.0,4.0,2.0,4.0,4.0,3,4,3,3,2,3,1,1,3,1,2,1
2.0,2.0,2.0,3.0,3.0,3.0,2.0,3.0,2.0,2,2,2,2,1,1,1,1,1,1,1,1
,,,,,,,,,3,4,4,3,1,2,1,1,2,1,4,1
3.0,3.0,4.0,4.0,3.0,4.0,3.0,4.0,2.0,3,3,3,3,2,2,3,3,3,3,4,3
2.0,2.0,3.0,3.0,2.0,3.0,2.0,3.0,2.0,2,3,3,2,2,2,2,2,2,3,2,1
,,,,,,,,,2,3,4,4,2,2,1,1,1,2,1,1
3.0,2.0,4.0,4.0,4.0,4.0,3.0,4.0,3.0,3,4,4,4,1,4,1,1,1,1,1,1
4.0,3.0,3.0,3.0,4.0,3.0,4.0,4.0,2.0,2,4,4,3,1,2,1,1,3,1,3,1
4.0,3.0,4.0,4.0,3.0,2.0,3.0,2.0,2.0,2,3,4,3,1,3,1,1,2,3,2,1
3.0,2.0,4.0,4.0,3.0,2.0,2.0,2.0,2.0,1,1,1,1,2,2,2,2,2,2,2,2
2.0,2.0,4.0,3.0,3.0,4.0,3.0,3.0,3.0,1,2,3,2,2,2,2,2,2,3,3,1
2.0,2.0,2.0,4.0,2.0,1.0,2.0,1.0,2.0,2,2,2,2,2,1,3,1,3,1,1,1
,,,,,,,,,4,4,4,4,4,4,4,4,4,4,4,4
2.0,1.0,2.0,3.0,4.0,4.0,3.0,4.0,3.0,2,2,2,2,1,2,1,1,1,1,2,1
4.0,1.0,4.0,2.0,4.0,3.0,3.0,4.0,2.0,4,3,2,2,1,4,3,1,1,1,3,2
1.0,1.0,1.0,1.0,1.0,1.0,1.0,1.0,1.0,1,1,1,1,1,1,1,1,1,1,1,1
4.0,3.0,4.0,4.0,3.0,4.0,3.0,4.0,3.0,3,4,4,3,3,1,1,1,2,2,2,1
1.0,1.0,2.0,2.0,3.0,4.0,1.0,3.0,2.0,3,3,3,3,2,3,1,1,2,1,1,1
2.0,2.0,4.0,3.0,3.0,3.0,2.0,4.0,2.0,4,3,3,3,2,2,2,2,2,2,2,2
3.0,3.0,3.0,4.0,3.0,3.0,3.0,3.0,2.0,2,3,3,3,1,1,2,1,2,1,1,1
2.0,2.0,2.0,2.0,2.0,2.0,2.0,2.0,2.0,2,2,2,2,2,2,2,2,2,2,2,2
3.0,2.0,4.0,4.0,3.0,3.0,2.0,2.0,2.0,2,3,3,3,1,2,1,1,1,1,1,1
4.0,3.0,4.0,4.0,2.0,4.0,3.0,3.0,2.0,3,4,3,3,1,1,1,1,1,1,1,1
2.0,2.0,3.0,3.0,2.0,3.0,2.0,2.0,2.0,1,3,2,2,2,2,2,1,1,1,3,2
3.0,1.0,2.0,3.0,4.0,3.0,2.0,2.0,2.0,1,3,3,4,3,3,2,2,2,1,1,1
,,,,,,,,,3,3,3,3,3,3,3,3,3,3,3,3
2.0,2.0,3.0,4.0,2.0,3.0,2.0,3.0,1.0,3,3,3,2,1,1,1,2,2,2,2,3
2.0,2.0,3.0,2.0,2.0,2.0,2.0,3.0,2.0,2,3,3,2,1,2,1,1,1,1,1,1
3.0,3.0,3.0,2.0,3.0,4.0,2.0,4.0,2.0,2,2,2,3,1,1,1,1,1,1,1,1
1.0,1.0,1.0,2.0,2.0,2.0,2.0,2.0,2.0,2,2,1,2,1,2,2,2,2,2,1,1
2.0,3.0,3.0,3.0,3.0,4.0,2.0,4.0,3.0,2,3,3,2,1,2,2,2,2,3,2,2
3.0,3.0,4.0,4.0,3.0,4.0,2.0,3.0,2.0,3,4,4,3,1,2,1,1,1,1,3,1
2.0,2.0,3.0,3.0,3.0,2.0,2.0,4.0,2.0,2,1,2,3,3,2,2,1,2,3,2,1
3.0,2.0,4.0,3.0,4.0,3.0,2.0,4.0,3.0,2,3,3,3,2,3,2,1,2,3,1,4
4.0,1.0,4.0,4.0,3.0,3.0,3.0,4.0,1.0,2,4,4,4,4,1,1,1,1,1,1,1
2.0,2.0,2.0,1.0,1.0,1.0,2.0,1.0,1.0,1,1,1,1,1,1,1,1,1,1,1,2
4.0,3.0,4.0,4.0,3.0,4.0,3.0,3.0,2.0,4,4,4,4,3,3,1,1,1,1,1,1
3.0,1.0,3.0,2.0,3.0,3.0,2.0,2.0,1.0,1,1,1,1,1,1,3,1,2,1,2,1
1.0,3.0,2.0,1.0,1.0,2.0,2.0,3.0,2.0,2,2,2,1,1,2,1,3,2,2,3,1
3.0,2.0,3.0,2.0,2.0,3.0,2.0,4.0,2.0,4,3,3,2,1,1,1,1,2,2,2,1
3.0,2.0,2.0,2.0,4.0,4.0,4.0,4.0,3.0,3,3,3,4,1,2,1,2,2,1,3,1
1.0,1.0,1.0,2.0,1.0,1.0,1.0,1.0,1.0,1,1,1,1,1,1,1,1,1,1,1,1
2.0,2.0,2.0,2.0,2.0,3.0,2.0,2.0,2.0,2,2,2,2,2,2,2,2,2,2,2,2
3.0,2.0,3.0,3.0,4.0,4.0,2.0,4.0,3.0,2,4,3,4,2,3,1,1,2,3,1,1
2.0,2.0,2.0,4.0,3.0,4.0,2.0,4.0,2.0,2,2,2,3,1,1,1,1,1,1,1,1
1.0,1.0,2.0,2.0,1.0,1.0,1.0,1.0,1.0,1,1,1,1,1,1,1,1,1,1,1,1
2.0,2.0,3.0,3.0,3.0,3.0,3.0,3.0,2.0,3,3,3,2,2,1,2,1,3,2,1,1
2.0,2.0,3.0,4.0,3.0,4.0,4.0,3.0,2.0,3,3,3,2,2,3,1,1,2,2,3,1
2.0,2.0,2.0,3.0,3.0,4.0,3.0,4.0,2.0,2,2,2,2,1,2,1,2,1,1,2,1
3.0,3.0,4.0,2.0,3.0,2.0,3.0,3.0,2.0,2,3,2,2,1,1,2,3,2,2,3,2
3.0,2.0,4.0,3.0,1.0,1.0,1.0,2.0,2.0,1,1,2,2,2,1,1,4,1,2,2,3
2.0,2.0,3.0,2.0,3.0,3.0,2.0,3.0,2.0,3,3,3,3,2,2,2,2,3,2,2,2
2.0,2.0,3.0,2.0,3.0,3.0,2.0,3.0,2.0,4,4,4,4,1,1,1,1,1,3,1,1
2.0,2.0,2.0,3.0,3.0,3.0,4.0,4.0,3.0,3,2,2,2,1,2,1,1,1,1,2,1
3.0,2.0,3.0,3.0,2.0,3.0,3.0,3.0,2.0,3,3,2,3,2,2,2,3,3,3,3,3
2.0,3.0,4.0,4.0,4.0,4.0,3.0,3.0,1.0,3,4,4,4,1,2,2,1,1,1,1,1
2.0,1.0,2.0,2.0,2.0,2.0,2.0,4.0,2.0,1,2,2,2,2,4,2,2,2,1,2,2
1.0,1.0,2.0,1.0,2.0,1.0,2.0,1.0,2.0,1,1,1,1,1,1,1,1,1,1,1,1
2.0,2.0,2.0,3.0,3.0,3.0,4.0,3.0,2.0,3,3,2,2,1,3,2,1,1,1,4,1
2.0,2.0,2.0,3.0,3.0,4.0,2.0,4.0,3.0,3,3,3,3,1,1,1,1,1,1,1,1
2.0,1.0,2.0,3.0,2.0,1.0,3.0,4.0,1.0,2,2,2,2,1,2,1,1,2,1,2,1
4.0,4.0,4.0,4.0,4.0,4.0,4.0,4.0,2.0,3,4,4,4,2,2,2,2,3,2,2,2
2.0,2.0,2.0,4.0,4.0,4.0,3.0,4.0,2.0,3,3,3,3,1,1,1,2,3,1,2,1
2.0,2.0,2.0,3.0,3.0,3.0,2.0,3.0,2.0,2,2,2,4,2,2,1,2,2,2,2,2
3.0,3.0,4.0,4.0,3.0,2.0,2.0,3.0,2.0,2,3,4,2,2,2,3,1,1,1,3,2
2.0,2.0,2.0,2.0,4.0,4.0,3.0,4.0,3.0,3,2,1,3,1,1,1,1,1,1,1,1
3.0,2.0,4.0,4.0,4.0,4.0,3.0,4.0,4.0,4,4,4,4,2,2,1,1,2,2,1,1
4.0,2.0,4.0,2.0,4.0,4.0,3.0,4.0,2.0,2,3,3,1,3,2,2,1,1,2,2,2
3.0,2.0,3.0,3.0,3.0,3.0,2.0,3.0,2.0,2,3,2,3,3,3,1,1,1,1,2,1
2.0,2.0,3.0,2.0,3.0,4.0,2.0,4.0,2.0,2,3,3,4,1,1,1,1,1,1,1,1
2.0,2.0,2.0,2.0,2.0,3.0,2.0,3.0,2.0,2,2,2,2,2,2,2,2,2,2,2,2
2.0,2.0,3.0,3.0,4.0,4.0,2.0,4.0,2.0,2,2,3,3,2,2,1,1,1,1,1,1
,,,,,,,,,2,2,2,2,1,1,1,1,2,2,1,1
2.0,3.0,1.0,1.0,2.0,3.0,2.0,4.0,1.0,1,2,1,2,1,1,1,1,1,2,2,1
2.0,2.0,3.0,3.0,2.0,3.0,2.0,3.0,2.0,2,3,2,2,1,1,1,1,1,1,1,1
2.0,1.0,3.0,4.0,4.0,4.0,2.0,4.0,3.0,1,2,2,2,2,1,1,2,1,2,3,1
4.0,2.0,4.0,4.0,4.0,4.0,4.0,4.0,2.0,1,4,4,4,3,1,2,1,2,3,3,2
2.0,2.0,3.0,3.0,4.0,4.0,3.0,4.0,2.0,2,3,4,4,1,2,1,1,1,1,2,1
1.0,1.0,1.0,2.0,1.0,2.0,1.0,2.0,1.0,2,1,2,1,2,2,1,2,2,2,2,2
2.0,2.0,4.0,3.0,4.0,3.0,1.0,2.0,1.0,4,3,3,3,1,2,1,1,1,1,1,2
1.0,2.0,2.0,1.0,1.0,2.0,1.0,1.0,2.0,2,1,1,2,2,2,2,2,2,1,2,2
2.0,2.0,2.0,2.0,2.0,2.0,2.0,2.0,2.0,2,2,2,2,2,2,2,2,2,2,2,2
2.0,2.0,4.0,3.0,3.0,3.0,2.0,3.0,2.0,2,3,3,2,1,2,1,1,1,1,1,1
3.0,3.0,3.0,2.0,2.0,4.0,4.0,2.0,3.0,2,3,2,3,3,2,3,2,3,2,2,3
,,,,,,,,,2,3,3,2,1,2,1,1,2,2,4,3
2.0,2.0,3.0,3.0,3.0,3.0,4.0,3.0,3.0,2,3,3,3,3,2,3,2,3,3,2,2
2.0,2.0,2.0,2.0,2.0,2.0,2.0,2.0,2.0,2,2,2,2,2,2,2,2,2,2,2,2
4.0,4.0,4.0,4.0,4.0,4.0,4.0,3.0,2.0,3,4,4,3,1,1,1,1,1,1,1,1
2.0,2.0,3.0,2.0,2.0,2.0,2.0,2.0,2.0,3,3,3,3,1,1,2,2,2,2,2,1
3.0,2.0,2.0,3.0,3.0,3.0,2.0,3.0,2.0,1,2,2,3,1,2,1,1,1,1,2,1
1.0,1.0,2.0,2.0,3.0,2.0,1.0,2.0,3.0,1,1,1,1,2,2,2,2,2,2,2,2
,,,,,,,,,2,2,2,2,2,2,2,2,2,2,2,2
1.0,2.0,4.0,3.0,2.0,3.0,1.0,3.0,1.0,3,3,3,3,2,2,2,1,2,3,2,1
3.0,3.0,4.0,4.0,4.0,4.0,2.0,4.0,2.0,2,3,2,3,1,3,2,1,1,1,1,1
1.0,1.0,1.0,2.0,3.0,4.0,2.0,3.0,2.0,2,3,4,1,2,3,1,1,2,1,1,1
3.0,3.0,2.0,2.0,4.0,3.0,2.0,4.0,1.0,2,2,2,2,1,1,1,2,2,1,2,1
2.0,2.0,3.0,2.0,3.0,2.0,3.0,3.0,3.0,3,2,3,3,3,3,3,2,3,3,2,3
2.0,2.0,3.0,4.0,4.0,3.0,2.0,3.0,3.0,2,3,3,4,2,1,2,2,1,2,3,2
3.0,3.0,3.0,2.0,2.0,3.0,2.0,3.0,2.0,3,4,3,3,1,1,3,1,2,4,1,1
2.0,2.0,3.0,3.0,3.0,4.0,2.0,3.0,2.0,3,3,3,4,1,2,3,1,3,2,2,1
2.0,2.0,3.0,3.0,3.0,3.0,2.0,3.0,2.0,2,3,3,3,2,2,2,2,2,2,2,1
3.0,3.0,4.0,4.0,4.0,4.0,3.0,4.0,2.0,2,4,3,2,1,2,2,2,2,2,2,2
,,,,,,,,,3,3,3,3,2,2,2,2,2,2,2,2
2.0,2.0,2.0,2.0,2.0,2.0,2.0,2.0,2.0,2,2,2,2,1,2,2,1,2,1,2,1
2.0,2.0,3.0,3.0,3.0,3.0,2.0,4.0,2.0,2,2,3,2,1,1,1,2,2,1,2,1
4.0,3.0,4.0,4.0,2.0,2.0,3.0,2.0,2.0,4,4,4,3,2,1,4,1,1,2,1,4
,,,,,,,,,2,3,3,2,2,3,4,4,4,4,4,4
3.0,1.0,4.0,2.0,2.0,3.0,2.0,3.0,3.0,2,2,4,3,1,1,1,2,1,1,1,1
2.0,2.0,2.0,2.0,4.0,3.0,2.0,4.0,2.0,3,2,2,2,1,2,1,1,1,1,1,1
3.0,2.0,4.0,3.0,4.0,4.0,2.0,4.0,2.0,3,4,3,3,1,2,1,3,2,1,3,1
4.0,4.0,4.0,4.0,4.0,4.0,4.0,4.0,4.0,3,2,4,2,1,1,1,1,1,1,1,1
,,,,,,,,,3,4,4,3,1,2,2,2,2,2,2,1
2.0,2.0,2.0,3.0,2.0,3.0,2.0,3.0,2.0,2,2,2,2,2,2,2,2,2,2,4,2
3.0,1.0,2.0,3.0,4.0,2.0,2.0,1.0,3.0,2,2,1,4,2,1,1,4,2,2,2,3
3.0,2.0,3.0,2.0,2.0,2.0,1.0,2.0,2.0,2,3,3,2,1,3,3,1,1,3,1,1
2.0,2.0,2.0,2.0,2.0,2.0,2.0,2.0,2.0,2,2,2,2,2,2,2,2,2,3,2,2
2.0,2.0,3.0,4.0,3.0,4.0,2.0,4.0,2.0,2,3,3,3,1,1,1,2,2,1,2,1
3.0,1.0,3.0,1.0,3.0,2.0,3.0,2.0,2.0,2,3,1,3,1,3,1,1,1,1,1,1
2.0,3.0,2.0,3.0,3.0,3.0,3.0,3.0,2.0,2,3,3,2,2,3,2,2,3,3,2,3
3.0,3.0,3.0,3.0,3.0,3.0,3.0,4.0,2.0,3,3,3,2,1,1,1,1,1,1,3,1
3.0,3.0,4.0,3.0,2.0,3.0,3.0,3.0,2.0,2,4,3,3,2,2,2,1,2,2,2,2
3.0,2.0,3.0,3.0,4.0,4.0,3.0,3.0,2.0,3,3,2,2,2,3,3,3,3,2,3,3
2.0,2.0,2.0,3.0,3.0,3.0,2.0,3.0,2.0,2,2,3,3,2,2,2,2,2,2,3,2
2.0,2.0,4.0,3.0,3.0,3.0,3.0,3.0,2.0,3,4,4,2,1,1,1,1,1,1,4,1
2.0,3.0,4.0,4.0,3.0,4.0,2.0,3.0,2.0,3,3,4,2,2,1,1,1,1,3,2,1
3.0,3.0,3.0,2.0,3.0,3.0,2.0,2.0,2.0,3,3,3,3,2,2,1,1,1,1,1,1
2.0,2.0,3.0,3.0,4.0,4.0,2.0,3.0,2.0,2,3,3,3,2,2,1,1,1,1,1,1
3.0,3.0,3.0,3.0,3.0,4.0,3.0,4.0,2.0,3,4,3,2,2,2,1,1,3,1,2,1
2.0,2.0,4.0,2.0,2.0,4.0,2.0,4.0,2.0,3,4,4,4,2,3,1,1,1,1,1,1
2.0,2.0,3.0,2.0,2.0,4.0,2.0,3.0,2.0,2,3,3,3,1,1,1,1,2,1,1,1
4.0,2.0,4.0,4.0,4.0,4.0,3.0,4.0,3.0,3,4,4,4,3,3,1,2,3,3,4,2
3.0,2.0,4.0,4.0,4.0,4.0,3.0,4.0,1.0,2,2,2,2,1,2,1,2,2,1,4,1
2.0,2.0,3.0,2.0,4.0,4.0,3.0,3.0,2.0,2,2,2,2,2,2,2,2,2,2,2,1
4.0,4.0,4.0,4.0,4.0,4.0,3.0,3.0,2.0,4,4,4,4,3,2,2,1,2,1,1,1
,,,,,,,,,3,4,3,2,1,1,2,1,2,2,3,1
3.0,3.0,4.0,2.0,3.0,4.0,2.0,3.0,2.0,2,3,3,3,2,1,2,1,2,2,1,2
2.0,2.0,3.0,2.0,3.0,3.0,2.0,3.0,2.0,3,3,3,3,3,3,2,1,1,2,2,1
3.0,2.0,3.0,2.0,2.0,1.0,2.0,2.0,2.0,3,3,3,3,2,2,2,2,2,2,2,2
2.0,2.0,3.0,2.0,4.0,4.0,2.0,4.0,2.0,2,3,2,4,1,2,1,1,2,1,1,1
2.0,1.0,1.0,2.0,1.0,2.0,2.0,1.0,2.0,2,2,1,1,1,2,1,2,1,2,2,1
3.0,3.0,3.0,3.0,3.0,3.0,3.0,3.0,3.0,2,2,3,3,1,2,3,1,2,2,2,2
3.0,2.0,3.0,4.0,4.0,3.0,2.0,4.0,2.0,2,3,3,3,1,4,1,1,1,1,1,1
,,,,,,,,,4,4,4,4,1,1,1,1,1,1,1,1
2.0,2.0,3.0,4.0,3.0,3.0,2.0,3.0,2.0,2,4,2,3,1,2,1,1,2,1,3,1
4.0,2.0,4.0,3.0,3.0,3.0,2.0,3.0,2.0,3,3,2,2,2,3,2,1,1,2,2,2
3.0,2.0,4.0,4.0,4.0,3.0,2.0,4.0,2.0,2,3,3,3,2,2,2,1,1,2,1,2
,,,,,,,,,4,3,3,3,4,4,4,4,4,4,4,4
2.0,2.0,2.0,3.0,3.0,4.0,3.0,4.0,3.0,2,2,3,2,1,2,2,2,2,2,2,2
3.0,2.0,3.0,4.0,4.0,3.0,2.0,3.0,3.0,2,2,3,3,1,2,1,1,1,2,2,1
2.0,2.0,3.0,3.0,3.0,3.0,2.0,2.0,2.0,2,2,2,4,1,2,2,1,1,1,2,1
3.0,2.0,3.0,3.0,3.0,4.0,2.0,3.0,2.0,1,2,2,2,1,2,2,1,1,3,3,1
,,,,,,,,,3,2,2,2,2,2,2,2,2,2,2,2
2.0,2.0,3.0,3.0,3.0,3.0,2.0,3.0,2.0,3,3,2,3,2,2,2,2,2,3,2,2
2.0,1.0,2.0,2.0,2.0,4.0,1.0,4.0,2.0,2,2,2,2,1,1,1,1,1,1,1,1
3.0,1.0,3.0,3.0,4.0,4.0,2.0,4.0,3.0,2,2,2,2,1,2,1,1,1,1,2,1
3.0,1.0,3.0,2.0,3.0,2.0,2.0,2.0,2.0,2,3,3,2,1,1,1,1,1,2,1,1
3.0,2.0,4.0,4.0,2.0,2.0,3.0,2.0,1.0,1,1,1,1,1,3,2,3,2,2,2,2
,,,,,,,,,2,2,2,2,2,2,2,2,2,2,2,2
2.0,2.0,3.0,2.0,2.0,2.0,2.0,3.0,2.0,2,2,2,3,2,2,2,2,2,2,2,2
2.0,3.0,4.0,3.0,2.0,3.0,2.0,3.0,1.0,2,2,2,2,1,1,1,1,1,1,1,1
1.0,1.0,3.0,2.0,3.0,3.0,2.0,2.0,2.0,3,2,2,3,1,2,1,1,2,2,3,1
3.0,3.0,3.0,3.0,3.0,3.0,3.0,3.0,3.0,2,2,2,2,1,2,1,1,1,1,1,1
2.0,2.0,2.0,2.0,3.0,3.0,2.0,3.0,2.0,3,3,3,3,2,2,2,2,2,2,2,2
2.0,2.0,3.0,3.0,4.0,3.0,3.0,3.0,3.0,3,2,2,2,2,2,2,2,2,3,2,2
4.0,2.0,3.0,3.0,3.0,2.0,2.0,4.0,2.0,2,4,4,2,2,1,1,1,1,1,2,1
2.0,2.0,3.0,3.0,3.0,2.0,2.0,3.0,2.0,2,2,2,2,2,2,2,2,2,3,2,3
1.0,1.0,1.0,1.0,1.0,1.0,1.0,1.0,1.0,1,1,2,2,1,1,2,1,1,1,1,1
3.0,2.0,4.0,3.0,3.0,4.0,2.0,3.0,2.0,2,3,3,3,2,2,2,1,1,1,1,1
,,,,,,,,,2,2,4,2,2,2,1,1,1,1,1,1
2.0,2.0,2.0,2.0,2.0,2.0,1.0,2.0,1.0,3,2,2,2,2,2,2,2,3,2,2,2
3.0,2.0,2.0,2.0,2.0,3.0,2.0,2.0,2.0,1,2,2,3,2,1,1,1,1,2,1,1
1.0,2.0,4.0,3.0,3.0,4.0,2.0,4.0,2.0,3,2,1,2,1,1,1,1,1,1,1,1
3.0,3.0,4.0,3.0,4.0,3.0,3.0,3.0,2.0,3,1,1,3,1,1,1,1,3,2,1,1
,,,,,,,,,3,3,3,3,2,2,2,2,2,2,2,2
1.0,2.0,3.0,3.0,3.0,4.0,2.0,4.0,1.0,3,3,3,4,1,1,1,1,2,1,2,1
4.0,2.0,4.0,4.0,4.0,4.0,4.0,4.0,4.0,4,4,4,4,2,2,1,1,1,3,1,1
1.0,2.0,1.0,1.0,2.0,1.0,1.0,2.0,2.0,2,2,2,1,2,2,3,1,1,1,2,2
2.0,3.0,3.0,2.0,2.0,2.0,3.0,3.0,1.0,2,3,2,3,2,2,2,2,2,2,2,1
3.0,2.0,3.0,3.0,3.0,2.0,3.0,3.0,2.0,2,2,3,2,2,2,2,2,2,2,2,2
4.0,4.0,4.0,4.0,4.0,4.0,2.0,3.0,2.0,2,2,2,2,1,2,1,1,1,1,1,1
3.0,3.0,3.0,3.0,3.0,3.0,3.0,4.0,2.0,2,3,4,3,1,2,1,1,1,2,1,1
2.0,2.0,2.0,2.0,2.0,3.0,2.0,2.0,2.0,1,1,1,1,1,1,1,1,1,1,1,1
3.0,2.0,3.0,3.0,4.0,4.0,3.0,3.0,2.0,3,3,2,3,1,1,1,2,1,1,1,1
,,,,,,,,,2,2,4,2,2,2,2,2,3,2,3,2
4.0,2.0,3.0,3.0,3.0,3.0,3.0,4.0,2.0,2,2,2,2,2,2,1,2,2,2,3,2
2.0,2.0,3.0,3.0,3.0,3.0,2.0,3.0,1.0,3,3,3,3,1,2,1,1,2,2,2,1
2.0,2.0,3.0,3.0,4.0,4.0,2.0,4.0,3.0,2,3,1,4,1,2,1,1,1,2,1,1
,,,,,,,,,2,2,2,2,1,1,1,1,1,1,1,1
2.0,2.0,2.0,2.0,3.0,4.0,2.0,3.0,2.0,2,3,3,3,2,1,1,1,1,1,1,1
1.0,2.0,4.0,4.0,4.0,4.0,2.0,1.0,1.0,2,4,4,2,2,1,2,1,3,4,2,1
,,,,,,,,,3,3,3,2,2,3,2,1,3,4,1,1
3.0,2.0,4.0,4.0,3.0,3.0,2.0,3.0,2.0,3,4,4,3,1,2,1,1,2,2,2,3
1.0,1.0,1.0,2.0,3.0,2.0,2.0,1.0,1.0,1,1,1,1,1,1,2,1,1,1,1,2
4.0,2.0,4.0,4.0,2.0,3.0,2.0,3.0,2.0,2,2,2,2,1,2,1,1,1,1,1,1
2.0,2.0,2.0,3.0,4.0,4.0,3.0,3.0,3.0,1,1,1,4,2,4,1,1,1,1,3,1
1.0,2.0,3.0,4.0,2.0,2.0,1.0,4.0,2.0,4,1,2,1,2,1,4,1,1,4,4,1
2.0,3.0,3.0,2.0,2.0,4.0,2.0,4.0,2.0,4,4,4,4,1,3,1,1,2,1,2,1
2.0,2.0,4.0,4.0,2.0,3.0,2.0,3.0,2.0,2,2,3,3,2,2,2,2,2,2,2,2
2.0,2.0,3.0,3.0,3.0,4.0,2.0,3.0,2.0,3,3,3,3,1,1,2,1,2,2,1,2
3.0,2.0,4.0,4.0,3.0,4.0,2.0,3.0,3.0,1,4,4,4,4,3,4,1,2,3,4,4
2.0,1.0,3.0,1.0,3.0,4.0,1.0,4.0,3.0,2,3,3,4,1,1,1,1,1,1,1,1
1.0,4.0,2.0,4.0,4.0,4.0,2.0,4.0,2.0,2,2,2,3,1,1,1,2,2,1,2,1
2.0,2.0,2.0,3.0,3.0,4.0,2.0,4.0,3.0,2,2,2,1,2,3,1,1,2,1,2,1
2.0,2.0,3.0,2.0,3.0,3.0,2.0,3.0,2.0,2,3,3,3,2,2,1,1,1,2,1,1
3.0,3.0,3.0,3.0,3.0,3.0,3.0,3.0,2.0,2,2,2,2,1,1,1,1,1,2,1,1
2.0,2.0,3.0,3.0,2.0,3.0,2.0,4.0,2.0,2,2,2,3,2,3,1,1,1,1,1,3
3.0,2.0,4.0,4.0,3.0,2.0,2.0,3.0,1.0,2,3,3,2,2,2,2,1,1,2,2,2
2.0,2.0,2.0,2.0,4.0,2.0,3.0,4.0,4.0,1,3,2,2,1,2,1,2,1,1,4,2
2.0,2.0,4.0,2.0,2.0,2.0,4.0,3.0,3.0,3,4,4,4,1,2,1,1,4,4,3,1
2.0,2.0,3.0,2.0,3.0,3.0,2.0,3.0,2.0,3,3,3,2,1,1,1,1,1,1,1,1
,,,,,,,,,2,3,3,3,2,2,2,2,2,2,2,2
2.0,2.0,2.0,2.0,2.0,2.0,2.0,2.0,2.0,1,1,1,1,1,1,1,1,1,1,1,1
2.0,2.0,2.0,2.0,3.0,4.0,2.0,4.0,2.0,3,3,3,4,1,2,1,1,1,1,1,1
2.0,2.0,3.0,3.0,3.0,4.0,2.0,3.0,2.0,3,3,3,2,2,2,2,2,2,2,3,2
4.0,4.0,4.0,4.0,4.0,3.0,2.0,4.0,4.0,2,2,2,2,3,3,3,2,1,2,1,2
3.0,2.0,3.0,4.0,4.0,4.0,4.0,4.0,3.0,1,2,3,2,1,1,1,2,3,4,2,1
2.0,2.0,3.0,2.0,2.0,3.0,2.0,4.0,2.0,3,3,3,2,1,1,1,1,1,1,1,1
,,,,,,,,,3,4,4,2,3,4,3,3,4,3,3,4
3.0,3.0,4.0,4.0,4.0,4.0,4.0,2.0,3.0,2,4,4,2,2,1,2,1,2,1,1,2
2.0,2.0,4.0,2.0,3.0,3.0,2.0,4.0,1.0,2,3,3,3,2,2,2,2,3,3,3,3
2.0,2.0,2.0,3.0,2.0,3.0,2.0,3.0,2.0,4,3,2,3,3,4,2,1,1,4,4,2
3.0,3.0,3.0,2.0,2.0,4.0,2.0,3.0,2.0,2,2,2,2,1,2,2,2,2,1,2,2
2.0,2.0,2.0,3.0,3.0,4.0,3.0,4.0,2.0,2,3,3,4,1,1,1,1,2,1,2,1
3.0,3.0,4.0,3.0,4.0,4.0,2.0,3.0,2.0,2,3,3,4,2,1,2,1,1,1,1,2
,,,,,,,,,4,4,4,3,1,1,1,2,1,1,4,1
2.0,2.0,1.0,2.0,2.0,1.0,1.0,1.0,2.0,1,2,1,2,3,3,2,1,2,2,1,3
1.0,1.0,3.0,3.0,2.0,2.0,2.0,2.0,1.0,1,1,2,1,1,1,3,1,2,1,2,2
3.0,3.0,4.0,2.0,2.0,3.0,2.0,4.0,2.0,2,4,3,2,2,1,1,1,2,1,1,1
3.0,3.0,3.0,3.0,3.0,4.0,2.0,4.0,3.0,2,2,3,3,2,1,2,1,2,1,2,1
2.0,1.0,1.0,2.0,1.0,1.0,2.0,2.0,2.0,1,2,1,1,2,1,1,1,2,2,3,2
2.0,3.0,3.0,2.0,3.0,4.0,2.0,4.0,2.0,2,3,3,2,2,2,1,1,1,1,1,1
1.0,2.0,3.0,2.0,2.0,3.0,2.0,4.0,1.0,2,3,3,2,3,2,1,1,1,1,2,2
,,,,,,,,,3,2,2,2,2,3,2,2,3,2,2,2
2.0,2.0,2.0,2.0,2.0,2.0,2.0,2.0,2.0,4,3,2,4,1,1,1,1,1,1,1,1
3.0,2.0,3.0,3.0,3.0,2.0,2.0,3.0,1.0,2,3,3,2,1,2,2,1,2,2,2,2
2.0,2.0,3.0,2.0,2.0,3.0,2.0,2.0,1.0,1,2,3,2,2,2,1,2,2,3,2,3
2.0,3.0,3.0,3.0,3.0,4.0,3.0,4.0,3.0,3,3,4,4,1,2,2,2,2,1,2,1
2.0,2.0,3.0,2.0,2.0,3.0,2.0,2.0,1.0,2,2,3,2,1,1,1,1,1,1,2,1
,,,,,,,,,2,2,3,2,2,2,2,1,2,2,2,1
2.0,2.0,2.0,2.0,2.0,4.0,2.0,3.0,2.0,2,2,2,1,1,1,1,1,1,1,1,1
3.0,2.0,4.0,3.0,4.0,4.0,3.0,4.0,2.0,4,4,4,4,1,1,1,1,1,1,1,1
3.0,2.0,1.0,2.0,2.0,2.0,2.0,4.0,3.0,3,1,2,2,1,1,2,2,1,1,2,1
2.0,2.0,2.0,3.0,4.0,4.0,2.0,4.0,2.0,2,3,4,3,1,1,1,2,2,1,3,1
,,,,,,,,,2,2,2,2,2,2,2,2,2,2,3,2
2.0,2.0,4.0,4.0,3.0,2.0,4.0,4.0,3.0,2,3,2,4,1,3,1,1,1,1,1,2
,,,,,,,,,2,2,2,3,1,2,1,2,1,1,2,1
2.0,2.0,3.0,3.0,3.0,3.0,2.0,3.0,2.0,2,2,2,2,2,3,2,2,2,2,2,2
2.0,2.0,3.0,2.0,3.0,2.0,2.0,3.0,1.0,2,2,3,2,1,1,2,3,3,2,2,2
4.0,4.0,4.0,4.0,4.0,4.0,4.0,4.0,4.0,1,3,3,4,4,4,4,4,4,4,4,4
2.0,2.0,3.0,2.0,2.0,3.0,2.0,3.0,2.0,2,2,3,3,1,2,1,1,1,1,1,1
2.0,2.0,3.0,2.0,2.0,3.0,2.0,3.0,2.0,2,3,2,2,1,2,1,1,1,1,1,1
2.0,2.0,4.0,3.0,3.0,3.0,3.0,4.0,2.0,3,4,3,2,1,1,1,1,1,1,2,1
3.0,3.0,1.0,3.0,1.0,2.0,1.0,2.0,2.0,3,2,2,3,3,2,2,1,3,4,2,2
2.0,2.0,3.0,3.0,4.0,4.0,2.0,4.0,2.0,3,2,2,2,3,4,1,1,1,2,1,2
2.0,2.0,3.0,2.0,4.0,2.0,3.0,3.0,3.0,1,3,2,2,1,2,1,1,1,1,1,1
,,,,,,,,,2,2,2,2,2,2,3,2,2,2,4,2
2.0,2.0,2.0,2.0,4.0,4.0,2.0,4.0,3.0,2,2,2,3,2,2,1,1,1,1,1,1
2.0,1.0,2.0,1.0,3.0,1.0,2.0,3.0,4.0,3,2,2,1,2,2,3,1,1,3,4,4
2.0,2.0,3.0,3.0,3.0,3.0,2.0,2.0,2.0,2,2,2,3,1,1,1,1,2,1,1,1
4.0,1.0,1.0,3.0,2.0,2.0,3.0,1.0,1.0,3,2,1,2,4,2,2,1,2,3,3,1
3.0,2.0,2.0,2.0,3.0,3.0,3.0,3.0,2.0,2,2,2,4,2,2,3,2,2,2,2,2
2.0,4.0,4.0,3.0,4.0,4.0,4.0,4.0,4.0,2,4,4,2,1,2,1,1,1,2,1,1
2.0,2.0,3.0,2.0,3.0,4.0,2.0,4.0,1.0,2,3,3,3,1,1,2,1,1,2,1,2
2.0,2.0,3.0,4.0,4.0,4.0,2.0,3.0,2.0,1,2,2,3,1,1,1,1,2,1,2,1
2.0,2.0,2.0,3.0,3.0,3.0,3.0,3.0,3.0,3,3,3,3,3,3,3,3,3,3,3,3
1.0,1.0,1.0,2.0,2.0,2.0,1.0,3.0,3.0,1,1,2,2,2,2,1,1,1,1,1,3
,,,,,,,,,4,4,3,3,2,2,3,2,3,2,4,2
2.0,2.0,3.0,3.0,4.0,4.0,3.0,3.0,2.0,1,3,3,3,1,1,1,2,2,1,2,1
4.0,1.0,3.0,4.0,4.0,4.0,4.0,3.0,4.0,4,1,4,4,4,2,3,1,4,4,1,2
3.0,3.0,4.0,4.0,3.0,3.0,2.0,2.0,2.0,2,3,3,2,1,1,1,1,1,2,1,2
2.0,2.0,2.0,3.0,3.0,4.0,2.0,4.0,2.0,4,4,3,4,2,2,2,2,2,2,2,2
2.0,2.0,2.0,3.0,3.0,2.0,2.0,3.0,2.0,4,3,2,2,2,1,1,1,1,1,1,1
2.0,2.0,2.0,1.0,2.0,2.0,1.0,1.0,2.0,1,1,1,1,2,2,3,3,1,2,2,1
4.0,3.0,4.0,2.0,2.0,3.0,2.0,4.0,2.0,3,3,3,2,2,2,1,1,1,4,1,1
3.0,2.0,3.0,3.0,3.0,3.0,2.0,3.0,2.0,3,3,3,3,1,1,1,1,2,1,1,1
3.0,3.0,3.0,3.0,3.0,4.0,3.0,3.0,2.0,3,3,4,2,2,2,2,1,2,3,1,1
2.0,2.0,4.0,4.0,4.0,4.0,2.0,4.0,2.0,2,2,3,4,2,3,1,1,1,1,1,1
4.0,3.0,4.0,4.0,3.0,4.0,4.0,3.0,2.0,3,4,4,4,2,1,1,1,2,2,2,1
3.0,3.0,3.0,3.0,3.0,3.0,3.0,3.0,3.0,3,4,4,4,1,1,1,1,1,1,1,1
,,,,,,,,,2,3,3,2,2,3,1,1,1,1,2,1
2.0,2.0,3.0,2.0,3.0,3.0,2.0,3.0,3.0,4,4,3,3,2,3,2,2,2,2,2,2
3.0,2.0,3.0,3.0,2.0,3.0,2.0,3.0,2.0,3,3,3,2,2,2,2,1,2,1,1,3
2.0,2.0,3.0,2.0,3.0,3.0,2.0,3.0,2.0,2,2,3,2,1,1,2,1,1,1,1,1
2.0,2.0,3.0,3.0,3.0,4.0,3.0,4.0,2.0,3,3,3,1,1,1,1,1,1,1,1,1
2.0,3.0,4.0,3.0,4.0,4.0,3.0,4.0,2.0,3,4,4,3,2,3,2,2,2,2,2,1
2.0,1.0,2.0,2.0,3.0,3.0,2.0,3.0,2.0,2,3,3,3,2,2,2,1,2,1,1,1
3.0,2.0,4.0,4.0,3.0,4.0,2.0,3.0,2.0,3,3,3,2,1,2,2,2,2,1,2,1
3.0,3.0,4.0,4.0,2.0,2.0,3.0,4.0,2.0,1,2,3,3,1,1,1,1,1,2,2,2
3.0,4.0,4.0,4.0,3.0,4.0,4.0,3.0,2.0,1,1,4,1,1,1,1,1,1,1,1,1
2.0,2.0,2.0,3.0,3.0,3.0,2.0,4.0,2.0,3,3,3,1,1,2,1,1,1,1,2,1
2.0,2.0,3.0,3.0,3.0,3.0,2.0,3.0,3.0,2,3,3,3,2,2,2,2,2,2,2,2
3.0,1.0,2.0,3.0,2.0,1.0,3.0,1.0,3.0,1,2,1,2,2,1,3,2,2,1,3,2
2.0,1.0,2.0,3.0,3.0,4.0,2.0,4.0,3.0,2,2,2,4,1,2,2,2,2,1,3,1
1.0,2.0,1.0,1.0,2.0,1.0,2.0,3.0,1.0,3,3,3,4,2,1,1,2,1,1,2,1
3.0,2.0,4.0,4.0,4.0,4.0,2.0,3.0,2.0,2,4,4,3,1,2,1,1,1,1,1,1
2.0,2.0,3.0,3.0,3.0,3.0,2.0,3.0,2.0,2,2,2,2,2,2,2,2,2,2,2,2
1.0,2.0,2.0,1.0,1.0,1.0,1.0,1.0,1.0,1,2,1,1,3,2,1,1,2,1,1,2
,,,,,,,,,3,4,4,3,2,1,2,1,1,2,2,1
2.0,2.0,3.0,3.0,3.0,2.0,2.0,3.0,1.0,2,3,4,4,1,1,1,1,2,1,1,1
2.0,2.0,3.0,2.0,2.0,2.0,2.0,2.0,3.0,2,2,2,3,3,2,2,2,2,2,3,2
2.0,2.0,3.0,4.0,3.0,4.0,3.0,4.0,2.0,3,4,4,4,2,3,1,1,1,1,2,1
2.0,2.0,3.0,3.0,2.0,3.0,2.0,3.0,2.0,1,2,2,2,2,2,2,1,2,3,2,1
2.0,2.0,4.0,3.0,3.0,3.0,2.0,2.0,1.0,3,3,3,3,1,2,1,2,2,1,3,1
,,,,,,,,,2,3,3,3,1,1,2,2,2,2,2,2
2.0,2.0,3.0,3.0,3.0,3.0,2.0,4.0,2.0,2,3,3,3,2,2,1,1,1,1,2,1
4.0,4.0,4.0,4.0,4.0,4.0,4.0,4.0,4.0,4,4,4,4,1,1,4,1,2,1,2,2
2.0,2.0,3.0,3.0,3.0,3.0,2.0,3.0,2.0,2,3,3,3,3,3,2,2,3,3,3,3
,,,,,,,,,2,2,2,2,2,2,2,1,1,2,2,2
2.0,3.0,3.0,3.0,2.0,3.0,3.0,3.0,2.0,2,2,2,3,1,1,1,1,1,2,2,1
1.0,1.0,1.0,1.0,1.0,2.0,1.0,3.0,1.0,1,1,1,1,1,1,1,1,1,1,1,1
2.0,2.0,3.0,3.0,4.0,4.0,2.0,3.0,2.0,2,3,3,3,1,2,1,2,2,1,2,1
3.0,3.0,3.0,3.0,3.0,3.0,2.0,3.0,3.0,2,4,4,3,3,2,2,2,3,3,4,2
3.0,2.0,3.0,3.0,2.0,2.0,3.0,4.0,2.0,2,3,3,3,2,2,2,2,2,2,2,2
3.0,2.0,4.0,4.0,3.0,3.0,2.0,3.0,3.0,2,3,3,3,4,3,3,4,3,2,4,4
,,,,,,,,,2,2,2,2,2,3,2,2,2,2,2,2
4.0,3.0,4.0,3.0,3.0,3.0,2.0,3.0,3.0,2,4,4,3,3,3,2,1,3,3,1,2
2.0,2.0,3.0,3.0,3.0,3.0,2.0,3.0,3.0,2,3,3,3,1,1,1,1,1,1,1,1
2.0,2.0,3.0,4.0,4.0,4.0,4.0,4.0,2.0,3,3,3,3,1,1,1,1,2,1,1,1
1.0,2.0,2.0,3.0,2.0,1.0,2.0,2.0,1.0,1,2,2,1,1,2,1,1,1,3,1,2
2.0,2.0,3.0,3.0,3.0,3.0,3.0,3.0,2.0,1,2,4,3,1,1,1,1,2,1,1,2
2.0,2.0,2.0,3.0,3.0,3.0,2.0,4.0,3.0,3,3,3,3,1,2,1,2,2,2,2,1
2.0,2.0,2.0,2.0,3.0,3.0,2.0,3.0,2.0,2,2,2,3,1,1,2,1,2,1,2,2
2.0,3.0,3.0,4.0,3.0,2.0,2.0,3.0,2.0,3,2,2,3,1,3,1,1,1,1,2,1
2.0,2.0,3.0,3.0,3.0,4.0,2.0,3.0,2.0,2,2,2,3,1,1,1,1,1,1,1,1
3.0,2.0,3.0,3.0,2.0,3.0,3.0,3.0,2.0,3,2,3,3,2,3,2,3,3,2,3,2
2.0,2.0,2.0,3.0,4.0,4.0,2.0,4.0,3.0,2,2,2,3,1,2,1,2,2,1,2,1
2.0,2.0,3.0,3.0,2.0,4.0,2.0,4.0,2.0,3,3,3,3,2,2,2,1,1,1,1,1
3.0,3.0,3.0,3.0,3.0,4.0,2.0,3.0,2.0,2,3,3,4,1,1,1,2,2,1,3,1
,,,,,,,,,4,3,2,3,2,2,3,2,2,2,1,1
3.0,3.0,3.0,3.0,3.0,3.0,3.0,3.0,3.0,2,2,3,2,2,2,2,1,2,1,2,1
2.0,3.0,3.0,3.0,3.0,4.0,2.0,4.0,2.0,1,4,4,4,2,3,1,1,1,1,1,1
,,,,,,,,,3,3,4,3,2,2,2,2,2,2,2,2
3.0,3.0,4.0,4.0,3.0,3.0,2.0,3.0,2.0,2,3,4,3,2,2,2,2,2,1,2,1
2.0,2.0,2.0,2.0,2.0,3.0,2.0,3.0,2.0,2,2,2,2,1,1,1,1,1,2,1,1
3.0,3.0,4.0,3.0,3.0,3.0,2.0,4.0,3.0,3,3,3,4,3,2,1,1,1,1,1,1
2.0,1.0,2.0,2.0,2.0,2.0,2.0,4.0,1.0,1,3,2,2,2,2,1,1,1,1,1,1
4.0,2.0,3.0,4.0,4.0,4.0,2.0,4.0,3.0,4,4,4,4,1,4,1,1,1,1,2,1
3.0,1.0,3.0,2.0,3.0,4.0,3.0,3.0,2.0,2,4,3,2,1,2,1,1,2,1,1,1
4.0,4.0,4.0,4.0,4.0,4.0,2.0,4.0,4.0,2,2,2,2,1,1,1,1,1,1,1,1
3.0,2.0,2.0,4.0,2.0,4.0,3.0,4.0,2.0,2,2,2,3,1,1,1,2,2,2,2,1
,,,,,,,,,2,3,2,2,2,2,2,2,2,2,2,2
2.0,2.0,2.0,2.0,3.0,4.0,2.0,4.0,3.0,2,3,3,2,1,1,1,1,1,1,1,1
3.0,1.0,3.0,2.0,3.0,3.0,2.0,4.0,2.0,2,3,2,4,4,1,1,1,2,1,1,1
,,,,,,,,,2,3,3,3,2,1,1,1,1,1,1,1
,,,,,,,,,2,2,2,2,2,2,2,2,2,2,2,2
2.0,2.0,2.0,2.0,2.0,2.0,2.0,2.0,1.0,2,1,2,2,1,1,1,1,1,1,1,1
4.0,3.0,3.0,4.0,3.0,4.0,3.0,4.0,2.0,2,3,3,4,1,2,2,2,2,2,2,1
3.0,1.0,3.0,2.0,3.0,4.0,3.0,2.0,2.0,4,1,3,1,1,3,2,4,3,4,3,2
2.0,2.0,3.0,4.0,3.0,4.0,3.0,4.0,1.0,4,3,2,3,2,1,1,2,2,1,2,1
2.0,2.0,3.0,3.0,3.0,3.0,2.0,3.0,2.0,2,3,3,3,2,2,1,1,1,1,1,1
2.0,2.0,2.0,3.0,4.0,4.0,3.0,4.0,3.0,2,3,3,3,2,2,1,1,2,1,3,1
2.0,2.0,3.0,4.0,3.0,2.0,2.0,3.0,1.0,1,4,2,3,4,1,2,3,3,3,2,3
2.0,2.0,2.0,2.0,2.0,2.0,2.0,2.0,2.0,2,2,2,2,2,2,2,2,2,2,2,2
2.0,2.0,2.0,2.0,2.0,2.0,2.0,1.0,2.0,2,1,2,2,2,2,2,2,1,2,2,2
2.0,2.0,3.0,3.0,2.0,3.0,2.0,3.0,2.0,2,3,2,2,2,2,1,1,1,1,1,1
2.0,1.0,4.0,4.0,4.0,4.0,2.0,4.0,2.0,1,2,4,3,2,1,2,1,1,1,1,1
2.0,2.0,3.0,3.0,4.0,3.0,2.0,3.0,3.0,2,4,4,4,2,1,1,1,1,1,1,1
1.0,1.0,2.0,2.0,3.0,2.0,2.0,3.0,2.0,3,2,3,2,1,2,2,1,2,1,1,1
3.0,3.0,4.0,3.0,3.0,3.0,2.0,3.0,2.0,2,3,3,3,1,2,2,2,2,2,2,2
2.0,2.0,2.0,2.0,3.0,4.0,2.0,3.0,2.0,2,2,2,2,1,2,1,1,1,1,1,1
3.0,3.0,4.0,3.0,3.0,2.0,3.0,4.0,1.0,2,4,3,3,1,2,1,1,1,1,1,1
,,,,,,,,,2,3,3,3,2,2,2,2,3,2,3,3
2.0,2.0,3.0,3.0,2.0,3.0,3.0,3.0,2.0,3,2,2,2,1,1,2,1,1,2,2,1
3.0,2.0,3.0,3.0,3.0,3.0,3.0,3.0,1.0,2,3,3,3,2,2,1,2,1,4,3,1
2.0,2.0,3.0,3.0,4.0,3.0,2.0,4.0,2.0,1,2,3,3,1,1,1,1,1,2,2,1
3.0,2.0,4.0,4.0,3.0,2.0,4.0,4.0,3.0,3,2,2,4,1,3,3,1,1,3,1,2
1.0,1.0,2.0,3.0,3.0,3.0,3.0,2.0,1.0,3,2,3,1,4,3,3,4,3,4,3,4
2.0,2.0,4.0,3.0,2.0,2.0,2.0,4.0,3.0,2,2,2,2,2,2,1,1,2,2,1,1
2.0,2.0,3.0,2.0,3.0,2.0,2.0,2.0,3.0,3,3,3,2,1,1,1,1,1,1,1,1
,,,,,,,,,3,4,2,3,4,4,2,2,2,3,4,3
1.0,1.0,2.0,3.0,2.0,3.0,1.0,3.0,2.0,3,2,2,3,1,2,1,1,2,1,2,1
,,,,,,,,,3,3,3,3,2,2,1,2,2,2,2,1
1.0,1.0,1.0,1.0,1.0,2.0,1.0,1.0,1.0,1,1,1,1,1,1,1,1,1,1,1,1
3.0,3.0,4.0,2.0,3.0,3.0,2.0,3.0,2.0,3,3,4,4,2,1,1,1,1,2,1,1
2.0,2.0,3.0,2.0,1.0,3.0,2.0,4.0,2.0,3,3,1,4,1,4,3,2,3,2,2,3
2.0,3.0,3.0,3.0,3.0,3.0,2.0,3.0,2.0,2,3,3,4,2,2,1,1,1,1,1,1
2.0,2.0,3.0,3.0,3.0,3.0,2.0,3.0,2.0,2,4,3,3,1,1,1,1,1,1,1,1
2.0,2.0,3.0,2.0,3.0,4.0,2.0,3.0,2.0,3,3,3,3,1,1,1,1,2,2,2,1
2.0,2.0,2.0,2.0,2.0,3.0,2.0,2.0,2.0,2,3,2,3,2,2,2,2,3,3,2,2
,,,,,,,,,4,4,4,4,3,2,2,1,2,3,1,2
2.0,3.0,4.0,2.0,3.0,1.0,1.0,1.0,2.0,2,3,3,3,1,1,1,1,1,1,1,1
2.0,2.0,2.0,3.0,3.0,2.0,3.0,3.0,4.0,3,3,2,3,2,2,3,2,3,2,3,3
1.0,1.0,3.0,4.0,4.0,4.0,2.0,4.0,3.0,1,1,1,1,1,3,2,1,4,1,4,1
2.0,2.0,2.0,2.0,3.0,4.0,2.0,4.0,2.0,2,2,2,1,2,1,1,1,1,2,1,1
1.0,2.0,3.0,3.0,3.0,3.0,2.0,3.0,2.0,2,2,1,1,1,3,1,1,2,2,1,1
,,,,,,,,,2,4,4,4,2,2,2,1,1,1,1,1
2.0,3.0,3.0,3.0,3.0,3.0,2.0,3.0,2.0,3,3,3,2,2,3,1,1,1,1,2,1
1.0,1.0,3.0,2.0,2.0,2.0,3.0,3.0,1.0,3,3,2,3,1,1,1,1,1,1,1,1
2.0,2.0,2.0,3.0,2.0,3.0,1.0,2.0,2.0,1,3,2,3,3,2,2,3,2,2,1,2
3.0,2.0,3.0,3.0,2.0,3.0,2.0,3.0,2.0,2,3,4,3,2,2,2,1,1,2,3,1
3.0,2.0,3.0,3.0,2.0,4.0,2.0,3.0,2.0,2,3,4,3,1,1,1,2,2,2,2,1
3.0,2.0,4.0,2.0,3.0,3.0,2.0,4.0,2.0,2,4,3,3,4,4,2,1,2,2,2,1
2.0,1.0,3.0,3.0,2.0,3.0,3.0,3.0,2.0,2,4,3,2,1,1,2,1,1,1,3,1
,,,,,,,,,2,2,2,2,1,3,1,2,2,2,2,2
3.0,2.0,3.0,2.0,2.0,3.0,2.0,3.0,1.0,1,3,4,2,1,1,3,2,2,3,3,2
1.0,2.0,2.0,2.0,1.0,1.0,2.0,2.0,2.0,1,2,1,2,1,2,1,1,1,1,2,2
3.0,1.0,3.0,2.0,3.0,2.0,2.0,3.0,2.0,1,2,2,2,3,4,2,1,2,1,1,1
2.0,2.0,3.0,3.0,4.0,4.0,2.0,4.0,3.0,2,3,3,2,2,1,1,1,1,1,1,1
3.0,2.0,3.0,2.0,2.0,2.0,4.0,2.0,2.0,4,3,4,2,1,2,3,3,3,4,2,1
2.0,2.0,3.0,3.0,2.0,3.0,2.0,3.0,2.0,2,2,2,3,2,2,2,2,2,2,2,1
2.0,2.0,3.0,3.0,2.0,3.0,2.0,4.0,2.0,2,3,3,3,1,1,1,1,2,1,2,1
3.0,2.0,4.0,3.0,3.0,4.0,2.0,4.0,2.0,2,4,4,4,3,4,1,1,1,1,3,3
1.0,1.0,2.0,1.0,1.0,2.0,1.0,1.0,1.0,2,2,2,2,1,1,1,1,1,1,1,1
1.0,2.0,2.0,2.0,2.0,4.0,2.0,4.0,2.0,2,2,2,2,1,1,1,2,1,1,3,1
2.0,1.0,4.0,4.0,4.0,4.0,3.0,2.0,2.0,2,3,2,1,2,2,1,3,1,4,3,2
2.0,1.0,2.0,2.0,2.0,2.0,2.0,2.0,2.0,3,3,2,3,3,4,2,1,1,2,3,2
,,,,,,,,,2,3,3,3,2,2,2,1,1,1,3,2
,,,,,,,,,3,3,3,3,2,3,1,1,1,1,3,2
,,,,,,,,,3,3,3,3,3,2,3,3,3,1,3,3
4.0,1.0,1.0,4.0,4.0,4.0,1.0,4.0,1.0,1,1,1,4,2,4,1,1,1,1,1,1
2.0,2.0,2.0,2.0,3.0,3.0,2.0,4.0,3.0,1,2,2,3,3,3,2,1,2,2,1,1
1.0,3.0,2.0,1.0,2.0,1.0,1.0,1.0,2.0,1,1,3,1,2,2,1,1,1,3,3,1
2.0,2.0,2.0,2.0,2.0,2.0,2.0,2.0,2.0,1,1,1,1,1,1,1,1,1,1,1,1
1.0,2.0,1.0,2.0,2.0,1.0,1.0,1.0,1.0,2,2,1,1,1,2,2,2,2,2,2,1
2.0,1.0,3.0,2.0,3.0,4.0,1.0,4.0,2.0,2,3,2,3,1,3,1,1,1,1,1,1
4.0,4.0,4.0,4.0,4.0,4.0,3.0,4.0,2.0,1,3,4,4,1,1,1,1,1,1,1,1
2.0,2.0,1.0,2.0,3.0,4.0,2.0,4.0,3.0,2,2,2,3,1,1,1,1,2,2,3,2
2.0,1.0,2.0,2.0,3.0,4.0,2.0,4.0,2.0,3,4,4,4,1,1,1,1,2,2,2,1
4.0,2.0,3.0,3.0,4.0,4.0,3.0,3.0,2.0,3,3,3,3,1,2,2,1,2,2,2,1
3.0,2.0,3.0,3.0,3.0,4.0,2.0,4.0,2.0,2,3,3,4,2,2,2,1,2,3,3,2
2.0,2.0,3.0,3.0,3.0,4.0,2.0,4.0,2.0,2,3,3,3,1,1,1,1,1,1,2,1
2.0,2.0,2.0,2.0,4.0,3.0,2.0,4.0,2.0,3,3,3,3,2,2,1,1,1,1,1,1
2.0,2.0,3.0,3.0,4.0,2.0,2.0,3.0,2.0,2,3,2,2,2,2,2,1,1,1,1,1
2.0,2.0,4.0,2.0,3.0,3.0,2.0,4.0,2.0,3,3,4,2,2,2,1,1,2,1,1,1
2.0,1.0,4.0,1.0,4.0,3.0,1.0,3.0,1.0,3,1,2,2,3,3,2,4,4,4,2,3
2.0,2.0,2.0,2.0,2.0,2.0,2.0,1.0,2.0,2,2,3,2,2,1,2,2,1,1,2,1
2.0,2.0,3.0,3.0,3.0,3.0,2.0,3.0,2.0,2,2,3,3,1,2,1,1,1,1,1,1
2.0,2.0,3.0,3.0,4.0,4.0,2.0,4.0,2.0,2,2,2,2,2,3,2,2,2,1,2,1
,,,,,,,,,2,2,2,3,2,1,2,1,2,2,2,2
,,,,,,,,,2,2,2,2,1,1,2,2,2,3,2,2
2.0,3.0,3.0,4.0,3.0,4.0,2.0,3.0,1.0,2,2,2,2,1,1,1,1,1,2,3,1
,,,,,,,,,4,3,3,3,2,3,1,1,1,4,1,1
4.0,3.0,4.0,3.0,3.0,2.0,3.0,3.0,3.0,1,1,1,2,1,1,2,2,2,2,1,2
2.0,2.0,2.0,2.0,2.0,2.0,2.0,2.0,2.0,2,2,2,2,2,2,2,2,2,2,2,2
3.0,2.0,3.0,3.0,3.0,4.0,2.0,4.0,2.0,3,3,3,3,4,4,1,1,1,4,2,1
2.0,2.0,3.0,3.0,3.0,3.0,2.0,4.0,2.0,2,2,3,3,2,2,1,1,1,1,1,1
3.0,1.0,4.0,4.0,3.0,2.0,2.0,3.0,2.0,2,3,4,2,2,2,1,1,2,1,2,1
,,,,,,,,,3,3,2,3,1,1,1,1,1,1,1,1
3.0,2.0,3.0,3.0,4.0,4.0,3.0,3.0,2.0,2,1,3,2,1,1,1,2,1,1,2,1
2.0,1.0,1.0,1.0,1.0,1.0,2.0,1.0,2.0,1,1,1,2,2,2,2,1,2,2,1,1
2.0,2.0,2.0,2.0,2.0,3.0,2.0,3.0,2.0,2,2,2,2,1,1,1,2,2,2,3,1
2.0,3.0,3.0,2.0,4.0,4.0,2.0,3.0,2.0,2,3,2,2,3,3,1,1,1,3,1,2
2.0,3.0,4.0,4.0,2.0,4.0,1.0,3.0,1.0,1,3,3,2,4,1,4,2,3,4,3,3
4.0,3.0,4.0,4.0,3.0,2.0,3.0,3.0,2.0,1,4,4,3,2,1,1,1,1,1,1,1
2.0,2.0,3.0,3.0,3.0,3.0,2.0,2.0,2.0,2,2,2,3,1,1,1,1,1,4,1,2
3.0,2.0,3.0,3.0,2.0,3.0,3.0,3.0,2.0,3,3,3,3,2,2,2,2,2,2,3,3
2.0,1.0,1.0,3.0,2.0,3.0,2.0,3.0,2.0,2,2,2,2,2,2,2,2,2,2,3,2
3.0,2.0,3.0,3.0,2.0,2.0,1.0,2.0,2.0,3,3,2,2,1,2,2,1,1,1,1,1
4.0,4.0,4.0,4.0,4.0,4.0,3.0,3.0,2.0,3,3,3,2,1,1,1,1,1,1,1,1
,,,,,,,,,2,4,4,3,2,1,1,1,2,4,3,4
2.0,2.0,2.0,3.0,3.0,4.0,2.0,4.0,2.0,2,2,3,3,3,3,1,1,1,1,2,1
2.0,3.0,3.0,3.0,3.0,3.0,2.0,3.0,2.0,2,3,3,3,1,2,1,1,1,1,1,2
3.0,2.0,3.0,3.0,3.0,3.0,2.0,4.0,3.0,3,3,3,3,3,2,3,2,2,2,2,2
2.0,2.0,2.0,3.0,2.0,4.0,2.0,4.0,2.0,2,3,2,4,1,1,1,1,1,2,3,1
4.0,1.0,3.0,3.0,2.0,2.0,2.0,4.0,1.0,2,2,2,2,2,1,2,2,2,2,2,2
2.0,2.0,3.0,4.0,4.0,4.0,2.0,3.0,2.0,2,3,3,3,1,2,1,2,2,1,2,1
2.0,2.0,2.0,2.0,3.0,3.0,2.0,3.0,2.0,2,3,2,2,3,3,2,1,2,1,1,2
3.0,3.0,3.0,3.0,3.0,3.0,3.0,3.0,3.0,2,3,3,2,2,2,2,2,3,3,3,3
1.0,1.0,2.0,1.0,2.0,2.0,1.0,2.0,2.0,2,2,2,2,2,2,2,2,2,2,2,2
2.0,2.0,1.0,1.0,1.0,1.0,1.0,1.0,2.0,1,2,1,1,1,1,2,2,1,2,2,1
2.0,4.0,4.0,4.0,4.0,4.0,1.0,4.0,1.0,3,2,2,3,4,1,2,1,4,3,2,4
2.0,3.0,3.0,3.0,3.0,2.0,2.0,2.0,1.0,3,3,3,2,2,3,2,2,2,2,2,1
1.0,2.0,3.0,2.0,4.0,2.0,1.0,1.0,1.0,2,2,4,1,2,2,1,2,3,3,1,1
3.0,3.0,4.0,4.0,3.0,4.0,3.0,3.0,2.0,3,3,3,2,3,3,1,1,1,1,1,1
2.0,2.0,3.0,3.0,4.0,4.0,2.0,4.0,3.0,2,3,3,3,1,2,1,1,1,1,2,1
2.0,2.0,3.0,2.0,3.0,3.0,2.0,4.0,2.0,2,1,1,2,1,1,1,1,1,1,1,1
2.0,2.0,3.0,3.0,4.0,4.0,2.0,3.0,3.0,2,3,3,3,2,4,1,1,1,1,1,1
2.0,1.0,3.0,3.0,4.0,4.0,2.0,4.0,4.0,2,3,2,3,3,4,1,1,1,1,2,1
2.0,2.0,2.0,2.0,2.0,2.0,3.0,3.0,1.0,1,2,2,2,1,2,1,1,1,1,2,1
2.0,2.0,3.0,2.0,4.0,4.0,2.0,4.0,2.0,2,2,2,3,1,1,1,1,2,1,1,1
2.0,2.0,3.0,4.0,4.0,4.0,3.0,4.0,2.0,3,3,3,3,1,1,1,2,2,2,3,1
1.0,1.0,2.0,2.0,3.0,4.0,2.0,4.0,2.0,3,4,3,4,2,3,1,2,1,1,1,1
4.0,2.0,2.0,2.0,3.0,4.0,2.0,4.0,2.0,2,2,3,3,2,2,2,2,2,2,2,2
2.0,2.0,3.0,3.0,3.0,3.0,2.0,3.0,2.0,3,3,3,3,1,1,1,1,1,1,1,1
2.0,2.0,1.0,1.0,2.0,3.0,2.0,2.0,3.0,1,1,1,1,1,1,1,1,1,2,2,1
2.0,2.0,3.0,3.0,3.0,4.0,2.0,4.0,2.0,2,4,3,4,1,1,1,1,1,1,3,1
2.0,3.0,3.0,3.0,2.0,3.0,2.0,3.0,2.0,3,2,2,2,1,1,1,1,1,1,2,1
3.0,2.0,3.0,3.0,4.0,4.0,2.0,4.0,2.0,3,3,4,4,1,1,1,1,1,1,1,1
2.0,2.0,3.0,3.0,3.0,3.0,3.0,3.0,3.0,3,3,3,3,2,2,2,2,2,2,2,2
3.0,2.0,2.0,3.0,4.0,4.0,3.0,3.0,3.0,2,2,2,4,2,2,2,2,3,3,3,1
2.0,2.0,2.0,3.0,4.0,4.0,3.0,4.0,3.0,2,3,3,4,1,3,1,1,1,1,1,1
4.0,4.0,4.0,4.0,4.0,4.0,4.0,2.0,2.0,3,3,4,3,2,3,2,1,3,2,1,1
2.0,2.0,2.0,2.0,3.0,3.0,2.0,4.0,1.0,2,3,3,1,3,3,2,1,1,1,1,1
2.0,2.0,3.0,3.0,2.0,3.0,2.0,3.0,2.0,3,3,3,3,2,2,2,2,2,2,3,2
2.0,1.0,3.0,4.0,4.0,4.0,3.0,3.0,2.0,3,4,4,2,1,2,1,1,1,2,1,1
2.0,3.0,3.0,3.0,3.0,4.0,3.0,3.0,3.0,2,2,3,2,2,2,2,2,2,2,3,1
2.0,2.0,2.0,2.0,2.0,3.0,3.0,2.0,2.0,2,2,2,2,1,3,1,2,3,2,3,3
4.0,1.0,4.0,4.0,3.0,2.0,4.0,4.0,2.0,2,3,2,2,2,4,2,3,1,2,1,3
2.0,2.0,4.0,4.0,2.0,2.0,2.0,3.0,1.0,3,4,3,3,2,2,2,2,2,2,2,2
2.0,2.0,2.0,3.0,3.0,4.0,3.0,3.0,3.0,3,3,3,3,2,3,1,2,2,1,2,2
3.0,1.0,3.0,3.0,4.0,4.0,2.0,4.0,2.0,2,2,2,4,1,1,1,1,2,2,1,1
3.0,3.0,3.0,3.0,4.0,4.0,3.0,3.0,2.0,3,3,2,3,1,2,1,2,2,2,2,1
2.0,2.0,3.0,3.0,3.0,3.0,2.0,3.0,2.0,2,3,3,3,3,2,3,1,1,3,1,3
1.0,2.0,2.0,2.0,2.0,2.0,1.0,1.0,1.0,1,1,1,1,1,1,1,1,1,1,1,1
2.0,3.0,3.0,3.0,3.0,3.0,3.0,3.0,3.0,3,3,3,3,2,2,2,2,2,2,3,3
3.0,3.0,3.0,3.0,2.0,3.0,3.0,3.0,2.0,3,3,3,3,2,2,3,2,2,2,2,2
2.0,2.0,3.0,3.0,3.0,4.0,3.0,2.0,2.0,2,3,3,3,1,1,1,2,2,2,3,2
2.0,2.0,3.0,3.0,3.0,3.0,2.0,4.0,2.0,2,3,2,2,2,3,1,1,1,1,2,1
3.0,2.0,3.0,3.0,4.0,4.0,3.0,4.0,3.0,3,3,2,2,1,1,1,3,2,1,3,1
2.0,2.0,2.0,3.0,2.0,3.0,2.0,3.0,2.0,3,3,3,3,2,1,2,1,1,1,1,1
2.0,2.0,2.0,3.0,2.0,4.0,2.0,2.0,2.0,3,3,3,3,1,2,1,1,1,1,1,1
3.0,2.0,3.0,2.0,3.0,4.0,2.0,2.0,1.0,2,2,3,2,2,2,2,2,1,2,3,2
3.0,3.0,4.0,4.0,4.0,4.0,2.0,3.0,2.0,2,3,2,3,2,1,2,1,1,1,1,1
2.0,2.0,3.0,3.0,4.0,4.0,2.0,4.0,3.0,2,3,3,2,1,1,1,2,1,1,2,1
2.0,2.0,3.0,3.0,3.0,3.0,3.0,2.0,2.0,3,4,3,2,2,2,2,1,1,1,1,2
2.0,2.0,3.0,3.0,2.0,3.0,3.0,3.0,2.0,3,3,3,2,2,1,2,1,1,1,1,1
3.0,2.0,3.0,4.0,4.0,4.0,4.0,4.0,3.0,1,2,2,2,2,1,1,2,2,4,3,1
2.0,2.0,2.0,2.0,2.0,3.0,2.0,3.0,3.0,2,3,3,3,2,2,2,2,2,2,2,2
,,,,,,,,,3,3,4,3,1,1,1,1,1,1,1,1
2.0,2.0,2.0,2.0,2.0,2.0,2.0,2.0,1.0,2,2,2,2,2,2,2,2,2,2,2,2
2.0,2.0,3.0,3.0,3.0,4.0,2.0,3.0,1.0,2,4,3,3,2,2,1,1,2,1,2,2
2.0,1.0,3.0,3.0,4.0,4.0,2.0,4.0,2.0,3,2,2,3,1,1,2,1,2,1,2,1
2.0,2.0,2.0,3.0,3.0,3.0,3.0,3.0,2.0,2,2,2,2,1,2,2,1,2,1,3,1
3.0,2.0,4.0,3.0,4.0,4.0,4.0,4.0,2.0,2,3,3,3,1,1,1,1,2,1,3,1
3.0,2.0,3.0,3.0,3.0,4.0,2.0,4.0,2.0,2,2,2,3,2,1,1,2,2,1,3,1
2.0,3.0,3.0,3.0,3.0,3.0,2.0,3.0,2.0,2,4,4,2,2,2,2,2,1,3,2,2
3.0,2.0,3.0,4.0,4.0,4.0,4.0,4.0,2.0,4,4,4,2,4,3,1,1,2,1,2,1
4.0,4.0,4.0,4.0,4.0,4.0,3.0,3.0,2.0,2,4,4,3,3,3,1,1,1,1,1,1
3.0,3.0,2.0,3.0,3.0,3.0,2.0,2.0,1.0,2,4,4,2,1,1,1,1,1,4,1,1
2.0,2.0,4.0,4.0,3.0,4.0,2.0,2.0,2.0,3,3,3,3,2,3,2,2,2,1,2,2
2.0,2.0,4.0,3.0,3.0,4.0,1.0,3.0,2.0,3,4,4,2,2,1,1,1,1,4,3,1
2.0,2.0,3.0,3.0,3.0,4.0,3.0,3.0,1.0,3,2,2,2,1,2,1,2,2,3,4,1
2.0,1.0,2.0,2.0,2.0,2.0,2.0,1.0,2.0,2,1,2,1,2,1,2,1,1,2,1,2
2.0,2.0,3.0,3.0,4.0,3.0,2.0,4.0,2.0,3,3,4,3,2,2,2,2,2,2,2,1
2.0,2.0,4.0,4.0,4.0,4.0,3.0,4.0,3.0,3,4,4,4,2,2,2,3,3,3,3,1
2.0,3.0,4.0,4.0,2.0,3.0,4.0,3.0,4.0,3,1,3,1,1,4,2,2,4,3,2,1
2.0,2.0,2.0,2.0,3.0,3.0,2.0,3.0,3.0,2,3,2,2,1,2,1,1,2,1,2,1
3.0,3.0,4.0,3.0,4.0,4.0,1.0,3.0,2.0,2,4,3,3,2,2,1,1,1,1,1,1
2.0,2.0,3.0,3.0,3.0,3.0,2.0,3.0,3.0,2,3,3,1,1,1,1,1,1,1,2,1
2.0,2.0,2.0,2.0,3.0,3.0,3.0,3.0,2.0,2,2,2,2,1,1,1,1,2,2,2,1
2.0,2.0,3.0,3.0,3.0,4.0,2.0,3.0,2.0,2,3,2,2,2,2,1,1,1,1,2,1
3.0,2.0,3.0,3.0,4.0,4.0,3.0,3.0,2.0,2,3,3,4,2,2,1,1,2,3,2,1
4.0,2.0,3.0,4.0,3.0,4.0,3.0,4.0,3.0,3,3,3,4,1,2,2,2,2,1,2,2
2.0,2.0,3.0,3.0,4.0,4.0,2.0,3.0,2.0,2,3,3,3,1,2,1,2,2,1,2,1
3.0,2.0,2.0,2.0,3.0,3.0,3.0,2.0,2.0,1,2,2,1,3,2,1,2,2,2,3,2
3.0,2.0,2.0,3.0,4.0,4.0,3.0,4.0,3.0,2,3,2,3,1,3,1,1,2,1,2,1
3.0,2.0,3.0,2.0,2.0,4.0,2.0,3.0,2.0,3,3,3,4,1,2,1,2,1,2,2,1
,,,,,,,,,2,2,2,2,2,2,2,2,2,2,2,2
2.0,2.0,3.0,3.0,3.0,3.0,2.0,3.0,3.0,2,3,4,3,2,3,2,1,1,2,1,1
2.0,2.0,4.0,3.0,4.0,4.0,3.0,4.0,2.0,3,3,3,3,1,3,2,3,2,1,3,2
2.0,2.0,4.0,3.0,4.0,4.0,2.0,4.0,2.0,2,4,4,4,1,1,1,1,1,1,2,1
3.0,3.0,3.0,3.0,3.0,3.0,3.0,3.0,3.0,3,3,3,3,2,2,2,2,3,2,3,2
4.0,4.0,4.0,4.0,3.0,2.0,4.0,3.0,1.0,2,3,4,3,1,3,1,2,1,1,1,1
,,,,,,,,,2,2,2,2,3,3,2,2,2,2,2,2
3.0,2.0,3.0,2.0,3.0,3.0,2.0,4.0,2.0,2,2,2,3,1,1,1,2,1,1,1,1
1.0,2.0,3.0,4.0,4.0,4.0,3.0,4.0,2.0,2,4,4,4,3,3,2,2,1,2,2,1
1.0,1.0,3.0,3.0,2.0,4.0,2.0,4.0,3.0,2,2,2,3,1,1,1,1,2,3,2,1
1.0,1.0,3.0,3.0,2.0,3.0,2.0,4.0,2.0,2,3,3,4,2,2,1,1,1,1,1,1
4.0,4.0,4.0,4.0,4.0,4.0,4.0,2.0,2.0,4,4,4,3,1,1,1,1,1,1,1,1
1.0,2.0,4.0,3.0,3.0,4.0,4.0,4.0,2.0,4,3,3,4,1,1,1,1,1,1,1,1
1.0,1.0,1.0,1.0,1.0,1.0,1.0,1.0,1.0,1,1,1,1,1,1,1,1,1,1,1,1
4.0,3.0,4.0,4.0,2.0,3.0,3.0,3.0,1.0,3,3,3,3,1,1,1,1,1,1,1,1
3.0,2.0,3.0,3.0,3.0,3.0,3.0,4.0,2.0,2,2,2,3,2,3,1,1,1,1,2,1
2.0,2.0,3.0,3.0,3.0,3.0,2.0,4.0,2.0,3,3,3,4,1,2,2,2,2,2,2,1
2.0,2.0,3.0,2.0,3.0,2.0,2.0,3.0,2.0,3,3,3,3,1,1,1,1,1,1,1,1
2.0,1.0,3.0,2.0,2.0,2.0,2.0,3.0,1.0,3,3,3,3,2,1,2,2,2,2,2,1
2.0,2.0,3.0,3.0,4.0,4.0,2.0,4.0,2.0,3,3,2,3,2,3,1,1,1,1,1,1
2.0,3.0,3.0,3.0,4.0,4.0,3.0,4.0,3.0,2,2,2,2,3,3,1,2,2,1,4,1
2.0,2.0,3.0,4.0,3.0,4.0,3.0,3.0,2.0,2,3,3,3,2,2,2,2,2,2,3,2
2.0,2.0,2.0,3.0,4.0,4.0,3.0,4.0,1.0,2,2,2,3,2,2,2,2,2,2,2,2
2.0,2.0,3.0,2.0,3.0,4.0,2.0,4.0,2.0,3,3,4,3,2,2,2,2,2,2,2,2
4.0,3.0,4.0,4.0,4.0,4.0,4.0,4.0,2.0,3,4,4,2,1,1,1,1,1,1,1,1
2.0,2.0,3.0,3.0,3.0,3.0,3.0,3.0,2.0,3,4,4,3,2,1,2,2,2,3,3,1
2.0,1.0,2.0,2.0,3.0,4.0,1.0,3.0,2.0,2,3,2,3,1,2,1,1,1,1,1,1
2.0,1.0,1.0,2.0,2.0,2.0,2.0,1.0,1.0,2,2,3,3,1,2,1,2,1,2,1,1
2.0,2.0,3.0,3.0,3.0,4.0,2.0,3.0,2.0,2,2,2,2,1,1,1,1,1,1,1,1
2.0,2.0,3.0,2.0,4.0,3.0,2.0,4.0,2.0,2,3,3,3,2,2,1,1,1,2,1,2
2.0,3.0,3.0,3.0,4.0,4.0,2.0,4.0,2.0,2,3,3,4,2,2,2,2,2,2,2,2
,,,,,,,,,2,2,2,2,2,2,2,1,1,2,2,2
3.0,2.0,3.0,3.0,3.0,3.0,2.0,3.0,3.0,3,4,2,2,1,2,1,1,1,1,1,1
4.0,2.0,3.0,3.0,4.0,4.0,3.0,4.0,2.0,2,3,4,4,2,3,1,1,1,1,2,1
2.0,2.0,3.0,3.0,2.0,2.0,2.0,3.0,2.0,3,3,3,3,1,1,1,1,1,1,1,1
3.0,2.0,3.0,3.0,2.0,3.0,2.0,3.0,2.0,3,3,3,2,1,1,1,1,1,1,1,1
2.0,2.0,3.0,3.0,4.0,3.0,2.0,2.0,2.0,2,3,3,2,1,1,3,1,1,1,3,1
2.0,2.0,3.0,3.0,4.0,4.0,2.0,4.0,2.0,1,3,3,3,1,1,2,1,1,1,1,1
2.0,2.0,3.0,3.0,4.0,4.0,2.0,3.0,2.0,3,3,3,3,1,1,1,1,1,1,1,1
2.0,1.0,2.0,3.0,3.0,4.0,2.0,4.0,2.0,2,3,3,3,2,2,2,2,2,2,2,2
,,,,,,,,,2,3,3,3,2,1,2,1,2,1,2,1
2.0,2.0,3.0,3.0,3.0,4.0,2.0,3.0,2.0,2,2,2,3,2,2,1,2,1,1,2,2
2.0,2.0,2.0,2.0,3.0,4.0,3.0,4.0,2.0,2,2,2,3,1,1,1,1,1,1,1,1
2.0,2.0,3.0,3.0,4.0,4.0,3.0,4.0,2.0,3,2,3,3,1,2,2,1,3,2,2,1
2.0,2.0,3.0,3.0,3.0,3.0,3.0,3.0,2.0,3,3,3,2,2,1,2,1,1,3,1,1
3.0,2.0,4.0,4.0,4.0,4.0,4.0,4.0,3.0,2,4,4,3,3,1,2,1,2,1,1,1
1.0,1.0,2.0,3.0,3.0,4.0,3.0,4.0,2.0,1,3,3,2,1,1,1,2,1,1,2,1
1.0,2.0,2.0,2.0,2.0,3.0,2.0,3.0,1.0,3,3,3,2,1,2,1,1,2,1,1,1
3.0,3.0,4.0,3.0,4.0,4.0,2.0,3.0,2.0,3,3,2,3,3,2,1,1,1,1,1,1
,,,,,,,,,4,4,2,1,4,4,4,4,4,4,4,4
1.0,1.0,3.0,2.0,2.0,1.0,2.0,3.0,1.0,1,1,2,1,1,2,2,1,1,2,1,3
3.0,2.0,3.0,4.0,4.0,4.0,3.0,4.0,2.0,2,3,2,3,2,2,1,1,1,1,3,1
2.0,2.0,3.0,3.0,3.0,3.0,2.0,3.0,2.0,3,2,2,3,2,2,2,2,2,2,2,3
4.0,2.0,3.0,2.0,4.0,4.0,2.0,3.0,2.0,2,4,3,3,1,1,2,1,1,1,1,1
3.0,3.0,4.0,2.0,2.0,3.0,2.0,4.0,3.0,4,4,3,2,2,2,2,1,1,1,1,1
2.0,2.0,2.0,3.0,4.0,4.0,2.0,4.0,4.0,3,1,2,3,1,1,1,1,1,1,2,1
3.0,2.0,4.0,4.0,4.0,4.0,2.0,3.0,2.0,3,3,2,3,1,2,1,1,3,1,2,1
2.0,2.0,3.0,3.0,3.0,4.0,2.0,3.0,2.0,2,3,2,3,2,3,2,1,2,2,2,1
3.0,2.0,3.0,4.0,3.0,3.0,2.0,4.0,1.0,1,3,4,3,1,1,1,2,1,2,2,1
3.0,3.0,3.0,2.0,3.0,2.0,2.0,3.0,3.0,3,2,4,2,2,2,3,3,1,2,3,2
2.0,2.0,2.0,2.0,3.0,4.0,2.0,3.0,2.0,3,3,2,3,1,3,2,2,2,2,2,1
2.0,2.0,2.0,3.0,3.0,4.0,3.0,4.0,2.0,2,3,2,2,1,1,1,2,1,1,2,1
,,,,,,,,,3,3,3,3,4,4,4,4,4,4,4,4
3.0,4.0,4.0,2.0,4.0,4.0,2.0,3.0,2.0,3,4,4,3,3,1,1,1,1,1,1,1
2.0,3.0,3.0,3.0,3.0,4.0,2.0,2.0,2.0,2,2,3,2,2,3,1,1,1,1,1,1
1.0,3.0,4.0,2.0,3.0,2.0,2.0,1.0,4.0,2,3,2,3,2,1,1,1,1,2,1,1
3.0,3.0,2.0,3.0,3.0,2.0,2.0,4.0,2.0,2,3,3,3,2,2,2,3,2,2,3,3
2.0,1.0,4.0,4.0,4.0,4.0,2.0,4.0,2.0,3,2,4,4,1,2,1,1,2,1,2,2
2.0,2.0,1.0,1.0,3.0,4.0,2.0,3.0,3.0,2,2,2,4,1,1,1,1,1,1,1,1
2.0,2.0,3.0,3.0,4.0,4.0,2.0,4.0,2.0,3,3,3,4,2,2,1,1,2,1,1,1
2.0,2.0,2.0,2.0,3.0,2.0,2.0,3.0,2.0,2,3,3,3,2,1,1,1,1,1,1,1
4.0,4.0,4.0,4.0,4.0,4.0,3.0,2.0,3.0,3,4,4,3,1,2,1,1,2,2,1,1
1.0,2.0,2.0,2.0,4.0,4.0,2.0,4.0,2.0,3,3,3,3,1,1,1,1,1,1,1,1
4.0,2.0,4.0,3.0,3.0,4.0,3.0,4.0,3.0,2,3,3,4,1,2,1,2,1,1,2,1
2.0,2.0,2.0,2.0,3.0,3.0,2.0,3.0,2.0,2,3,3,3,2,2,1,2,1,1,2,1
2.0,2.0,3.0,3.0,4.0,4.0,3.0,3.0,3.0,2,2,2,3,2,3,1,1,2,1,1,1
3.0,2.0,3.0,4.0,4.0,4.0,3.0,4.0,2.0,2,3,4,2,1,1,1,1,1,1,1,1
2.0,1.0,2.0,2.0,3.0,3.0,2.0,3.0,1.0,1,2,2,2,1,1,1,1,1,1,2,1
2.0,2.0,3.0,3.0,3.0,3.0,2.0,3.0,3.0,2,3,2,3,2,3,2,2,2,2,2,1
4.0,4.0,4.0,3.0,4.0,4.0,2.0,3.0,2.0,3,4,4,3,1,1,1,1,1,2,1,1
2.0,2.0,3.0,3.0,4.0,4.0,2.0,4.0,2.0,2,4,3,3,2,4,1,1,2,1,2,1
3.0,2.0,2.0,2.0,2.0,4.0,2.0,4.0,3.0,3,2,2,3,1,3,1,1,1,1,2,1
1.0,2.0,4.0,3.0,2.0,2.0,2.0,4.0,1.0,4,4,2,2,1,1,3,1,1,1,1,1
3.0,3.0,3.0,3.0,2.0,3.0,3.0,3.0,3.0,3,3,3,3,2,2,2,2,2,2,3,2
2.0,2.0,3.0,3.0,3.0,4.0,2.0,3.0,2.0,2,3,3,3,1,1,1,1,1,1,1,1
2.0,4.0,4.0,2.0,2.0,4.0,2.0,3.0,2.0,3,3,3,2,2,1,2,1,1,2,1,2
,,,,,,,,,2,3,4,3,1,2,1,2,2,3,1,1
2.0,2.0,3.0,2.0,3.0,3.0,2.0,3.0,2.0,2,2,3,3,1,1,1,2,1,1,2,1
2.0,2.0,3.0,2.0,3.0,3.0,2.0,4.0,2.0,3,3,3,4,1,1,1,1,2,1,1,1
3.0,3.0,3.0,4.0,2.0,3.0,3.0,3.0,2.0,3,3,3,3,3,3,2,2,2,3,2,3
2.0,2.0,3.0,3.0,2.0,2.0,2.0,3.0,2.0,2,3,3,3,1,2,1,1,1,1,2,1
,,,,,,,,,2,3,3,4,1,2,1,1,1,1,2,1
2.0,2.0,3.0,4.0,3.0,4.0,3.0,3.0,1.0,3,3,3,2,1,2,1,1,2,2,2,1
2.0,2.0,3.0,2.0,4.0,4.0,2.0,3.0,2.0,3,4,3,3,1,1,1,2,2,1,1,1
4.0,2.0,4.0,4.0,3.0,3.0,4.0,4.0,1.0,3,3,3,2,1,2,2,1,1,2,2,1
,,,,,,,,,2,2,2,2,1,2,1,1,1,1,2,1
2.0,2.0,4.0,2.0,3.0,4.0,2.0,4.0,1.0,3,3,3,3,1,2,1,3,2,1,1,1
,,,,,,,,,2,2,2,2,2,2,2,3,2,2,2,3
3.0,3.0,4.0,4.0,4.0,4.0,2.0,3.0,2.0,3,4,3,3,2,2,1,1,2,1,1,1
2.0,2.0,2.0,2.0,2.0,2.0,2.0,2.0,2.0,2,2,2,2,2,2,2,2,2,2,2,2
1.0,2.0,3.0,3.0,4.0,4.0,2.0,3.0,2.0,3,4,4,3,1,1,1,1,2,1,1,1
2.0,3.0,3.0,4.0,4.0,4.0,3.0,3.0,3.0,2,2,2,2,1,1,1,1,1,1,2,1
,,,,,,,,,2,4,4,4,1,2,4,4,4,4,4,4
4.0,2.0,4.0,4.0,4.0,4.0,2.0,4.0,2.0,2,4,4,4,2,1,1,2,2,2,1,2
2.0,3.0,3.0,3.0,3.0,3.0,2.0,3.0,2.0,1,1,1,2,2,2,2,2,2,2,2,2
4.0,4.0,4.0,4.0,3.0,3.0,3.0,3.0,1.0,4,4,4,4,2,2,2,2,1,2,2,2
2.0,2.0,2.0,3.0,4.0,4.0,2.0,4.0,2.0,2,2,2,4,1,1,1,2,1,1,2,1
3.0,2.0,4.0,2.0,3.0,4.0,2.0,3.0,2.0,3,3,3,3,1,2,1,1,1,1,1,1
2.0,2.0,2.0,2.0,3.0,3.0,3.0,3.0,3.0,2,2,2,2,2,2,2,2,2,2,2,1
2.0,3.0,3.0,3.0,3.0,3.0,2.0,3.0,2.0,2,3,2,3,2,2,2,3,2,2,3,2
2.0,2.0,3.0,3.0,2.0,3.0,2.0,3.0,2.0,2,3,3,3,1,1,2,1,2,2,2,1
2.0,2.0,3.0,2.0,2.0,3.0,2.0,3.0,2.0,2,2,2,2,1,1,1,2,1,1,1,1
2.0,3.0,2.0,3.0,4.0,3.0,2.0,4.0,2.0,2,2,2,3,2,1,1,1,1,1,2,1
2.0,2.0,2.0,2.0,2.0,3.0,2.0,4.0,2.0,2,2,2,2,1,2,2,1,1,1,1,1
,,,,,,,,,3,3,3,3,3,3,2,2,3,3,2,2
2.0,2.0,2.0,2.0,3.0,2.0,2.0,3.0,2.0,2,2,3,2,1,1,1,1,1,1,1,1
3.0,3.0,4.0,3.0,3.0,3.0,2.0,2.0,2.0,4,4,4,3,2,1,1,1,2,1,1,2
2.0,2.0,4.0,4.0,3.0,2.0,2.0,4.0,2.0,2,3,3,3,1,3,1,1,1,1,1,1
2.0,2.0,3.0,2.0,2.0,2.0,2.0,3.0,2.0,2,2,2,2,1,1,1,1,1,1,1,1
,,,,,,,,,3,3,3,3,1,1,1,1,1,3,1,1
2.0,2.0,4.0,2.0,4.0,4.0,4.0,2.0,3.0,3,4,4,3,1,1,1,1,2,1,1,1
2.0,2.0,2.0,3.0,2.0,2.0,2.0,3.0,2.0,2,2,2,2,2,2,2,1,1,1,2,1
,,,,,,,,,3,3,3,3,1,2,1,1,2,1,3,1
2.0,1.0,2.0,3.0,2.0,3.0,2.0,3.0,2.0,3,3,3,3,1,2,1,1,2,1,2,1
2.0,3.0,3.0,4.0,3.0,4.0,3.0,4.0,2.0,2,2,2,3,2,3,1,1,1,1,3,1
2.0,2.0,3.0,3.0,4.0,4.0,2.0,4.0,3.0,3,3,3,3,1,1,2,1,1,1,1,4
2.0,2.0,2.0,2.0,2.0,2.0,2.0,4.0,2.0,1,2,2,1,1,1,1,1,1,1,1,1
2.0,2.0,2.0,2.0,2.0,2.0,2.0,2.0,2.0,2,2,2,2,2,1,2,1,2,3,2,2
2.0,2.0,2.0,3.0,3.0,4.0,2.0,3.0,2.0,4,4,3,3,1,1,1,1,1,2,2,1
2.0,2.0,3.0,2.0,3.0,3.0,3.0,3.0,2.0,3,3,4,3,2,2,2,2,1,2,2,2
2.0,2.0,3.0,3.0,2.0,3.0,2.0,3.0,2.0,2,3,2,2,1,2,1,2,2,1,2,2
2.0,2.0,3.0,3.0,4.0,4.0,2.0,4.0,2.0,2,3,4,2,2,2,1,1,2,1,1,1
3.0,4.0,4.0,1.0,3.0,4.0,2.0,4.0,2.0,3,4,4,4,1,1,1,1,2,1,1,2
3.0,2.0,3.0,3.0,2.0,3.0,2.0,3.0,1.0,2,3,3,2,2,2,1,1,2,1,1,1
3.0,2.0,3.0,2.0,4.0,4.0,3.0,4.0,2.0,2,3,3,2,1,1,1,1,1,1,2,1
2.0,2.0,4.0,3.0,3.0,3.0,2.0,3.0,2.0,2,3,3,3,2,3,2,2,3,3,3,2
2.0,2.0,2.0,2.0,2.0,2.0,2.0,3.0,2.0,4,4,3,3,3,3,2,1,1,2,1,1
2.0,2.0,4.0,3.0,4.0,4.0,2.0,4.0,2.0,2,4,4,3,3,3,1,1,2,3,4,2
4.0,2.0,3.0,3.0,3.0,3.0,3.0,3.0,2.0,2,3,3,3,2,2,3,2,2,3,2,2
2.0,1.0,2.0,2.0,2.0,2.0,2.0,2.0,1.0,3,3,3,3,1,2,1,2,1,2,1,1
1.0,3.0,3.0,2.0,3.0,2.0,4.0,2.0,2.0,2,3,4,1,1,2,1,1,1,3,1,2
4.0,4.0,4.0,4.0,3.0,3.0,4.0,3.0,3.0,3,4,4,3,1,1,2,1,2,2,2,2
3.0,3.0,3.0,3.0,3.0,3.0,2.0,3.0,3.0,3,3,3,3,1,2,1,1,2,2,1,1
2.0,2.0,2.0,3.0,3.0,3.0,2.0,3.0,2.0,2,1,2,1,1,1,1,1,1,1,2,1
1.0,2.0,2.0,3.0,4.0,4.0,2.0,4.0,3.0,2,2,2,4,2,3,1,2,1,2,3,1
3.0,3.0,4.0,1.0,3.0,3.0,2.0,4.0,2.0,3,4,3,3,3,3,1,1,2,1,1,1
2.0,3.0,3.0,3.0,4.0,4.0,3.0,4.0,2.0,3,4,4,4,1,1,1,1,1,3,1,1
3.0,2.0,3.0,4.0,4.0,4.0,4.0,4.0,2.0,3,4,4,3,2,2,1,2,2,2,3,2
2.0,2.0,3.0,3.0,3.0,3.0,2.0,3.0,2.0,3,3,2,2,2,2,2,1,2,1,1,1
,,,,,,,,,3,3,3,3,3,3,3,3,3,3,3,3
4.0,4.0,4.0,4.0,3.0,3.0,4.0,2.0,2.0,4,4,4,2,3,3,2,1,2,3,1,1
1.0,1.0,2.0,2.0,2.0,2.0,2.0,4.0,3.0,2,3,2,2,2,2,1,1,1,1,2,1
2.0,3.0,3.0,3.0,3.0,3.0,2.0,4.0,2.0,3,3,4,3,3,3,2,2,1,3,2,2
3.0,2.0,3.0,2.0,2.0,2.0,2.0,2.0,2.0,3,3,3,2,1,2,2,1,2,2,2,1
2.0,2.0,2.0,2.0,2.0,2.0,2.0,2.0,2.0,2,2,2,2,2,2,2,2,2,2,2,2
4.0,2.0,4.0,4.0,4.0,3.0,2.0,3.0,2.0,3,1,3,1,1,1,1,1,1,1,1,1
,,,,,,,,,3,3,3,3,2,2,1,2,2,1,2,2
2.0,3.0,4.0,4.0,3.0,4.0,2.0,3.0,2.0,3,4,4,3,2,2,2,2,2,2,3,3
3.0,2.0,3.0,4.0,4.0,4.0,3.0,4.0,2.0,4,3,3,4,1,2,1,1,2,1,3,1
,,,,,,,,,4,3,4,3,1,2,2,2,2,3,2,2
2.0,2.0,2.0,1.0,3.0,1.0,1.0,2.0,2.0,2,3,3,4,1,1,1,1,2,3,2,1
2.0,2.0,3.0,3.0,4.0,4.0,2.0,4.0,2.0,2,3,4,2,2,2,1,1,1,1,1,1
3.0,2.0,3.0,3.0,2.0,3.0,2.0,3.0,2.0,2,3,3,3,1,1,1,1,1,2,2,2
2.0,2.0,2.0,3.0,3.0,4.0,2.0,3.0,2.0,2,2,3,2,1,2,1,1,1,1,2,1
,,,,,,,,,3,3,3,3,1,1,1,1,1,2,1,1
,,,,,,,,,3,3,3,3,2,3,2,2,2,2,3,2
1.0,1.0,1.0,1.0,1.0,1.0,1.0,1.0,1.0,1,1,1,1,1,1,1,1,1,1,1,1
2.0,2.0,2.0,3.0,3.0,4.0,2.0,4.0,2.0,2,2,2,2,1,2,1,1,2,2,2,1
3.0,2.0,4.0,4.0,4.0,3.0,2.0,3.0,2.0,4,4,4,4,3,3,1,1,1,1,1,1
3.0,1.0,4.0,3.0,4.0,4.0,2.0,3.0,2.0,3,3,2,2,2,2,1,1,1,1,1,2
1.0,1.0,2.0,3.0,3.0,4.0,2.0,3.0,2.0,2,2,2,3,1,1,1,1,1,1,1,1
2.0,3.0,4.0,4.0,2.0,2.0,2.0,4.0,1.0,2,2,2,3,1,1,2,1,2,2,1,1
,,,,,,,,,2,3,4,3,1,4,2,3,2,3,4,4
2.0,1.0,3.0,2.0,2.0,4.0,2.0,3.0,2.0,2,3,3,2,2,1,1,1,1,2,1,1
3.0,3.0,3.0,3.0,3.0,3.0,3.0,3.0,3.0,3,3,3,3,2,2,3,2,2,2,2,2
2.0,2.0,2.0,2.0,4.0,4.0,4.0,4.0,2.0,2,3,3,3,2,2,2,2,2,2,2,2
2.0,2.0,2.0,3.0,4.0,4.0,2.0,4.0,3.0,2,3,3,4,1,2,1,1,2,1,2,1
2.0,3.0,3.0,3.0,3.0,3.0,2.0,3.0,3.0,3,3,3,3,2,2,1,1,1,1,2,1
2.0,2.0,3.0,3.0,4.0,4.0,3.0,4.0,3.0,3,3,2,4,1,1,1,1,1,1,3,1
3.0,1.0,3.0,3.0,3.0,3.0,3.0,2.0,2.0,2,2,1,2,1,2,3,2,2,3,1,1
2.0,2.0,3.0,3.0,2.0,2.0,2.0,2.0,2.0,2,2,2,2,2,1,2,1,1,1,1,1
2.0,3.0,3.0,3.0,2.0,3.0,2.0,3.0,1.0,1,3,2,2,2,2,1,1,1,1,1,3
3.0,2.0,1.0,1.0,3.0,3.0,2.0,3.0,2.0,4,3,3,3,1,3,1,1,2,1,2,1
2.0,1.0,3.0,4.0,3.0,4.0,1.0,3.0,2.0,4,3,3,3,2,3,1,1,1,1,3,1
3.0,1.0,1.0,2.0,3.0,2.0,2.0,3.0,3.0,2,1,3,2,3,2,3,3,2,2,2,2
3.0,2.0,4.0,3.0,4.0,4.0,2.0,4.0,3.0,2,2,2,2,3,2,2,1,2,1,2,2
4.0,4.0,4.0,4.0,4.0,3.0,3.0,2.0,1.0,2,2,4,2,4,4,1,1,1,2,1,3
2.0,3.0,3.0,3.0,3.0,3.0,2.0,3.0,2.0,1,3,3,4,1,2,1,3,1,3,2,1
2.0,2.0,2.0,2.0,2.0,4.0,1.0,3.0,2.0,3,3,3,4,1,1,1,1,1,1,1,2
4.0,1.0,3.0,3.0,4.0,4.0,2.0,4.0,3.0,3,3,3,4,4,2,4,4,3,4,3,4
3.0,3.0,3.0,3.0,3.0,3.0,3.0,3.0,2.0,2,4,3,2,1,1,1,1,3,2,3,1
2.0,2.0,4.0,2.0,4.0,4.0,2.0,4.0,2.0,4,4,4,4,2,4,1,1,1,1,1,1
3.0,3.0,4.0,4.0,4.0,3.0,4.0,4.0,2.0,3,4,4,3,1,2,1,1,1,1,1,1
,,,,,,,,,2,3,3,2,2,2,2,3,2,4,4,2
2.0,1.0,3.0,3.0,2.0,3.0,2.0,2.0,2.0,2,3,3,2,1,2,2,1,1,1,1,2
2.0,1.0,2.0,2.0,3.0,4.0,2.0,4.0,2.0,2,3,2,2,1,1,2,1,2,3,2,1
,,,,,,,,,3,3,3,1,1,1,1,1,1,1,1,1
,,,,,,,,,2,3,3,2,2,2,1,2,2,2,2,1
3.0,2.0,2.0,3.0,4.0,4.0,3.0,3.0,2.0,3,3,3,3,2,2,1,2,1,1,2,1
3.0,4.0,4.0,4.0,4.0,4.0,3.0,3.0,2.0,3,4,4,4,1,1,3,1,2,3,1,1
,,,,,,,,,2,3,3,3,2,2,3,2,2,3,2,2
2.0,2.0,4.0,3.0,3.0,4.0,2.0,4.0,2.0,3,3,3,3,2,2,1,2,1,2,1,1
3.0,2.0,2.0,2.0,2.0,2.0,3.0,2.0,3.0,2,2,2,2,3,2,3,3,3,3,2,3
2.0,2.0,4.0,4.0,3.0,3.0,2.0,4.0,1.0,2,2,2,3,1,1,2,2,2,3,3,1
2.0,2.0,3.0,3.0,3.0,3.0,2.0,4.0,1.0,2,3,3,4,2,1,1,1,1,2,2,1
3.0,1.0,4.0,4.0,3.0,2.0,2.0,2.0,1.0,3,4,4,2,1,2,2,1,1,1,1,1
2.0,1.0,2.0,3.0,3.0,3.0,3.0,4.0,3.0,2,2,2,2,2,3,2,1,3,2,3,3
,,,,,,,,,2,2,1,3,2,2,2,2,2,2,2,2
2.0,2.0,3.0,3.0,3.0,3.0,2.0,4.0,2.0,3,3,3,3,3,2,1,1,1,1,1,1
,,,,,,,,,3,3,3,3,2,2,2,2,2,2,2,2
,,,,,,,,,2,2,2,3,2,4,2,2,2,2,2,4
3.0,3.0,3.0,3.0,4.0,4.0,2.0,4.0,2.0,3,4,4,3,1,1,1,1,1,2,1,1
,,,,,,,,,3,3,3,3,3,3,3,1,3,3,3,3
,,,,,,,,,3,3,4,2,3,1,1,1,2,4,3,1
2.0,2.0,3.0,3.0,3.0,3.0,2.0,3.0,2.0,3,3,3,3,2,1,2,2,2,1,3,2
2.0,2.0,3.0,3.0,3.0,4.0,2.0,4.0,2.0,2,3,3,3,1,1,1,1,1,1,1,1
,,,,,,,,,4,3,3,4,1,1,1,1,1,1,1,1
3.0,3.0,4.0,2.0,3.0,4.0,3.0,3.0,1.0,2,2,2,2,2,2,2,1,2,2,1,2
3.0,2.0,4.0,2.0,3.0,4.0,4.0,4.0,3.0,2,4,3,3,1,2,1,1,1,1,2,1
,,,,,,,,,2,4,4,3,4,3,1,1,2,2,1,1
3.0,2.0,3.0,3.0,3.0,3.0,2.0,2.0,2.0,2,3,4,3,2,2,1,2,2,4,2,1
3.0,2.0,3.0,3.0,3.0,4.0,2.0,4.0,2.0,2,3,2,2,1,3,1,1,1,1,2,1
3.0,3.0,4.0,3.0,3.0,3.0,2.0,4.0,2.0,2,3,2,3,2,2,2,1,1,1,1,1
3.0,3.0,3.0,3.0,3.0,3.0,2.0,3.0,3.0,3,3,3,3,3,2,1,1,1,2,1,1
4.0,4.0,4.0,3.0,4.0,2.0,3.0,3.0,3.0,2,3,4,3,1,1,1,1,1,1,1,1
2.0,2.0,3.0,3.0,3.0,4.0,3.0,4.0,2.0,3,4,4,2,2,2,1,1,1,1,2,1
2.0,2.0,2.0,3.0,4.0,4.0,2.0,3.0,2.0,2,2,3,4,2,3,1,1,1,1,2,1
4.0,2.0,4.0,4.0,4.0,4.0,4.0,3.0,3.0,2,1,3,4,1,1,1,1,1,2,3,1
2.0,3.0,3.0,3.0,3.0,3.0,3.0,3.0,2.0,3,3,3,3,1,1,1,1,3,1,1,1
1.0,1.0,2.0,2.0,3.0,2.0,2.0,4.0,3.0,2,3,3,2,1,1,1,1,2,1,1,1
2.0,2.0,3.0,3.0,4.0,4.0,2.0,3.0,2.0,2,3,3,3,1,2,2,2,2,1,2,2
,,,,,,,,,4,3,3,3,3,4,1,1,2,1,3,2
2.0,2.0,2.0,2.0,2.0,2.0,2.0,2.0,2.0,2,2,2,2,3,2,3,3,2,3,3,2
3.0,3.0,4.0,2.0,3.0,3.0,1.0,3.0,2.0,2,3,3,2,3,3,3,1,1,2,1,1
2.0,2.0,3.0,3.0,2.0,2.0,3.0,3.0,2.0,2,2,2,2,1,2,2,2,2,2,2,2
2.0,2.0,2.0,3.0,3.0,3.0,2.0,4.0,2.0,2,2,2,3,1,2,1,1,1,1,2,1
2.0,2.0,3.0,3.0,3.0,4.0,4.0,4.0,2.0,3,3,3,3,1,1,1,1,2,1,1,1
4.0,4.0,4.0,4.0,4.0,4.0,4.0,4.0,4.0,4,3,3,3,2,3,2,2,2,2,2,1
3.0,2.0,3.0,4.0,4.0,4.0,3.0,4.0,2.0,2,3,3,4,1,1,1,1,2,1,2,1
2.0,3.0,4.0,2.0,4.0,3.0,1.0,4.0,3.0,3,3,3,3,3,4,3,1,1,1,1,3
,,,,,,,,,2,3,3,3,2,2,1,1,1,2,2,1
2.0,1.0,2.0,2.0,2.0,2.0,2.0,2.0,2.0,2,1,3,2,1,2,2,2,2,1,1,2
,,,,,,,,,2,2,2,2,2,2,2,2,2,2,2,2
1.0,1.0,2.0,2.0,2.0,2.0,2.0,4.0,1.0,3,2,1,2,1,1,1,2,1,3,1,1
2.0,2.0,3.0,2.0,3.0,2.0,2.0,4.0,2.0,2,3,2,2,2,2,2,2,1,2,1,1
3.0,2.0,3.0,3.0,3.0,3.0,2.0,4.0,2.0,2,3,3,3,1,1,2,1,1,1,1,1
2.0,2.0,2.0,2.0,3.0,3.0,2.0,3.0,1.0,3,2,2,3,1,1,1,1,1,1,1,1
4.0,4.0,4.0,4.0,4.0,4.0,4.0,4.0,4.0,4,4,4,1,1,4,1,1,1,1,1,1
3.0,2.0,3.0,2.0,4.0,3.0,2.0,3.0,2.0,1,2,2,4,1,1,1,1,1,2,1,1
4.0,4.0,2.0,3.0,2.0,4.0,3.0,4.0,2.0,2,2,3,3,1,1,1,2,2,1,3,1
2.0,2.0,4.0,4.0,4.0,4.0,2.0,4.0,3.0,3,3,2,3,1,2,1,1,1,1,1,1
2.0,3.0,4.0,4.0,3.0,3.0,3.0,3.0,3.0,3,4,3,3,2,2,1,1,1,1,1,1
2.0,2.0,3.0,3.0,3.0,4.0,2.0,2.0,2.0,2,3,4,2,2,1,2,1,1,1,2,2
2.0,2.0,3.0,3.0,2.0,3.0,2.0,3.0,2.0,3,3,3,3,2,2,2,2,2,2,2,2
2.0,2.0,2.0,3.0,3.0,4.0,2.0,3.0,2.0,2,2,3,3,1,1,1,1,1,1,2,1
4.0,4.0,3.0,3.0,3.0,2.0,2.0,2.0,2.0,2,3,4,3,1,3,1,1,1,4,1,2
1.0,2.0,2.0,2.0,2.0,2.0,2.0,2.0,2.0,2,2,2,2,2,2,2,2,2,2,2,2
2.0,2.0,3.0,4.0,4.0,4.0,2.0,4.0,2.0,4,3,3,3,1,2,1,1,3,1,2,3
,,,,,,,,,2,4,3,3,2,3,1,1,1,1,2,1
3.0,4.0,3.0,4.0,4.0,4.0,3.0,4.0,2.0,2,2,2,3,1,3,1,3,2,4,4,2
2.0,2.0,2.0,2.0,3.0,3.0,2.0,3.0,2.0,2,2,2,2,2,2,1,1,2,1,1,1
2.0,2.0,2.0,2.0,3.0,3.0,2.0,3.0,2.0,2,2,2,3,1,1,2,1,2,2,3,2
1.0,1.0,2.0,3.0,4.0,4.0,3.0,4.0,2.0,1,3,2,3,2,1,2,1,2,2,2,1
2.0,2.0,3.0,3.0,3.0,4.0,3.0,3.0,2.0,3,3,3,2,2,2,2,2,2,2,2,2
2.0,1.0,1.0,2.0,2.0,2.0,2.0,2.0,2.0,2,2,2,2,3,3,2,2,2,2,2,2
,,,,,,,,,4,4,3,3,1,1,1,1,1,1,1,1
3.0,2.0,4.0,4.0,4.0,4.0,2.0,4.0,3.0,4,3,4,3,2,1,1,1,1,1,1,1
2.0,2.0,3.0,4.0,3.0,4.0,2.0,3.0,3.0,3,4,3,3,2,2,1,1,1,1,2,1
3.0,2.0,4.0,4.0,4.0,4.0,2.0,4.0,2.0,2,2,3,3,1,1,1,2,1,2,1,2
,,,,,,,,,2,2,2,2,2,2,1,2,2,2,3,2
3.0,2.0,4.0,3.0,4.0,4.0,2.0,3.0,3.0,3,4,4,4,1,2,1,2,3,1,3,1
,,,,,,,,,3,3,3,2,2,2,2,2,2,3,2,2
,,,,,,,,,2,2,4,3,3,3,4,2,4,4,4,4
,,,,,,,,,3,4,4,2,3,2,3,1,1,1,2,3
1.0,2.0,4.0,4.0,3.0,4.0,3.0,4.0,2.0,1,4,4,3,1,2,3,1,1,1,3,1
2.0,2.0,2.0,3.0,3.0,4.0,2.0,4.0,3.0,3,3,3,3,1,1,1,1,1,2,1,1
2.0,2.0,3.0,3.0,4.0,4.0,2.0,4.0,2.0,2,3,3,4,1,3,1,1,1,1,1,1
2.0,3.0,2.0,2.0,3.0,3.0,2.0,2.0,2.0,2,2,3,2,1,1,1,1,2,2,1,1
2.0,2.0,2.0,3.0,3.0,3.0,2.0,3.0,2.0,2,2,2,3,1,1,1,1,1,1,1,1
3.0,1.0,2.0,2.0,3.0,4.0,2.0,3.0,2.0,2,2,3,2,2,2,1,1,2,2,2,2
3.0,3.0,4.0,4.0,3.0,3.0,3.0,3.0,3.0,3,4,4,4,2,1,1,1,2,1,2,1
2.0,2.0,3.0,3.0,2.0,2.0,1.0,3.0,2.0,2,3,2,3,1,1,1,1,1,1,2,1
,,,,,,,,,3,3,2,2,2,3,2,2,2,2,2,2
,,,,,,,,,2,2,2,2,1,1,1,1,1,2,2,1
2.0,2.0,2.0,3.0,3.0,4.0,2.0,3.0,2.0,2,3,3,4,1,2,2,2,2,1,3,1
3.0,3.0,4.0,4.0,3.0,3.0,2.0,3.0,2.0,3,3,2,3,1,1,2,1,1,1,2,1
2.0,2.0,3.0,3.0,3.0,4.0,2.0,3.0,2.0,2,3,2,2,1,1,1,1,1,1,2,1
2.0,2.0,2.0,2.0,3.0,4.0,2.0,4.0,2.0,2,3,3,3,1,1,1,1,1,1,1,1
2.0,2.0,3.0,3.0,2.0,3.0,3.0,3.0,3.0,2,3,3,2,1,2,1,2,2,1,2,1
2.0,2.0,2.0,2.0,2.0,4.0,2.0,3.0,2.0,2,2,2,3,1,1,1,1,1,1,2,1
2.0,2.0,3.0,3.0,4.0,4.0,2.0,4.0,3.0,2,3,3,3,2,3,2,2,2,2,3,2
3.0,3.0,4.0,4.0,4.0,4.0,4.0,4.0,3.0,2,4,3,3,1,1,1,1,3,2,2,1
3.0,2.0,4.0,4.0,2.0,3.0,2.0,3.0,2.0,3,4,4,3,1,1,1,1,1,1,1,1
,,,,,,,,,2,3,3,2,2,2,2,2,2,2,2,2
4.0,4.0,4.0,4.0,4.0,4.0,4.0,4.0,4.0,4,3,4,3,3,3,3,1,3,3,2,2
2.0,2.0,3.0,3.0,3.0,3.0,2.0,3.0,2.0,2,2,2,2,2,4,2,3,2,3,2,2
2.0,2.0,3.0,3.0,3.0,3.0,2.0,3.0,2.0,2,3,3,3,1,1,1,1,2,2,1,1
2.0,2.0,2.0,3.0,3.0,3.0,2.0,3.0,1.0,2,3,3,3,2,2,1,1,2,3,3,1
2.0,3.0,3.0,3.0,3.0,3.0,3.0,3.0,2.0,3,3,3,3,2,2,2,2,2,2,3,2
3.0,3.0,4.0,4.0,2.0,3.0,2.0,3.0,1.0,2,3,3,4,3,3,1,1,1,1,1,3
2.0,2.0,2.0,3.0,4.0,4.0,3.0,3.0,2.0,2,3,3,3,1,1,1,1,1,1,1,1
4.0,4.0,4.0,4.0,3.0,4.0,1.0,2.0,2.0,1,3,4,2,2,1,1,1,1,1,1,1
2.0,2.0,3.0,3.0,3.0,4.0,2.0,4.0,2.0,2,3,3,3,2,3,1,1,1,2,2,1
4.0,2.0,4.0,3.0,4.0,4.0,1.0,4.0,4.0,4,2,2,2,1,1,1,1,1,1,1,4
2.0,2.0,4.0,2.0,3.0,4.0,1.0,4.0,2.0,3,3,3,3,1,1,1,1,1,1,1,1
2.0,2.0,3.0,2.0,3.0,3.0,2.0,4.0,3.0,2,2,2,2,1,1,1,1,1,1,1,1
2.0,2.0,3.0,2.0,2.0,2.0,1.0,3.0,1.0,3,3,3,2,1,1,1,1,1,1,1,1
,,,,,,,,,4,4,4,4,1,1,1,1,1,1,1,1
2.0,3.0,3.0,2.0,3.0,2.0,2.0,3.0,2.0,2,2,3,2,2,2,2,2,2,2,2,2
3.0,2.0,3.0,3.0,3.0,3.0,2.0,3.0,3.0,2,2,2,2,2,1,1,1,2,1,2,1
2.0,2.0,2.0,2.0,4.0,3.0,2.0,3.0,2.0,3,2,2,2,2,2,1,1,1,1,1,1
2.0,3.0,3.0,2.0,3.0,4.0,2.0,3.0,2.0,2,2,2,2,1,1,1,1,1,1,1,1
2.0,2.0,2.0,2.0,2.0,2.0,2.0,2.0,2.0,1,2,2,2,1,1,1,1,1,1,1,1
3.0,3.0,3.0,3.0,4.0,4.0,3.0,4.0,2.0,3,4,4,3,2,4,1,1,1,1,1,1
3.0,2.0,3.0,3.0,3.0,4.0,3.0,3.0,3.0,2,3,3,4,1,1,1,1,2,1,4,1
,,,,,,,,,2,2,2,2,2,2,2,2,2,2,3,1
,,,,,,,,,2,3,3,3,2,2,2,2,2,2,2,2
2.0,2.0,3.0,2.0,4.0,3.0,2.0,3.0,1.0,3,3,4,2,2,2,1,1,2,2,2,1
2.0,2.0,3.0,3.0,2.0,4.0,2.0,2.0,3.0,2,2,2,2,2,1,2,1,1,1,1,2
1.0,2.0,2.0,2.0,1.0,2.0,2.0,2.0,2.0,1,1,1,1,1,1,1,1,1,1,1,1
2.0,3.0,4.0,4.0,4.0,4.0,2.0,2.0,3.0,2,2,2,2,1,3,1,1,1,3,2,1
2.0,2.0,3.0,2.0,3.0,4.0,3.0,3.0,1.0,4,2,3,4,1,1,1,3,2,1,2,1
,,,,,,,,,3,3,3,3,1,1,2,2,1,2,2,2
3.0,3.0,3.0,3.0,3.0,3.0,2.0,3.0,2.0,2,3,3,3,2,3,1,2,2,2,2,2
3.0,2.0,4.0,3.0,4.0,4.0,2.0,2.0,2.0,3,3,3,2,1,1,1,1,1,2,3,2
2.0,1.0,2.0,2.0,3.0,4.0,2.0,4.0,3.0,3,2,2,2,1,1,1,1,1,1,1,1
2.0,2.0,2.0,3.0,3.0,2.0,2.0,3.0,2.0,3,3,3,3,2,2,2,1,1,2,1,1
2.0,2.0,4.0,4.0,4.0,4.0,2.0,4.0,1.0,3,4,3,4,1,1,1,1,2,3,3,1
2.0,2.0,3.0,3.0,3.0,3.0,3.0,3.0,2.0,2,2,3,3,2,2,2,2,3,3,2,2
1.0,1.0,2.0,3.0,2.0,2.0,3.0,2.0,1.0,1,1,1,2,1,2,1,1,3,3,1,2
2.0,2.0,3.0,3.0,3.0,4.0,3.0,4.0,3.0,3,3,4,2,1,1,2,1,1,1,2,1
3.0,2.0,3.0,3.0,3.0,4.0,3.0,3.0,2.0,3,2,2,2,1,1,1,1,2,2,1,1
2.0,3.0,3.0,3.0,3.0,4.0,3.0,4.0,2.0,3,2,3,3,2,1,3,2,2,3,2,2
2.0,2.0,3.0,3.0,3.0,3.0,2.0,3.0,2.0,2,2,2,2,1,2,1,2,2,1,3,1
2.0,2.0,3.0,3.0,3.0,4.0,2.0,4.0,2.0,3,3,3,3,1,2,1,1,1,2,1,1
2.0,2.0,3.0,3.0,4.0,4.0,3.0,4.0,4.0,3,4,4,4,2,4,2,2,1,2,2,2
1.0,1.0,2.0,3.0,3.0,4.0,1.0,4.0,2.0,2,3,3,2,1,2,1,1,1,1,1,1
2.0,3.0,3.0,3.0,4.0,4.0,2.0,3.0,2.0,2,3,3,3,2,2,2,1,3,2,3,2
3.0,3.0,4.0,4.0,4.0,3.0,3.0,3.0,2.0,2,3,4,2,1,2,2,1,1,3,1,1
1.0,1.0,2.0,2.0,1.0,2.0,1.0,2.0,2.0,3,3,3,2,1,4,2,2,1,2,1,1
2.0,2.0,3.0,4.0,2.0,3.0,2.0,3.0,2.0,3,3,2,2,2,3,2,1,1,1,3,2
,,,,,,,,,2,4,4,3,3,2,2,1,2,2,1,2
2.0,2.0,3.0,3.0,4.0,4.0,2.0,4.0,2.0,3,3,3,4,1,1,1,1,1,1,1,1
,,,,,,,,,3,4,3,2,3,2,3,3,2,1,3,1
,,,,,,,,,3,3,3,3,2,2,2,2,2,2,2,2
3.0,2.0,3.0,3.0,3.0,3.0,2.0,3.0,3.0,2,3,3,2,3,2,1,1,2,1,1,1
2.0,2.0,4.0,4.0,4.0,4.0,4.0,4.0,1.0,1,1,1,1,1,1,1,1,1,1,1,1
,,,,,,,,,2,3,3,3,1,2,2,2,2,2,3,1
3.0,4.0,4.0,3.0,3.0,2.0,2.0,4.0,2.0,2,4,4,2,2,2,2,1,1,1,1,2
2.0,2.0,2.0,2.0,3.0,3.0,2.0,4.0,2.0,2,2,3,3,1,1,1,1,1,1,2,1
,,,,,,,,,2,3,4,4,3,2,1,2,1,1,1,3
2.0,2.0,4.0,3.0,3.0,3.0,3.0,3.0,2.0,3,2,2,2,1,2,3,1,2,2,3,1
,,,,,,,,,2,3,3,2,2,2,2,1,2,2,1,2
1.0,4.0,4.0,4.0,4.0,4.0,4.0,4.0,1.0,1,4,1,2,1,1,1,1,1,1,1,1
2.0,2.0,2.0,2.0,3.0,4.0,2.0,3.0,2.0,2,2,2,2,1,1,1,1,1,2,1,1
2.0,2.0,2.0,2.0,2.0,3.0,2.0,2.0,2.0,1,2,2,2,1,1,1,1,1,1,1,2
3.0,2.0,3.0,3.0,3.0,4.0,4.0,2.0,3.0,3,4,4,2,2,3,1,1,2,2,1,1
3.0,2.0,3.0,3.0,4.0,4.0,2.0,3.0,2.0,3,3,4,2,1,1,1,1,1,1,3,1
2.0,2.0,3.0,3.0,4.0,4.0,2.0,4.0,2.0,3,4,3,3,2,1,1,1,1,1,2,1
4.0,4.0,4.0,4.0,4.0,4.0,3.0,4.0,4.0,3,3,3,3,3,3,3,3,3,3,3,3
2.0,2.0,4.0,4.0,4.0,4.0,2.0,4.0,2.0,3,4,4,2,1,1,1,1,1,1,1,1
3.0,3.0,4.0,4.0,4.0,3.0,3.0,3.0,2.0,3,4,3,3,1,2,2,1,1,3,3,1
2.0,1.0,2.0,3.0,2.0,3.0,1.0,3.0,1.0,3,3,3,3,1,1,1,1,1,1,1,1
2.0,2.0,3.0,3.0,3.0,4.0,3.0,4.0,2.0,3,3,2,3,1,1,1,2,2,1,3,1
,,,,,,,,,2,3,3,2,3,2,2,2,4,2,2,2
,,,,,,,,,2,2,3,3,2,2,2,2,2,3,3,2
2.0,2.0,3.0,3.0,4.0,4.0,2.0,4.0,2.0,2,2,2,3,1,2,1,1,2,1,1,1
3.0,2.0,4.0,4.0,3.0,4.0,2.0,3.0,2.0,2,3,3,3,2,3,3,2,2,2,2,2
2.0,2.0,3.0,3.0,2.0,4.0,1.0,2.0,1.0,2,4,4,3,1,1,2,3,2,2,2,1
3.0,3.0,3.0,4.0,2.0,4.0,3.0,3.0,2.0,3,3,3,3,1,1,2,1,1,2,3,2
3.0,4.0,4.0,4.0,3.0,3.0,3.0,3.0,2.0,3,3,3,3,2,2,1,1,1,1,2,2
2.0,2.0,3.0,3.0,4.0,4.0,2.0,4.0,2.0,3,3,3,2,2,3,1,2,2,1,1,1
2.0,2.0,4.0,3.0,4.0,4.0,2.0,4.0,2.0,3,4,3,4,3,3,2,2,2,2,2,1
2.0,2.0,3.0,2.0,3.0,3.0,2.0,3.0,2.0,2,3,2,3,2,1,2,2,2,1,2,2
3.0,2.0,2.0,3.0,4.0,3.0,2.0,4.0,2.0,2,3,2,2,1,3,1,2,2,2,1,1
2.0,2.0,3.0,4.0,3.0,4.0,3.0,3.0,2.0,2,3,3,2,1,1,2,1,2,1,2,1
2.0,2.0,3.0,2.0,3.0,3.0,2.0,3.0,2.0,2,2,3,2,2,2,1,1,1,2,2,1
3.0,2.0,4.0,4.0,3.0,4.0,2.0,4.0,2.0,4,3,3,4,2,1,1,1,3,1,2,2
,,,,,,,,,2,2,3,3,1,1,1,1,1,1,3,1
2.0,1.0,4.0,4.0,2.0,3.0,1.0,4.0,2.0,2,3,3,4,2,2,1,1,1,3,2,2
2.0,2.0,3.0,2.0,4.0,4.0,2.0,4.0,2.0,2,2,2,2,3,2,1,1,2,1,1,1
3.0,2.0,3.0,3.0,4.0,4.0,4.0,4.0,3.0,3,4,3,3,2,2,1,1,1,1,1,1
2.0,2.0,2.0,2.0,3.0,4.0,3.0,4.0,2.0,1,2,2,2,1,1,1,1,1,1,1,1
2.0,2.0,2.0,2.0,2.0,3.0,2.0,3.0,1.0,4,2,2,2,2,2,2,2,2,2,2,2
2.0,2.0,2.0,2.0,2.0,2.0,2.0,2.0,2.0,3,3,3,3,1,1,1,1,1,1,1,1
3.0,2.0,2.0,3.0,3.0,2.0,2.0,3.0,1.0,2,1,2,2,1,1,2,1,2,1,2,1
2.0,2.0,3.0,3.0,2.0,4.0,2.0,3.0,3.0,2,2,2,3,1,1,1,1,1,1,1,1
2.0,3.0,3.0,3.0,3.0,4.0,2.0,4.0,2.0,3,3,3,3,2,1,2,1,1,2,1,1
,,,,,,,,,3,4,3,2,2,1,1,2,2,2,4,1
2.0,2.0,2.0,3.0,2.0,4.0,2.0,3.0,2.0,3,3,3,4,1,1,1,2,2,1,2,1
2.0,2.0,3.0,3.0,2.0,3.0,2.0,4.0,2.0,2,2,2,2,2,3,1,1,1,2,1,2
2.0,4.0,2.0,2.0,3.0,2.0,2.0,4.0,4.0,2,2,3,2,3,3,3,3,3,3,3,3
2.0,2.0,3.0,3.0,2.0,2.0,2.0,2.0,2.0,2,3,2,2,2,2,1,1,1,3,4,2
3.0,4.0,4.0,3.0,4.0,4.0,2.0,4.0,2.0,2,3,2,2,3,2,1,1,2,1,1,1
4.0,3.0,2.0,2.0,3.0,2.0,3.0,2.0,2.0,2,3,3,3,3,3,1,1,1,1,1,1
,,,,,,,,,2,3,3,2,2,3,1,1,2,3,2,3
2.0,2.0,3.0,3.0,3.0,3.0,3.0,3.0,3.0,3,3,3,2,1,1,1,1,1,1,2,1
2.0,2.0,3.0,3.0,4.0,4.0,4.0,4.0,2.0,2,3,2,2,2,2,2,2,3,3,2,1
2.0,2.0,3.0,3.0,4.0,4.0,2.0,3.0,2.0,2,2,2,2,2,2,2,1,2,1,1,1
1.0,2.0,2.0,2.0,2.0,2.0,2.0,2.0,2.0,2,2,1,2,2,2,2,2,2,2,2,2
2.0,2.0,2.0,3.0,2.0,3.0,2.0,3.0,2.0,2,2,2,3,1,2,1,1,1,1,1,1
2.0,2.0,2.0,3.0,2.0,4.0,2.0,4.0,2.0,2,3,2,3,1,1,1,1,1,1,1,1
2.0,2.0,3.0,3.0,3.0,3.0,3.0,3.0,2.0,2,3,2,3,2,2,2,2,2,2,2,2
2.0,2.0,3.0,3.0,3.0,4.0,2.0,4.0,2.0,2,3,3,4,1,1,1,1,1,1,1,1
3.0,3.0,2.0,2.0,2.0,3.0,3.0,2.0,3.0,3,4,3,3,3,3,2,1,1,3,1,3
3.0,2.0,2.0,3.0,3.0,3.0,2.0,2.0,2.0,1,2,1,2,2,2,1,2,1,2,2,2
2.0,1.0,3.0,3.0,4.0,3.0,2.0,3.0,3.0,2,2,2,1,1,1,1,2,1,1,2,2
4.0,3.0,4.0,4.0,3.0,4.0,2.0,3.0,1.0,2,3,4,3,3,4,1,1,1,1,1,1
2.0,3.0,4.0,4.0,3.0,4.0,1.0,4.0,2.0,4,4,4,4,4,3,1,1,1,1,1,1
3.0,2.0,3.0,3.0,3.0,4.0,2.0,4.0,2.0,3,3,3,4,1,2,1,1,1,1,1,1
2.0,2.0,4.0,2.0,2.0,3.0,2.0,3.0,2.0,3,3,3,3,1,1,1,1,2,2,1,1
2.0,2.0,2.0,3.0,3.0,4.0,4.0,4.0,2.0,2,3,2,3,1,2,1,1,2,1,2,1
2.0,2.0,2.0,3.0,3.0,4.0,2.0,4.0,2.0,2,2,2,2,3,2,1,1,1,1,1,1
,,,,,,,,,4,4,4,4,4,4,4,4,4,4,4,4
2.0,2.0,2.0,3.0,3.0,3.0,2.0,3.0,3.0,3,2,3,3,1,2,1,1,1,1,1,1
3.0,2.0,2.0,3.0,3.0,3.0,2.0,4.0,2.0,3,2,3,3,1,2,1,1,1,1,2,1
1.0,2.0,4.0,4.0,4.0,4.0,4.0,4.0,1.0,2,1,3,2,1,1,1,1,1,1,1,1
2.0,2.0,3.0,3.0,2.0,3.0,2.0,3.0,2.0,3,3,3,3,2,3,1,1,1,1,1,1
2.0,2.0,2.0,2.0,2.0,3.0,2.0,2.0,2.0,2,2,2,2,3,2,2,2,2,3,2,2
2.0,3.0,2.0,3.0,2.0,3.0,2.0,3.0,1.0,1,1,2,1,1,1,1,1,1,1,1,1
3.0,3.0,4.0,4.0,4.0,4.0,2.0,4.0,3.0,2,3,3,4,1,1,2,1,2,1,1,1
,,,,,,,,,3,3,3,3,3,3,3,3,3,3,3,3
2.0,2.0,3.0,3.0,3.0,3.0,2.0,3.0,2.0,3,3,3,3,2,2,1,1,1,1,1,1
2.0,3.0,4.0,3.0,4.0,4.0,2.0,4.0,3.0,3,4,3,3,2,2,1,1,1,3,1,1
2.0,2.0,3.0,3.0,3.0,3.0,2.0,3.0,2.0,2,2,2,2,1,1,1,1,2,1,3,3
3.0,2.0,3.0,2.0,3.0,3.0,3.0,2.0,3.0,4,3,4,3,2,2,2,1,1,1,1,1
2.0,2.0,3.0,3.0,2.0,4.0,2.0,3.0,2.0,4,3,2,2,1,1,1,1,1,1,2,1
,,,,,,,,,3,3,3,3,2,2,2,2,2,2,2,2
3.0,2.0,3.0,3.0,2.0,3.0,2.0,3.0,2.0,1,1,1,1,1,1,1,1,1,1,1,1
4.0,4.0,4.0,4.0,4.0,4.0,4.0,4.0,4.0,2,2,2,2,2,2,3,2,2,2,2,2
2.0,2.0,3.0,3.0,3.0,3.0,2.0,3.0,2.0,2,3,3,2,1,1,1,1,2,1,1,1
2.0,3.0,3.0,3.0,3.0,3.0,2.0,2.0,1.0,3,4,4,4,3,2,3,2,2,3,1,2
2.0,3.0,4.0,3.0,2.0,4.0,3.0,2.0,1.0,2,3,3,2,1,1,1,1,1,1,3,1
1.0,2.0,3.0,4.0,3.0,4.0,3.0,4.0,2.0,3,3,2,3,2,2,1,1,1,1,4,2
2.0,2.0,4.0,2.0,3.0,3.0,3.0,3.0,2.0,2,3,3,2,1,1,1,1,2,2,2,1
2.0,2.0,2.0,3.0,3.0,3.0,2.0,3.0,2.0,2,2,2,3,1,3,1,1,1,1,2,2
2.0,2.0,3.0,2.0,2.0,2.0,2.0,4.0,1.0,3,3,3,2,2,3,2,1,2,3,1,1
2.0,2.0,1.0,2.0,3.0,1.0,2.0,2.0,2.0,3,3,3,3,3,3,2,2,3,3,3,3
2.0,2.0,3.0,2.0,2.0,3.0,2.0,2.0,2.0,2,3,2,3,2,2,2,2,2,2,2,2
,,,,,,,,,2,3,3,3,1,2,1,2,2,1,2,2
2.0,3.0,4.0,4.0,4.0,4.0,2.0,4.0,2.0,2,3,2,4,2,3,1,1,2,2,2,1
4.0,4.0,4.0,4.0,4.0,2.0,2.0,2.0,2.0,3,4,4,2,2,1,1,2,2,1,1,1
3.0,2.0,4.0,3.0,3.0,4.0,2.0,4.0,2.0,3,3,3,3,1,1,1,1,1,1,1,1
3.0,3.0,3.0,3.0,4.0,4.0,3.0,4.0,3.0,3,3,3,3,2,2,1,1,1,1,2,1
2.0,3.0,2.0,3.0,3.0,3.0,2.0,3.0,2.0,2,3,3,3,1,1,1,1,1,1,1,1
2.0,2.0,3.0,3.0,1.0,2.0,2.0,2.0,1.0,1,1,2,2,1,1,1,1,2,2,2,1
2.0,2.0,4.0,4.0,2.0,3.0,2.0,3.0,2.0,3,4,3,3,1,1,1,1,1,1,1,1
3.0,2.0,3.0,3.0,3.0,3.0,2.0,3.0,2.0,3,3,3,3,2,2,1,2,2,3,2,1
,,,,,,,,,3,3,3,3,2,3,1,2,2,1,2,2
3.0,3.0,4.0,4.0,3.0,4.0,2.0,4.0,3.0,2,2,3,3,1,2,1,2,2,1,2,1
4.0,4.0,4.0,4.0,4.0,4.0,4.0,4.0,4.0,4,4,4,4,1,1,2,1,1,1,2,2
4.0,2.0,3.0,2.0,3.0,3.0,4.0,3.0,1.0,1,3,3,4,3,1,1,1,2,1,2,2
3.0,2.0,3.0,3.0,4.0,4.0,3.0,2.0,2.0,3,3,4,3,2,2,1,1,2,1,1,1
4.0,2.0,3.0,3.0,3.0,4.0,2.0,4.0,2.0,2,4,4,4,1,1,1,2,2,1,4,1
4.0,4.0,4.0,4.0,4.0,4.0,4.0,2.0,4.0,3,4,4,3,1,2,1,1,1,2,1,1
2.0,2.0,2.0,2.0,3.0,3.0,2.0,3.0,2.0,3,3,3,3,2,2,2,2,1,2,1,2
2.0,3.0,2.0,4.0,4.0,4.0,4.0,4.0,2.0,2,2,1,2,1,3,1,1,1,1,4,2
,,,,,,,,,4,3,3,2,2,2,2,1,2,1,2,2
3.0,3.0,3.0,3.0,3.0,3.0,3.0,3.0,3.0,3,3,3,3,2,3,2,2,2,2,2,2
3.0,2.0,4.0,3.0,4.0,4.0,4.0,4.0,2.0,2,4,4,2,3,3,1,1,1,1,1,1
,,,,,,,,,2,2,2,2,1,1,2,2,1,3,3,1
,,,,,,,,,2,4,4,2,1,1,1,1,1,1,1,1
2.0,2.0,2.0,3.0,3.0,3.0,3.0,4.0,2.0,2,3,3,3,1,2,1,2,2,2,3,1
3.0,3.0,3.0,3.0,3.0,3.0,3.0,3.0,3.0,3,3,3,3,2,2,2,2,2,1,2,2
2.0,2.0,3.0,3.0,3.0,4.0,2.0,3.0,2.0,4,2,1,3,2,2,1,2,2,2,2,2
2.0,1.0,2.0,1.0,2.0,1.0,2.0,2.0,1.0,2,2,2,2,1,1,1,1,2,2,1,1
2.0,3.0,3.0,3.0,2.0,3.0,2.0,3.0,1.0,3,3,3,4,2,3,1,1,1,2,2,1
2.0,2.0,3.0,3.0,3.0,4.0,1.0,3.0,2.0,3,3,3,3,1,1,1,2,2,1,2,1
2.0,2.0,2.0,3.0,3.0,4.0,2.0,4.0,2.0,2,2,3,2,1,1,1,1,1,1,2,1
2.0,2.0,3.0,3.0,3.0,3.0,2.0,3.0,2.0,2,3,3,3,1,2,1,1,2,1,1,1
2.0,2.0,3.0,3.0,2.0,3.0,2.0,3.0,2.0,3,3,3,4,2,2,1,2,2,2,3,2
3.0,2.0,2.0,3.0,3.0,2.0,3.0,2.0,2.0,3,1,2,3,3,3,3,2,3,3,3,3
3.0,2.0,4.0,4.0,4.0,4.0,2.0,3.0,2.0,3,3,3,2,1,2,1,1,1,1,1,1
3.0,2.0,3.0,2.0,3.0,4.0,1.0,3.0,2.0,3,3,3,4,1,2,1,1,1,1,1,1
2.0,2.0,3.0,3.0,3.0,3.0,2.0,4.0,3.0,2,3,3,3,2,2,2,2,2,2,2,2
2.0,2.0,4.0,4.0,4.0,4.0,2.0,3.0,2.0,2,4,2,3,1,2,2,2,2,3,4,1
4.0,4.0,4.0,4.0,4.0,4.0,4.0,4.0,2.0,3,4,4,3,1,1,1,1,2,2,1,4
,,,,,,,,,3,4,4,3,2,2,2,2,2,4,2,2
,,,,,,,,,3,3,3,3,2,1,1,2,1,2,1,2
3.0,3.0,3.0,3.0,3.0,3.0,3.0,3.0,2.0,2,3,3,3,2,2,3,2,2,2,2,2
,,,,,,,,,3,3,3,3,1,1,1,1,1,1,1,1
2.0,2.0,3.0,3.0,3.0,3.0,2.0,4.0,3.0,3,3,3,4,1,2,1,2,2,1,1,1
,,,,,,,,,2,4,3,2,2,3,3,1,2,3,1,2
2.0,3.0,4.0,4.0,4.0,4.0,3.0,2.0,2.0,3,3,4,4,1,1,1,1,2,4,2,1
2.0,1.0,1.0,2.0,2.0,3.0,2.0,1.0,2.0,2,1,1,1,2,1,2,1,2,1,1,2
2.0,2.0,2.0,1.0,2.0,2.0,2.0,2.0,2.0,1,2,2,1,3,3,3,2,3,4,3,4
2.0,2.0,4.0,3.0,4.0,4.0,3.0,2.0,2.0,3,3,3,2,2,2,2,2,2,3,3,2
2.0,2.0,4.0,2.0,4.0,4.0,1.0,4.0,2.0,3,4,4,3,1,2,1,1,1,1,1,1
3.0,3.0,3.0,3.0,2.0,3.0,3.0,3.0,3.0,3,3,3,3,2,3,3,2,3,2,3,2
4.0,4.0,3.0,2.0,1.0,4.0,4.0,3.0,2.0,3,3,2,2,2,2,2,2,2,2,1,2
2.0,1.0,3.0,3.0,3.0,3.0,1.0,4.0,3.0,3,4,3,3,2,2,1,1,1,1,1,1
2.0,2.0,2.0,2.0,3.0,4.0,2.0,4.0,2.0,2,2,3,3,2,2,1,1,2,1,2,3
2.0,1.0,2.0,3.0,2.0,2.0,2.0,2.0,2.0,2,2,2,3,1,1,1,1,1,1,2,1
1.0,1.0,3.0,3.0,1.0,2.0,2.0,2.0,2.0,1,2,1,2,2,2,2,1,2,2,1,1
1.0,1.0,2.0,2.0,3.0,2.0,2.0,3.0,2.0,2,2,3,2,1,2,1,2,3,2,2,1
3.0,2.0,2.0,3.0,3.0,3.0,3.0,3.0,2.0,3,2,2,3,1,1,1,1,1,1,1,1
,,,,,,,,,2,3,2,3,2,2,2,2,2,2,2,2
1.0,1.0,1.0,2.0,1.0,1.0,2.0,2.0,2.0,2,1,1,2,1,2,1,1,1,1,2,1
3.0,2.0,3.0,3.0,4.0,4.0,3.0,3.0,3.0,3,4,4,3,2,4,3,2,2,2,2,2
3.0,2.0,4.0,3.0,4.0,4.0,3.0,4.0,3.0,3,4,3,3,3,2,1,1,2,1,1,1
2.0,2.0,3.0,4.0,4.0,4.0,2.0,4.0,3.0,2,3,3,3,1,1,2,2,2,1,3,1
,,,,,,,,,2,3,3,3,1,3,1,1,2,1,3,2
2.0,3.0,3.0,2.0,3.0,3.0,3.0,3.0,2.0,2,2,2,2,1,2,1,1,2,1,3,2
,,,,,,,,,2,2,2,2,2,3,2,1,1,1,1,1
2.0,2.0,3.0,2.0,2.0,3.0,2.0,3.0,2.0,3,3,3,3,3,3,3,3,3,3,3,3
2.0,3.0,2.0,3.0,1.0,3.0,2.0,3.0,2.0,2,2,2,4,1,1,1,1,1,1,1,1
2.0,2.0,2.0,2.0,3.0,4.0,2.0,3.0,2.0,3,3,3,3,1,2,1,1,1,1,1,1
2.0,3.0,4.0,4.0,4.0,3.0,3.0,4.0,3.0,4,3,3,2,2,2,2,1,2,2,1,1
2.0,2.0,2.0,2.0,3.0,2.0,2.0,3.0,2.0,3,3,2,2,2,2,2,2,2,2,2,2
2.0,2.0,3.0,3.0,4.0,4.0,2.0,4.0,3.0,3,3,3,3,2,3,1,1,2,1,2,1
1.0,1.0,1.0,1.0,1.0,1.0,1.0,1.0,1.0,1,1,1,1,1,1,1,1,1,1,1,1
3.0,2.0,2.0,2.0,3.0,4.0,3.0,3.0,3.0,2,2,2,3,1,1,1,1,1,1,2,1
,,,,,,,,,2,2,2,2,2,2,2,2,2,2,3,1
2.0,2.0,3.0,2.0,2.0,3.0,2.0,3.0,2.0,3,3,2,3,2,1,2,2,2,2,3,3
3.0,3.0,4.0,3.0,3.0,4.0,2.0,3.0,2.0,3,3,4,3,1,1,1,2,2,2,1,2
3.0,3.0,2.0,2.0,2.0,3.0,2.0,3.0,2.0,3,3,4,4,2,2,1,1,2,2,1,1
4.0,3.0,4.0,3.0,3.0,3.0,2.0,2.0,1.0,3,4,4,2,2,2,2,1,1,2,1,1
4.0,2.0,4.0,4.0,3.0,2.0,3.0,3.0,2.0,2,3,3,2,2,2,2,2,2,2,2,2
3.0,2.0,3.0,3.0,2.0,2.0,2.0,2.0,2.0,2,4,3,3,1,1,2,2,2,3,2,2
1.0,1.0,3.0,3.0,4.0,3.0,1.0,3.0,2.0,3,3,3,2,2,1,1,2,2,1,2,1
2.0,2.0,3.0,2.0,3.0,3.0,2.0,2.0,1.0,2,3,3,2,3,2,3,1,3,2,2,2
3.0,2.0,3.0,2.0,3.0,2.0,2.0,2.0,2.0,2,3,2,3,1,1,1,1,1,1,2,1
4.0,2.0,3.0,3.0,3.0,3.0,3.0,3.0,2.0,3,3,3,2,2,1,2,1,2,3,2,1
2.0,3.0,4.0,4.0,3.0,4.0,3.0,4.0,2.0,4,3,3,3,2,2,1,1,2,1,2,3
2.0,1.0,3.0,2.0,2.0,4.0,2.0,2.0,1.0,1,1,1,1,1,1,4,1,1,3,1,1
2.0,2.0,2.0,3.0,4.0,3.0,2.0,4.0,2.0,3,3,3,3,2,1,1,2,1,2,2,2
,,,,,,,,,2,3,3,2,2,1,2,1,2,2,2,2
,,,,,,,,,2,2,4,2,1,1,1,1,1,1,1,1
2.0,2.0,3.0,3.0,3.0,4.0,2.0,3.0,2.0,3,3,3,3,2,2,2,1,2,2,2,1
,,,,,,,,,2,3,3,2,2,3,2,2,2,2,2,3
3.0,3.0,4.0,4.0,4.0,4.0,3.0,4.0,3.0,3,3,3,4,1,2,1,2,2,1,2,1
2.0,2.0,1.0,3.0,4.0,4.0,4.0,4.0,3.0,2,2,2,3,1,2,1,1,2,2,3,1
3.0,3.0,3.0,3.0,2.0,2.0,2.0,2.0,2.0,1,2,3,2,2,2,2,3,2,2,2,2
3.0,2.0,3.0,3.0,3.0,2.0,3.0,2.0,2.0,3,4,4,3,3,3,3,2,3,4,2,3
3.0,2.0,3.0,3.0,3.0,3.0,4.0,3.0,3.0,3,3,3,3,1,1,1,1,1,1,2,1
2.0,1.0,3.0,3.0,3.0,4.0,2.0,4.0,2.0,4,4,4,4,1,1,1,1,1,1,1,1
3.0,2.0,3.0,3.0,3.0,3.0,2.0,4.0,2.0,2,3,3,3,3,2,2,1,2,1,2,1
3.0,2.0,2.0,3.0,3.0,2.0,2.0,2.0,2.0,2,3,2,2,2,2,2,2,2,3,2,2
,,,,,,,,,2,3,3,2,3,2,2,2,2,3,2,2
1.0,1.0,2.0,2.0,4.0,3.0,2.0,4.0,3.0,2,2,2,2,1,2,1,1,1,1,1,1
2.0,2.0,3.0,3.0,4.0,4.0,2.0,3.0,2.0,3,3,3,3,1,1,1,1,1,1,1,1
,,,,,,,,,3,4,4,1,4,4,4,3,3,4,4,4
2.0,2.0,3.0,3.0,3.0,3.0,3.0,3.0,3.0,2,2,2,3,1,3,2,1,1,1,2,1
2.0,2.0,2.0,3.0,3.0,4.0,2.0,3.0,2.0,2,2,2,2,2,2,1,1,2,1,2,1
3.0,2.0,3.0,3.0,3.0,4.0,2.0,4.0,2.0,4,3,2,4,1,1,2,1,2,1,2,2
1.0,1.0,2.0,2.0,3.0,4.0,1.0,3.0,1.0,2,2,2,3,1,1,2,1,1,1,2,1
2.0,2.0,3.0,3.0,2.0,3.0,3.0,3.0,2.0,3,3,3,2,1,2,1,1,1,1,1,1
3.0,2.0,3.0,2.0,3.0,3.0,2.0,3.0,2.0,3,4,2,3,1,1,1,1,1,1,1,1
,,,,,,,,,4,3,4,2,4,3,4,2,2,4,2,4
,,,,,,,,,2,2,2,2,2,2,2,2,2,3,2,2
3.0,2.0,4.0,4.0,4.0,4.0,2.0,4.0,2.0,3,3,4,4,1,1,2,1,2,3,2,2
2.0,3.0,3.0,3.0,3.0,4.0,2.0,4.0,2.0,3,2,3,3,2,3,1,1,2,1,1,1
2.0,2.0,2.0,2.0,3.0,3.0,2.0,3.0,3.0,2,2,4,3,2,1,1,2,2,2,2,1
4.0,2.0,4.0,2.0,2.0,4.0,2.0,3.0,3.0,2,2,4,2,2,3,1,1,1,1,1,1
2.0,2.0,3.0,3.0,3.0,3.0,2.0,4.0,2.0,3,3,3,3,1,2,1,1,2,1,2,1
4.0,2.0,4.0,4.0,4.0,2.0,2.0,4.0,2.0,2,3,4,1,1,1,1,1,1,1,1,1
2.0,2.0,2.0,2.0,2.0,2.0,2.0,3.0,1.0,3,3,3,3,1,2,1,1,1,3,1,1
4.0,3.0,3.0,3.0,4.0,2.0,2.0,2.0,2.0,3,4,2,2,1,2,1,1,2,1,1,1
4.0,4.0,4.0,4.0,4.0,4.0,2.0,2.0,2.0,2,4,4,1,4,1,4,1,1,2,1,4
3.0,2.0,3.0,3.0,3.0,3.0,2.0,3.0,3.0,3,3,4,3,1,3,1,1,2,2,2,1
3.0,3.0,3.0,4.0,4.0,4.0,4.0,4.0,2.0,3,3,4,4,1,2,1,2,2,2,3,1
2.0,2.0,3.0,3.0,3.0,2.0,2.0,4.0,3.0,2,2,2,3,2,3,1,1,2,1,1,1
,,,,,,,,,2,3,2,3,1,1,1,1,2,2,2,2
2.0,3.0,4.0,4.0,3.0,3.0,2.0,3.0,1.0,3,3,3,3,1,1,1,1,1,1,1,1
4.0,4.0,4.0,4.0,4.0,4.0,4.0,4.0,2.0,3,4,4,4,1,1,1,1,1,1,1,1
2.0,2.0,3.0,3.0,3.0,3.0,2.0,4.0,3.0,2,3,4,3,2,3,1,1,1,1,1,1
2.0,2.0,2.0,2.0,3.0,3.0,2.0,3.0,1.0,3,3,3,2,1,1,1,1,1,1,1,1
1.0,2.0,1.0,1.0,2.0,4.0,2.0,4.0,1.0,2,1,1,2,1,2,1,1,1,2,1,1
2.0,2.0,3.0,3.0,3.0,4.0,2.0,3.0,2.0,2,2,2,2,2,3,2,2,2,2,2,3
2.0,2.0,2.0,2.0,2.0,3.0,2.0,3.0,2.0,2,2,3,2,1,2,1,1,1,1,1,1
2.0,2.0,3.0,3.0,3.0,2.0,2.0,3.0,3.0,2,4,3,1,3,3,1,1,1,2,1,2
3.0,2.0,2.0,1.0,3.0,2.0,2.0,2.0,2.0,3,1,2,2,2,1,2,3,2,2,2,3
4.0,2.0,4.0,3.0,3.0,4.0,3.0,3.0,2.0,4,4,4,3,1,2,1,2,2,1,3,2
2.0,3.0,4.0,4.0,2.0,4.0,3.0,3.0,2.0,3,3,3,3,1,2,1,1,2,1,1,1
2.0,1.0,3.0,3.0,3.0,4.0,2.0,4.0,3.0,3,3,4,4,1,3,1,1,2,1,2,2
3.0,3.0,3.0,3.0,3.0,3.0,3.0,3.0,2.0,3,2,4,2,1,1,1,1,3,1,3,1
3.0,2.0,3.0,3.0,2.0,2.0,2.0,3.0,2.0,2,3,2,2,2,2,2,2,2,2,3,2
2.0,2.0,3.0,3.0,3.0,3.0,2.0,3.0,2.0,3,3,3,2,2,3,2,1,2,1,3,1
2.0,2.0,3.0,3.0,4.0,4.0,2.0,4.0,3.0,3,4,3,3,2,2,2,1,2,1,2,1
,,,,,,,,,3,3,3,3,1,2,2,1,2,2,1,1
3.0,3.0,3.0,2.0,3.0,3.0,2.0,3.0,2.0,3,3,3,3,1,1,2,1,1,2,2,1
,,,,,,,,,3,3,3,3,2,2,1,2,2,2,2,2
,,,,,,,,,2,2,2,2,2,3,2,2,4,1,4,4
3.0,2.0,3.0,2.0,3.0,2.0,2.0,3.0,3.0,2,1,3,2,1,2,3,2,2,3,2,3
3.0,2.0,4.0,4.0,3.0,4.0,2.0,4.0,2.0,2,3,2,3,1,2,1,1,2,2,2,1
2.0,2.0,3.0,3.0,3.0,3.0,2.0,3.0,2.0,2,2,2,2,2,2,1,1,1,1,2,1
,,,,,,,,,2,2,2,2,2,2,2,2,2,2,2,2
2.0,1.0,3.0,3.0,4.0,3.0,3.0,4.0,2.0,1,2,2,2,3,3,2,2,3,3,3,3
2.0,2.0,3.0,3.0,3.0,3.0,2.0,4.0,2.0,3,3,3,4,1,1,1,1,2,1,2,1
2.0,2.0,2.0,3.0,3.0,3.0,2.0,3.0,1.0,2,2,2,2,2,2,2,2,2,2,2,2
,,,,,,,,,4,4,3,4,1,2,1,2,3,4,4,1
,,,,,,,,,2,2,2,4,2,2,2,1,2,2,2,2
3.0,2.0,3.0,3.0,3.0,2.0,2.0,4.0,2.0,2,2,2,3,2,2,1,1,1,1,1,1
2.0,2.0,2.0,3.0,3.0,4.0,2.0,4.0,2.0,2,3,3,2,2,2,2,2,2,2,4,2
2.0,2.0,1.0,2.0,2.0,1.0,2.0,2.0,2.0,2,3,2,3,2,1,2,2,3,2,2,2
2.0,2.0,3.0,3.0,4.0,4.0,2.0,4.0,2.0,2,3,3,3,2,2,2,2,2,1,2,2
1.0,3.0,3.0,3.0,4.0,3.0,3.0,4.0,2.0,1,3,4,3,1,2,1,1,2,1,3,2
2.0,2.0,3.0,3.0,3.0,3.0,2.0,3.0,2.0,3,2,2,2,1,1,1,1,1,1,1,1
2.0,2.0,3.0,2.0,3.0,3.0,1.0,2.0,2.0,3,4,2,2,1,3,1,1,2,1,2,1
2.0,2.0,3.0,4.0,4.0,4.0,2.0,4.0,2.0,3,4,4,3,2,2,1,1,3,3,2,1
2.0,3.0,2.0,1.0,1.0,2.0,3.0,4.0,1.0,1,1,1,1,1,1,1,1,1,2,1,1
1.0,1.0,2.0,2.0,1.0,1.0,2.0,2.0,1.0,1,2,1,2,2,2,1,1,1,2,1,1
2.0,2.0,2.0,2.0,3.0,3.0,2.0,3.0,2.0,2,2,2,2,2,3,2,1,1,2,1,1
3.0,3.0,4.0,4.0,3.0,4.0,4.0,4.0,2.0,4,3,4,2,1,1,1,1,1,2,2,1
2.0,2.0,3.0,3.0,4.0,4.0,2.0,4.0,3.0,3,3,3,4,2,2,1,2,1,2,1,1
2.0,2.0,4.0,4.0,3.0,4.0,3.0,4.0,2.0,3,3,3,3,2,2,2,1,1,2,2,1
3.0,1.0,2.0,2.0,2.0,4.0,2.0,4.0,3.0,2,2,3,3,2,3,1,1,1,1,1,1
,,,,,,,,,3,2,3,3,2,2,2,2,2,2,2,1
4.0,3.0,4.0,3.0,3.0,2.0,3.0,2.0,2.0,2,3,3,2,1,2,1,1,1,1,1,1
2.0,1.0,2.0,3.0,4.0,4.0,2.0,4.0,2.0,2,3,4,4,1,1,1,1,1,1,3,1
,,,,,,,,,3,4,3,3,2,3,1,2,2,3,2,2
2.0,2.0,3.0,2.0,2.0,3.0,2.0,3.0,2.0,2,2,2,2,1,2,1,1,1,1,1,1
3.0,3.0,3.0,3.0,3.0,3.0,3.0,3.0,3.0,1,1,1,1,1,1,1,1,1,1,1,1
2.0,2.0,2.0,2.0,3.0,3.0,2.0,3.0,2.0,3,3,3,2,2,2,2,2,2,3,2,1
2.0,2.0,3.0,2.0,4.0,4.0,2.0,4.0,3.0,2,3,2,2,2,2,1,3,2,1,2,1
4.0,3.0,4.0,2.0,2.0,4.0,4.0,1.0,2.0,2,1,2,1,1,2,3,2,3,2,1,2
,,,,,,,,,2,4,4,4,4,4,1,1,4,1,1,1
2.0,2.0,2.0,2.0,2.0,2.0,2.0,2.0,2.0,2,2,2,3,1,2,2,2,2,3,2,2
2.0,2.0,2.0,3.0,3.0,4.0,2.0,3.0,2.0,2,2,2,3,1,1,1,1,1,1,1,1
3.0,2.0,4.0,4.0,4.0,4.0,2.0,4.0,2.0,2,4,3,3,1,1,2,1,1,3,1,1
3.0,2.0,2.0,2.0,4.0,3.0,2.0,4.0,2.0,3,3,3,4,3,4,1,2,2,2,2,1
2.0,2.0,2.0,3.0,3.0,4.0,3.0,4.0,1.0,2,2,2,4,1,1,1,1,1,1,3,1
3.0,2.0,3.0,3.0,3.0,4.0,3.0,3.0,2.0,2,3,3,4,1,1,1,1,1,1,1,1
2.0,2.0,2.0,3.0,3.0,4.0,2.0,3.0,2.0,2,2,3,3,1,1,1,2,2,1,3,1
3.0,2.0,3.0,2.0,4.0,4.0,3.0,3.0,3.0,3,4,4,3,4,3,2,1,2,2,1,3
2.0,3.0,3.0,3.0,3.0,3.0,3.0,3.0,2.0,2,3,3,3,2,2,1,1,1,1,1,1
2.0,2.0,2.0,3.0,3.0,3.0,3.0,3.0,1.0,3,3,3,3,1,2,1,2,2,1,3,1
2.0,2.0,3.0,3.0,4.0,3.0,2.0,4.0,3.0,2,3,3,3,2,2,1,1,1,1,1,1
2.0,2.0,2.0,3.0,3.0,4.0,2.0,4.0,2.0,2,2,2,2,1,2,1,1,1,1,1,1
3.0,3.0,3.0,3.0,3.0,3.0,3.0,3.0,3.0,2,2,2,2,2,2,2,2,2,2,2,2
2.0,4.0,4.0,4.0,4.0,4.0,4.0,4.0,2.0,4,4,4,4,1,1,1,1,1,1,1,1
2.0,2.0,2.0,3.0,3.0,3.0,3.0,4.0,2.0,2,3,3,3,1,2,1,1,2,1,2,1
2.0,2.0,2.0,2.0,3.0,3.0,2.0,3.0,2.0,2,2,2,2,1,2,1,1,2,1,2,1
3.0,2.0,2.0,2.0,3.0,4.0,3.0,3.0,2.0,2,3,3,3,1,3,1,1,1,1,2,1
2.0,2.0,3.0,3.0,3.0,4.0,2.0,4.0,2.0,2,3,3,2,1,1,1,1,2,1,2,1
2.0,2.0,2.0,3.0,3.0,4.0,2.0,4.0,2.0,3,3,3,3,2,2,1,1,1,1,1,1
4.0,4.0,4.0,4.0,4.0,4.0,4.0,4.0,2.0,2,3,3,3,1,2,1,1,1,1,1,1
,,,,,,,,,2,3,3,3,2,2,1,1,1,2,1,1
2.0,2.0,2.0,2.0,3.0,3.0,2.0,4.0,2.0,3,3,3,3,1,1,1,1,1,2,1,1
2.0,2.0,3.0,3.0,2.0,4.0,2.0,3.0,2.0,3,3,4,3,1,2,1,1,3,2,2,1
,,,,,,,,,2,2,2,2,1,1,1,4,1,1,4,1
2.0,2.0,2.0,2.0,2.0,4.0,1.0,4.0,2.0,2,2,2,2,2,3,1,1,1,1,1,1
2.0,3.0,3.0,2.0,3.0,2.0,2.0,3.0,2.0,2,3,4,2,2,3,2,1,1,2,1,1
2.0,2.0,3.0,3.0,3.0,3.0,2.0,3.0,2.0,3,3,3,3,2,2,2,2,3,1,2,2
2.0,3.0,3.0,3.0,3.0,3.0,2.0,3.0,2.0,3,3,3,3,1,1,1,1,1,1,1,1
2.0,2.0,3.0,3.0,3.0,4.0,2.0,4.0,2.0,3,3,2,3,1,2,1,1,1,2,2,1
3.0,2.0,3.0,3.0,3.0,3.0,3.0,4.0,3.0,2,2,2,2,2,2,2,2,2,2,2,2
3.0,3.0,3.0,3.0,4.0,4.0,4.0,4.0,2.0,3,3,3,3,1,1,3,2,2,2,3,1
,,,,,,,,,1,1,1,1,1,1,1,1,1,2,1,1
3.0,4.0,2.0,2.0,4.0,4.0,3.0,2.0,2.0,2,3,4,2,1,1,1,1,1,2,1,1
1.0,1.0,3.0,2.0,4.0,4.0,2.0,3.0,2.0,2,2,1,3,1,1,1,1,1,1,1,1
,,,,,,,,,2,2,2,1,2,2,2,2,2,2,2,2
1.0,1.0,1.0,2.0,2.0,3.0,1.0,4.0,1.0,1,1,1,1,1,1,1,1,1,2,1,1
2.0,2.0,2.0,2.0,2.0,3.0,2.0,4.0,2.0,2,2,2,2,2,2,1,1,2,1,2,1
2.0,2.0,3.0,3.0,3.0,3.0,2.0,3.0,2.0,3,3,3,3,1,1,1,2,2,1,1,2
3.0,3.0,3.0,3.0,3.0,2.0,4.0,3.0,3.0,3,2,2,2,1,1,1,1,1,1,2,1
2.0,1.0,2.0,2.0,2.0,1.0,1.0,1.0,1.0,2,1,2,2,1,1,3,2,1,2,3,1
2.0,2.0,3.0,3.0,3.0,2.0,2.0,3.0,1.0,2,4,3,3,1,1,1,2,2,2,3,2
3.0,2.0,3.0,4.0,2.0,4.0,2.0,3.0,2.0,2,3,3,3,1,2,2,2,3,2,3,1
1.0,2.0,2.0,3.0,4.0,4.0,2.0,4.0,2.0,2,2,2,3,2,2,1,1,1,1,1,1
2.0,2.0,3.0,3.0,2.0,3.0,3.0,3.0,2.0,3,3,3,2,2,2,2,2,2,2,2,1
1.0,2.0,1.0,1.0,2.0,1.0,2.0,1.0,2.0,1,3,1,2,3,1,1,1,2,3,2,2
,,,,,,,,,4,4,4,4,4,4,4,4,4,4,4,4
,,,,,,,,,4,4,4,3,2,2,2,1,3,3,1,2
2.0,2.0,2.0,2.0,2.0,3.0,2.0,3.0,2.0,2,4,4,4,2,2,1,2,2,1,3,3
,,,,,,,,,3,3,3,3,2,2,2,2,2,2,3,2
2.0,2.0,3.0,2.0,3.0,3.0,2.0,3.0,2.0,3,3,3,2,1,1,1,1,1,1,1,1
,,,,,,,,,2,3,3,3,2,2,2,2,2,2,2,2
,,,,,,,,,4,3,3,3,4,3,3,2,2,4,3,4
,,,,,,,,,1,3,3,3,2,1,2,2,2,2,1,1
3.0,2.0,3.0,3.0,3.0,4.0,3.0,3.0,2.0,2,2,2,2,1,2,1,1,1,1,1,1
2.0,2.0,4.0,3.0,2.0,3.0,2.0,4.0,2.0,2,3,3,2,1,1,1,1,1,1,1,1
2.0,2.0,3.0,3.0,3.0,4.0,2.0,3.0,2.0,2,2,3,3,2,3,1,1,1,2,2,2
2.0,2.0,4.0,4.0,3.0,2.0,2.0,4.0,2.0,2,2,3,3,2,1,2,1,2,2,2,1
2.0,1.0,3.0,2.0,4.0,2.0,2.0,4.0,2.0,1,2,2,2,2,4,2,2,2,3,3,2
2.0,2.0,3.0,4.0,2.0,4.0,3.0,4.0,2.0,2,2,2,3,2,2,2,1,2,3,3,2
2.0,2.0,2.0,2.0,3.0,3.0,2.0,3.0,2.0,2,3,2,3,1,2,1,2,2,3,3,1
3.0,1.0,3.0,3.0,3.0,3.0,2.0,2.0,2.0,2,2,2,2,1,2,2,1,1,2,1,2
3.0,2.0,4.0,4.0,4.0,4.0,4.0,4.0,2.0,3,4,4,3,2,2,2,2,2,2,2,2
1.0,1.0,1.0,1.0,1.0,1.0,1.0,1.0,1.0,1,1,1,1,1,1,1,1,1,1,1,1
,,,,,,,,,2,3,3,3,2,2,2,2,2,2,2,2
,,,,,,,,,4,4,4,4,2,1,4,1,1,1,3,2
3.0,3.0,4.0,4.0,3.0,4.0,2.0,3.0,1.0,2,4,4,4,2,2,2,1,1,2,1,1
2.0,2.0,3.0,3.0,3.0,4.0,3.0,4.0,3.0,2,2,2,2,1,1,1,1,1,1,2,1
2.0,2.0,2.0,2.0,2.0,4.0,2.0,4.0,2.0,2,3,3,3,2,2,2,2,2,2,2,2
3.0,2.0,4.0,3.0,2.0,3.0,2.0,4.0,2.0,2,3,3,3,2,3,2,2,3,2,2,1
2.0,2.0,3.0,3.0,4.0,3.0,2.0,3.0,2.0,2,3,3,3,1,2,1,1,1,1,1,1
2.0,2.0,2.0,3.0,2.0,4.0,3.0,3.0,2.0,3,3,3,4,1,1,1,2,3,1,3,2
2.0,2.0,3.0,4.0,4.0,4.0,2.0,4.0,2.0,2,2,4,3,1,2,1,2,2,1,3,1
2.0,2.0,3.0,3.0,3.0,4.0,2.0,3.0,2.0,2,3,3,4,2,1,1,2,2,1,2,1
,,,,,,,,,1,3,3,3,4,4,4,4,4,4,2,4
1.0,1.0,3.0,3.0,3.0,3.0,2.0,3.0,2.0,3,3,3,3,2,2,2,1,1,1,2,1
2.0,2.0,3.0,3.0,2.0,2.0,2.0,3.0,2.0,1,2,2,3,1,2,1,1,1,1,1,2
3.0,2.0,4.0,3.0,4.0,4.0,3.0,4.0,3.0,3,3,4,4,1,1,1,1,2,1,2,1
2.0,3.0,3.0,3.0,3.0,4.0,2.0,4.0,2.0,2,3,3,3,1,1,1,1,1,1,1,1
3.0,2.0,3.0,2.0,3.0,3.0,2.0,4.0,2.0,2,3,3,3,2,2,2,1,2,2,2,2
3.0,2.0,4.0,3.0,3.0,4.0,2.0,4.0,1.0,2,4,3,3,4,3,1,1,2,1,1,1
2.0,3.0,3.0,3.0,3.0,2.0,4.0,4.0,2.0,3,3,2,3,2,3,2,1,2,2,2,1
2.0,2.0,4.0,3.0,2.0,4.0,2.0,3.0,1.0,3,4,4,1,1,1,4,1,1,1,1,1
2.0,2.0,3.0,2.0,2.0,4.0,1.0,3.0,2.0,2,3,2,3,2,2,2,2,2,2,2,2
2.0,2.0,2.0,2.0,2.0,2.0,2.0,2.0,2.0,2,2,2,2,2,2,2,2,2,2,2,2
3.0,3.0,4.0,3.0,4.0,4.0,4.0,4.0,1.0,3,4,4,2,1,1,1,1,1,1,1,1
4.0,4.0,4.0,4.0,4.0,4.0,4.0,4.0,2.0,1,3,3,3,3,3,3,3,3,3,3,3
1.0,1.0,1.0,1.0,2.0,2.0,1.0,2.0,1.0,1,2,2,2,1,1,2,1,2,1,2,3
,,,,,,,,,3,3,3,3,3,3,2,3,3,2,2,2
2.0,2.0,3.0,2.0,3.0,3.0,2.0,3.0,2.0,2,3,2,2,1,1,1,1,1,1,1,1
1.0,1.0,2.0,2.0,3.0,3.0,2.0,2.0,3.0,2,3,3,2,2,2,2,2,2,2,2,1
3.0,3.0,4.0,3.0,4.0,3.0,2.0,4.0,2.0,2,3,3,3,3,2,1,1,2,1,1,1
2.0,2.0,3.0,4.0,4.0,3.0,2.0,4.0,2.0,1,2,2,2,2,4,1,1,2,1,1,2
1.0,4.0,4.0,4.0,4.0,4.0,1.0,4.0,1.0,1,1,1,3,4,4,4,1,1,1,1,4
2.0,2.0,2.0,2.0,3.0,3.0,2.0,4.0,2.0,2,3,2,2,1,3,1,1,1,1,1,1
2.0,2.0,3.0,3.0,3.0,4.0,4.0,4.0,3.0,3,3,4,4,1,1,1,1,1,1,1,1
2.0,2.0,4.0,3.0,2.0,3.0,1.0,2.0,2.0,3,2,3,2,3,4,1,1,1,4,1,3
3.0,3.0,4.0,4.0,2.0,3.0,2.0,4.0,2.0,2,3,2,3,3,4,1,1,1,2,1,2
,,,,,,,,,2,4,3,4,4,2,1,2,1,1,2,3
,,,,,,,,,4,4,3,4,2,4,3,1,3,2,4,2
4.0,4.0,4.0,2.0,4.0,3.0,1.0,3.0,1.0,2,4,4,3,4,3,2,1,1,1,1,2
2.0,2.0,2.0,2.0,2.0,3.0,2.0,3.0,2.0,2,3,2,3,1,1,1,1,1,3,1,1
2.0,1.0,3.0,3.0,3.0,3.0,2.0,4.0,2.0,3,3,3,3,1,2,1,1,1,1,1,1
4.0,1.0,1.0,3.0,2.0,3.0,2.0,1.0,4.0,2,3,4,4,2,2,3,4,4,1,3,1
4.0,3.0,4.0,2.0,3.0,2.0,2.0,4.0,3.0,2,4,4,2,3,4,1,2,1,2,1,1
4.0,2.0,4.0,4.0,2.0,2.0,3.0,4.0,2.0,1,3,3,2,1,1,1,1,1,3,1,1
2.0,2.0,3.0,3.0,3.0,3.0,2.0,4.0,2.0,1,3,2,3,2,3,4,1,1,2,1,1
3.0,2.0,2.0,2.0,4.0,4.0,2.0,3.0,4.0,2,3,2,3,3,3,2,2,2,1,2,1
1.0,2.0,3.0,3.0,3.0,3.0,2.0,4.0,3.0,2,2,2,3,1,3,1,1,2,1,2,1
2.0,3.0,2.0,2.0,3.0,3.0,2.0,3.0,2.0,3,3,2,2,2,2,2,2,2,2,2,2
2.0,2.0,1.0,2.0,3.0,2.0,2.0,3.0,2.0,2,2,2,2,1,1,1,2,2,1,2,1
2.0,1.0,2.0,2.0,2.0,2.0,2.0,2.0,2.0,2,1,1,2,2,3,2,1,2,1,3,2
1.0,1.0,2.0,1.0,1.0,2.0,2.0,2.0,1.0,2,2,1,2,1,2,1,1,2,1,2,2
2.0,2.0,2.0,3.0,2.0,4.0,2.0,4.0,2.0,3,3,3,3,1,1,1,2,2,1,3,1
3.0,3.0,4.0,3.0,3.0,4.0,2.0,4.0,2.0,2,3,3,3,1,1,1,1,1,2,1,1
2.0,2.0,3.0,3.0,3.0,2.0,2.0,3.0,3.0,2,2,2,2,2,3,2,3,2,2,2,2
3.0,2.0,4.0,3.0,3.0,2.0,2.0,3.0,2.0,2,2,2,2,1,1,1,1,1,1,1,2
,,,,,,,,,3,3,3,3,2,2,2,2,2,2,3,2
3.0,4.0,4.0,4.0,4.0,4.0,2.0,4.0,3.0,3,2,2,3,2,1,2,2,2,3,2,2
4.0,3.0,4.0,4.0,4.0,3.0,3.0,3.0,2.0,3,4,4,3,1,1,2,1,1,4,2,1
2.0,2.0,2.0,4.0,3.0,4.0,2.0,3.0,1.0,2,2,2,3,1,1,1,1,1,1,2,1
2.0,2.0,3.0,3.0,2.0,2.0,2.0,2.0,1.0,2,2,2,2,2,2,2,2,2,2,2,3
,,,,,,,,,2,2,2,2,2,2,2,2,2,2,2,2
2.0,2.0,4.0,4.0,3.0,3.0,2.0,3.0,3.0,4,2,2,3,2,2,1,2,2,1,2,1
2.0,2.0,3.0,3.0,3.0,4.0,2.0,3.0,2.0,3,3,3,3,2,2,2,1,2,2,1,2
1.0,1.0,4.0,3.0,4.0,4.0,2.0,4.0,2.0,2,4,4,4,2,2,1,1,1,1,1,1
4.0,4.0,4.0,3.0,4.0,4.0,4.0,4.0,2.0,4,4,4,3,1,1,1,1,1,1,1,1
2.0,1.0,2.0,3.0,3.0,3.0,2.0,3.0,2.0,3,2,3,2,2,2,2,2,2,3,2,2
2.0,2.0,4.0,3.0,2.0,3.0,2.0,3.0,1.0,2,3,4,2,1,1,1,1,2,1,1,1
2.0,1.0,3.0,3.0,3.0,4.0,3.0,4.0,1.0,3,3,2,3,2,2,2,1,1,1,1,2
2.0,2.0,3.0,3.0,2.0,3.0,2.0,3.0,2.0,2,2,3,3,2,2,1,1,1,1,1,1
2.0,2.0,3.0,2.0,3.0,2.0,3.0,4.0,2.0,2,4,4,3,1,1,1,1,1,2,1,1
1.0,2.0,3.0,3.0,3.0,3.0,2.0,3.0,3.0,3,2,2,2,2,2,2,2,2,2,2,2
2.0,3.0,3.0,3.0,3.0,3.0,2.0,4.0,2.0,2,3,3,3,1,1,1,1,2,1,2,1
,,,,,,,,,2,4,1,4,2,3,3,1,1,3,3,2
3.0,1.0,3.0,3.0,2.0,1.0,1.0,1.0,1.0,1,3,3,1,1,1,1,1,1,1,1,1
2.0,1.0,3.0,3.0,3.0,4.0,1.0,4.0,2.0,3,3,4,4,1,1,1,1,2,1,1,1
2.0,2.0,3.0,3.0,3.0,4.0,3.0,4.0,2.0,3,3,3,3,2,3,1,1,1,1,2,1
2.0,2.0,3.0,4.0,4.0,4.0,4.0,4.0,2.0,2,3,2,2,2,3,1,1,2,1,4,1
3.0,2.0,4.0,2.0,3.0,3.0,3.0,3.0,1.0,2,2,2,2,2,2,3,1,2,3,2,2
3.0,4.0,4.0,3.0,2.0,3.0,2.0,3.0,2.0,2,2,4,2,1,1,1,1,2,3,1,1
3.0,3.0,4.0,3.0,3.0,3.0,4.0,2.0,2.0,3,3,3,2,1,2,2,1,1,2,1,1
1.0,2.0,3.0,3.0,2.0,4.0,2.0,3.0,1.0,3,3,3,2,1,1,2,2,2,2,2,1
2.0,2.0,3.0,3.0,4.0,4.0,2.0,4.0,2.0,2,3,3,4,2,4,1,1,2,1,2,1
3.0,3.0,4.0,4.0,3.0,3.0,2.0,4.0,4.0,3,4,3,4,1,1,1,1,1,1,1,1
2.0,2.0,2.0,3.0,3.0,4.0,2.0,4.0,2.0,2,3,3,4,1,3,1,1,1,1,1,1
2.0,2.0,3.0,3.0,3.0,3.0,2.0,2.0,4.0,2,2,2,2,2,2,2,2,2,2,2,2
3.0,2.0,3.0,4.0,3.0,3.0,2.0,2.0,2.0,2,3,3,4,1,2,1,2,1,1,3,4
2.0,2.0,3.0,3.0,3.0,4.0,3.0,4.0,2.0,3,2,3,3,1,1,1,2,2,1,2,2
4.0,4.0,4.0,4.0,3.0,4.0,3.0,4.0,1.0,4,4,4,4,3,4,1,1,1,1,2,2
3.0,2.0,4.0,3.0,3.0,3.0,2.0,2.0,2.0,3,3,3,3,1,2,1,1,1,3,1,1
2.0,2.0,2.0,2.0,4.0,4.0,2.0,3.0,3.0,3,3,3,3,1,2,1,1,1,1,1,1
2.0,2.0,2.0,2.0,4.0,4.0,3.0,4.0,3.0,2,3,2,3,1,1,1,1,2,3,2,1
2.0,2.0,2.0,2.0,2.0,3.0,2.0,3.0,2.0,1,2,2,3,1,1,2,2,2,1,2,1
3.0,2.0,4.0,3.0,4.0,4.0,2.0,4.0,3.0,3,3,4,4,1,1,1,1,1,1,1,1
3.0,2.0,3.0,4.0,2.0,3.0,3.0,3.0,1.0,2,4,3,2,1,1,1,1,1,1,1,1
3.0,4.0,4.0,4.0,4.0,4.0,4.0,4.0,2.0,3,3,4,3,1,1,1,1,2,1,2,1
1.0,2.0,2.0,3.0,2.0,3.0,2.0,3.0,2.0,4,2,2,2,1,1,1,1,2,3,2,1
1.0,1.0,2.0,2.0,3.0,4.0,2.0,4.0,2.0,1,2,1,4,1,2,1,1,1,1,2,1
2.0,2.0,2.0,2.0,2.0,3.0,3.0,3.0,2.0,3,3,3,3,2,2,1,2,3,2,3,1
2.0,3.0,3.0,1.0,2.0,3.0,3.0,2.0,4.0,2,2,3,2,2,2,2,1,2,3,1,2
1.0,2.0,1.0,2.0,2.0,1.0,1.0,2.0,1.0,1,2,2,2,2,2,1,1,2,1,2,2
1.0,2.0,3.0,4.0,4.0,4.0,2.0,4.0,2.0,3,2,2,3,2,1,1,1,1,1,2,1
2.0,2.0,3.0,3.0,2.0,3.0,2.0,3.0,2.0,3,3,3,2,2,2,2,2,2,2,2,2
2.0,1.0,3.0,3.0,3.0,4.0,2.0,3.0,2.0,2,2,2,4,1,1,1,1,1,1,1,1
1.0,2.0,4.0,4.0,4.0,4.0,4.0,3.0,3.0,3,1,4,2,1,1,1,1,1,1,1,1
2.0,2.0,2.0,3.0,3.0,3.0,2.0,4.0,2.0,1,3,2,3,1,4,1,2,1,2,4,1
2.0,3.0,3.0,3.0,3.0,3.0,3.0,3.0,3.0,2,2,2,2,2,2,2,2,2,2,2,2
2.0,2.0,4.0,4.0,4.0,3.0,3.0,3.0,2.0,3,4,4,3,2,2,1,1,1,1,2,1
2.0,2.0,3.0,2.0,4.0,3.0,3.0,4.0,2.0,2,3,4,2,2,2,1,1,2,2,1,1
3.0,1.0,2.0,3.0,2.0,1.0,1.0,1.0,4.0,1,1,1,1,1,1,1,1,1,1,1,1
3.0,2.0,3.0,3.0,3.0,3.0,3.0,3.0,2.0,3,3,4,2,1,1,2,2,2,1,1,2
2.0,2.0,1.0,2.0,2.0,3.0,3.0,3.0,2.0,2,3,2,2,2,2,1,2,2,2,2,1
2.0,2.0,2.0,2.0,3.0,2.0,2.0,2.0,2.0,2,2,2,2,2,3,2,2,2,2,3,2
1.0,1.0,1.0,1.0,1.0,1.0,1.0,1.0,1.0,1,1,1,1,1,1,1,1,1,1,1,1
3.0,2.0,4.0,4.0,4.0,4.0,3.0,4.0,2.0,3,3,3,4,1,1,1,1,2,1,2,1
3.0,2.0,4.0,4.0,4.0,4.0,4.0,2.0,4.0,3,4,4,4,1,1,1,1,1,2,1,1
2.0,2.0,3.0,3.0,3.0,4.0,2.0,4.0,2.0,3,2,2,2,1,1,2,1,1,1,1,1
2.0,2.0,2.0,2.0,2.0,2.0,2.0,2.0,2.0,2,2,2,2,2,2,2,2,2,2,2,2
4.0,3.0,4.0,3.0,4.0,4.0,4.0,4.0,2.0,3,4,3,4,1,1,3,2,3,2,4,1
4.0,2.0,4.0,4.0,4.0,4.0,4.0,4.0,3.0,3,3,3,3,2,2,2,2,2,2,2,2
3.0,2.0,4.0,2.0,3.0,4.0,2.0,4.0,2.0,3,4,3,3,2,2,1,1,1,1,1,1
2.0,2.0,3.0,3.0,4.0,4.0,2.0,3.0,2.0,3,3,4,4,1,1,1,1,3,1,2,1
1.0,2.0,2.0,3.0,2.0,4.0,2.0,4.0,2.0,1,2,3,3,1,1,1,1,1,1,1,1
2.0,2.0,3.0,3.0,3.0,4.0,2.0,4.0,2.0,3,2,2,2,1,1,1,1,1,1,1,1
1.0,2.0,2.0,2.0,3.0,4.0,2.0,4.0,2.0,3,3,2,2,1,2,1,1,2,1,1,1
,,,,,,,,,3,3,3,3,3,3,3,3,3,3,3,3
,,,,,,,,,2,2,2,2,2,2,2,3,2,2,2,2
3.0,2.0,3.0,3.0,3.0,3.0,3.0,3.0,2.0,3,4,3,3,3,3,2,2,2,2,2,2
2.0,2.0,2.0,2.0,3.0,4.0,2.0,3.0,2.0,2,2,2,3,1,1,1,1,1,2,2,1
4.0,2.0,3.0,1.0,4.0,4.0,2.0,4.0,2.0,4,4,3,4,2,4,1,1,1,1,1,1
2.0,2.0,3.0,2.0,3.0,3.0,2.0,3.0,2.0,3,3,3,3,2,2,2,2,2,2,2,2
2.0,2.0,2.0,2.0,2.0,3.0,2.0,2.0,2.0,2,2,3,2,2,2,2,2,2,4,2,2
2.0,2.0,2.0,4.0,3.0,4.0,4.0,4.0,2.0,2,2,2,3,1,1,2,1,3,3,4,1
2.0,2.0,2.0,2.0,2.0,1.0,1.0,1.0,2.0,1,1,1,1,1,1,1,1,1,1,1,1
2.0,2.0,2.0,2.0,2.0,3.0,2.0,3.0,2.0,2,2,2,3,1,2,1,1,1,1,2,1
2.0,2.0,3.0,2.0,4.0,2.0,2.0,4.0,3.0,2,3,3,1,3,3,1,1,1,2,1,2
2.0,2.0,3.0,3.0,3.0,4.0,2.0,4.0,3.0,2,3,3,3,1,1,1,1,1,1,1,1
2.0,3.0,4.0,4.0,3.0,4.0,3.0,4.0,2.0,2,3,3,3,2,3,1,1,1,1,1,1
,,,,,,,,,4,3,4,2,3,1,1,1,2,1,1,1
2.0,2.0,3.0,3.0,3.0,3.0,2.0,4.0,2.0,2,2,2,2,1,1,1,1,2,1,1,1
2.0,2.0,2.0,2.0,3.0,4.0,1.0,4.0,2.0,2,2,3,3,2,2,1,1,1,1,1,1
3.0,2.0,4.0,3.0,4.0,3.0,2.0,3.0,3.0,2,2,2,3,1,2,1,1,3,1,2,2
2.0,2.0,2.0,3.0,3.0,4.0,2.0,4.0,2.0,3,3,3,3,1,1,1,2,2,2,4,1
3.0,2.0,2.0,3.0,4.0,4.0,1.0,3.0,3.0,2,2,2,3,2,2,2,1,2,3,1,1
3.0,2.0,3.0,3.0,3.0,2.0,2.0,4.0,1.0,2,2,2,2,2,2,1,2,2,2,3,2
2.0,2.0,4.0,4.0,4.0,4.0,2.0,4.0,2.0,3,4,3,3,1,1,1,1,1,4,1,1
2.0,2.0,3.0,3.0,3.0,4.0,2.0,4.0,2.0,1,2,2,3,1,1,1,2,1,1,2,1
4.0,4.0,4.0,3.0,4.0,4.0,4.0,4.0,2.0,3,4,4,4,1,1,1,1,1,1,1,1
2.0,2.0,2.0,2.0,2.0,2.0,2.0,1.0,2.0,2,2,2,2,2,2,2,2,2,2,2,2
,,,,,,,,,3,3,3,3,3,3,3,3,3,3,3,3
2.0,2.0,3.0,2.0,3.0,2.0,3.0,3.0,1.0,2,3,3,3,3,3,2,2,2,2,2,2
,,,,,,,,,3,3,3,3,1,1,2,1,1,2,2,1
,,,,,,,,,3,4,3,3,2,1,2,1,1,1,1,1
1.0,1.0,2.0,2.0,3.0,3.0,2.0,4.0,2.0,2,2,2,2,1,1,1,1,1,1,2,1
2.0,2.0,2.0,3.0,3.0,3.0,2.0,3.0,1.0,1,2,2,2,1,1,1,1,1,1,2,1
,,,,,,,,,4,4,4,2,4,4,4,4,4,4,4,4
3.0,2.0,3.0,4.0,3.0,4.0,2.0,4.0,2.0,3,3,3,3,2,2,2,2,2,2,2,2
2.0,2.0,3.0,1.0,2.0,1.0,3.0,1.0,1.0,1,2,1,1,2,2,1,2,1,3,2,2
3.0,4.0,4.0,2.0,2.0,2.0,2.0,2.0,2.0,3,4,4,2,2,1,3,1,1,2,1,2
4.0,4.0,4.0,4.0,4.0,4.0,4.0,3.0,2.0,3,3,4,3,1,2,1,2,2,1,3,1
2.0,2.0,2.0,2.0,3.0,3.0,3.0,3.0,2.0,2,2,2,3,1,2,1,2,2,2,2,1
2.0,2.0,3.0,3.0,3.0,3.0,2.0,3.0,2.0,1,2,2,1,2,2,1,2,1,1,1,1
3.0,2.0,3.0,3.0,3.0,3.0,2.0,3.0,2.0,3,3,3,3,1,1,1,1,1,1,1,1
3.0,3.0,3.0,3.0,3.0,3.0,3.0,3.0,2.0,3,4,3,2,1,1,1,1,2,1,1,1
3.0,3.0,3.0,3.0,3.0,3.0,3.0,3.0,2.0,2,2,2,2,2,2,2,2,2,2,2,2
3.0,3.0,4.0,4.0,4.0,4.0,3.0,3.0,4.0,4,4,4,3,4,4,2,1,1,1,1,1
3.0,3.0,4.0,3.0,3.0,3.0,2.0,2.0,2.0,3,3,4,3,1,1,1,1,1,1,1,1
2.0,2.0,2.0,3.0,3.0,4.0,2.0,4.0,3.0,1,1,1,1,1,1,1,1,1,1,1,2
2.0,2.0,3.0,2.0,3.0,4.0,2.0,3.0,2.0,3,3,3,2,1,1,1,1,2,1,1,1
2.0,2.0,3.0,2.0,2.0,3.0,2.0,3.0,2.0,2,3,3,4,2,1,1,1,1,1,1,1
2.0,2.0,4.0,4.0,3.0,4.0,2.0,4.0,2.0,3,4,4,4,2,2,2,2,3,2,3,2
3.0,3.0,4.0,4.0,4.0,4.0,4.0,4.0,4.0,3,4,2,4,3,4,2,1,1,1,3,1
,,,,,,,,,2,3,2,2,2,2,2,2,2,2,2,4
4.0,2.0,4.0,2.0,4.0,4.0,4.0,4.0,4.0,3,3,3,3,1,1,1,2,2,1,1,3
2.0,2.0,4.0,4.0,3.0,4.0,2.0,4.0,2.0,2,3,3,3,2,2,2,2,2,2,2,2
4.0,2.0,4.0,4.0,4.0,4.0,3.0,4.0,4.0,1,3,3,3,1,1,1,1,1,1,1,1
2.0,2.0,3.0,3.0,3.0,3.0,2.0,3.0,2.0,3,3,3,3,1,1,1,1,1,1,1,1
3.0,2.0,4.0,4.0,3.0,3.0,2.0,3.0,2.0,2,2,2,3,1,1,1,1,1,1,1,1
2.0,2.0,3.0,2.0,3.0,3.0,1.0,3.0,2.0,2,3,3,3,2,3,1,1,2,2,1,1
3.0,1.0,3.0,2.0,3.0,4.0,1.0,4.0,2.0,3,4,3,2,1,2,1,1,1,1,2,2
2.0,2.0,3.0,3.0,3.0,3.0,2.0,4.0,2.0,2,2,3,2,1,1,1,1,1,2,1,1
3.0,3.0,3.0,2.0,3.0,3.0,2.0,2.0,2.0,3,3,2,2,1,1,1,1,1,1,2,1
2.0,2.0,2.0,2.0,4.0,4.0,3.0,3.0,4.0,2,1,2,2,2,1,2,2,1,3,1,1
3.0,3.0,3.0,4.0,3.0,3.0,3.0,2.0,1.0,2,3,3,3,1,1,1,1,1,4,1,4
2.0,2.0,3.0,3.0,3.0,4.0,2.0,4.0,2.0,2,2,2,2,2,1,1,1,1,1,1,1
3.0,4.0,4.0,3.0,3.0,3.0,2.0,4.0,2.0,2,3,3,3,1,2,1,1,1,1,1,1
,,,,,,,,,3,3,3,3,2,2,2,2,2,2,2,2
3.0,3.0,3.0,3.0,3.0,4.0,2.0,4.0,2.0,1,3,3,3,2,2,2,2,2,2,3,3
2.0,2.0,3.0,3.0,3.0,4.0,2.0,4.0,2.0,2,2,2,2,2,2,1,1,1,1,2,1
2.0,2.0,4.0,3.0,3.0,4.0,3.0,2.0,2.0,3,3,3,2,1,1,1,1,1,1,1,1
2.0,2.0,4.0,4.0,3.0,4.0,2.0,4.0,3.0,3,4,4,3,3,3,1,1,1,1,1,1
3.0,2.0,3.0,3.0,2.0,4.0,2.0,3.0,1.0,2,3,2,2,1,1,1,1,1,1,1,1
2.0,2.0,2.0,2.0,2.0,2.0,1.0,2.0,1.0,3,2,2,2,3,2,3,2,2,2,2,2
3.0,2.0,3.0,3.0,4.0,4.0,4.0,3.0,2.0,3,4,4,4,2,1,1,3,2,2,3,1
1.0,1.0,1.0,1.0,2.0,1.0,1.0,1.0,1.0,1,1,1,1,1,1,1,1,1,1,1,1
4.0,4.0,4.0,2.0,4.0,4.0,2.0,3.0,2.0,4,4,4,4,1,1,1,1,1,1,1,1
2.0,2.0,4.0,4.0,3.0,4.0,2.0,4.0,2.0,2,3,3,3,1,1,1,1,1,1,1,1
2.0,3.0,3.0,4.0,4.0,4.0,3.0,4.0,3.0,3,2,4,2,1,1,1,1,1,2,1,1
1.0,2.0,3.0,3.0,4.0,4.0,2.0,3.0,2.0,2,3,4,3,1,2,1,2,1,1,2,1
2.0,3.0,4.0,3.0,2.0,4.0,2.0,3.0,2.0,3,4,3,4,1,1,1,2,3,1,2,1
3.0,2.0,2.0,2.0,3.0,2.0,2.0,3.0,3.0,3,3,3,3,2,2,2,1,2,2,1,1
2.0,2.0,2.0,2.0,2.0,2.0,2.0,2.0,2.0,3,4,3,3,2,2,3,3,3,3,2,3
3.0,2.0,3.0,2.0,3.0,4.0,2.0,2.0,2.0,2,2,2,2,2,2,1,1,2,1,2,1
2.0,1.0,3.0,3.0,3.0,3.0,2.0,3.0,2.0,2,3,2,2,1,2,2,1,2,2,2,1
4.0,3.0,4.0,3.0,4.0,4.0,2.0,3.0,2.0,3,4,4,3,2,2,1,1,1,1,1,1
2.0,2.0,3.0,3.0,3.0,4.0,3.0,4.0,2.0,3,3,2,3,2,2,1,2,2,2,2,1
2.0,2.0,3.0,3.0,4.0,4.0,3.0,4.0,2.0,2,2,3,2,1,2,1,1,1,1,2,1
2.0,2.0,2.0,2.0,2.0,2.0,2.0,2.0,1.0,2,2,1,1,2,2,1,2,1,2,1,1
,,,,,,,,,2,3,3,3,2,2,3,2,2,2,3,2
3.0,2.0,4.0,4.0,4.0,4.0,1.0,3.0,2.0,3,3,3,3,1,1,2,1,2,2,1,2
2.0,2.0,2.0,3.0,2.0,3.0,2.0,3.0,2.0,2,2,3,3,2,3,2,1,2,2,2,2
2.0,2.0,3.0,3.0,3.0,3.0,2.0,2.0,1.0,3,3,3,3,1,1,1,1,1,1,1,1
2.0,3.0,3.0,2.0,3.0,4.0,2.0,3.0,2.0,2,3,3,2,1,2,1,1,1,2,2,1
1.0,1.0,1.0,1.0,2.0,1.0,2.0,2.0,1.0,2,2,2,1,2,2,2,4,4,1,2,2
2.0,2.0,3.0,3.0,3.0,3.0,3.0,3.0,2.0,3,3,3,3,2,1,1,1,1,1,1,1
3.0,2.0,4.0,3.0,3.0,2.0,3.0,3.0,3.0,3,4,3,2,2,2,2,1,2,2,1,1
3.0,2.0,4.0,4.0,3.0,3.0,2.0,3.0,2.0,3,4,4,4,2,4,1,1,1,3,2,3
3.0,2.0,4.0,4.0,3.0,3.0,2.0,4.0,1.0,2,4,3,3,3,2,2,1,1,1,4,3
,,,,,,,,,3,3,3,3,2,3,2,2,2,3,3,2
,,,,,,,,,2,2,2,2,2,2,2,2,2,2,2,2
2.0,2.0,3.0,3.0,2.0,2.0,3.0,3.0,2.0,2,2,2,2,1,3,2,1,2,2,2,1
2.0,2.0,2.0,2.0,3.0,3.0,2.0,3.0,2.0,2,2,2,2,1,1,1,1,1,3,3,1
,,,,,,,,,4,3,3,3,1,1,1,1,1,2,1,1
2.0,2.0,3.0,3.0,3.0,4.0,2.0,3.0,2.0,2,2,2,2,1,1,1,1,1,1,1,1
3.0,2.0,3.0,3.0,3.0,3.0,2.0,3.0,2.0,3,3,3,3,2,2,2,2,2,2,2,1
2.0,2.0,3.0,2.0,3.0,4.0,2.0,4.0,3.0,2,2,2,2,1,1,1,1,1,1,1,1
1.0,3.0,3.0,4.0,4.0,4.0,2.0,2.0,2.0,3,3,3,3,1,3,1,1,1,1,1,1
4.0,2.0,4.0,4.0,4.0,4.0,3.0,4.0,2.0,3,3,4,4,1,1,2,2,3,3,3,3
,,,,,,,,,1,2,1,4,2,3,1,1,1,1,1,1
3.0,3.0,4.0,4.0,3.0,3.0,2.0,3.0,2.0,2,3,4,4,2,2,1,1,1,1,1,1
2.0,2.0,3.0,3.0,3.0,4.0,3.0,4.0,1.0,3,3,3,3,2,1,2,2,2,2,2,1
2.0,2.0,3.0,3.0,3.0,4.0,2.0,4.0,3.0,3,3,3,4,2,2,2,2,2,2,2,2
3.0,2.0,2.0,3.0,4.0,4.0,3.0,4.0,2.0,3,3,3,4,3,3,1,2,3,2,3,1
2.0,2.0,4.0,4.0,4.0,4.0,2.0,4.0,2.0,2,2,2,3,1,2,1,1,1,1,1,1
2.0,2.0,3.0,3.0,3.0,3.0,2.0,4.0,3.0,2,3,3,3,1,1,1,1,1,1,1,1
3.0,3.0,3.0,4.0,3.0,4.0,4.0,3.0,2.0,3,3,3,2,2,2,2,2,2,2,2,2
3.0,2.0,4.0,4.0,3.0,3.0,4.0,3.0,2.0,1,2,1,4,4,4,3,4,2,4,4,1
2.0,3.0,4.0,4.0,3.0,4.0,3.0,4.0,2.0,3,2,3,3,2,2,2,2,4,2,4,3
,,,,,,,,,2,2,2,2,1,1,1,1,1,1,1,1
3.0,2.0,4.0,4.0,3.0,3.0,2.0,4.0,3.0,2,4,1,2,1,2,1,1,1,1,1,1
2.0,2.0,3.0,3.0,3.0,3.0,2.0,3.0,2.0,2,2,2,3,2,2,2,2,2,1,1,2
3.0,3.0,3.0,4.0,4.0,4.0,3.0,4.0,2.0,2,3,2,4,2,4,2,2,2,1,3,1
3.0,2.0,4.0,4.0,4.0,4.0,2.0,4.0,2.0,3,3,4,3,1,1,2,1,2,1,2,1
3.0,3.0,4.0,4.0,4.0,4.0,4.0,4.0,3.0,3,3,4,3,1,1,1,1,1,1,3,1
3.0,2.0,4.0,4.0,3.0,4.0,3.0,3.0,3.0,3,4,4,2,1,4,2,2,1,4,1,1
2.0,2.0,3.0,3.0,3.0,4.0,2.0,3.0,2.0,4,4,4,4,2,2,1,1,1,1,1,1
2.0,2.0,2.0,2.0,3.0,3.0,2.0,4.0,3.0,2,2,2,2,1,1,1,1,1,2,3,1
3.0,2.0,3.0,3.0,4.0,4.0,3.0,4.0,2.0,3,4,3,4,2,2,2,2,2,1,3,1
3.0,3.0,2.0,2.0,2.0,4.0,3.0,2.0,1.0,2,3,3,2,2,1,3,2,2,2,3,2
2.0,2.0,2.0,2.0,3.0,3.0,3.0,4.0,2.0,2,2,2,3,1,1,1,1,1,1,2,1
3.0,2.0,4.0,3.0,3.0,3.0,3.0,3.0,2.0,4,3,2,3,2,2,2,2,2,2,2,2
3.0,3.0,4.0,3.0,3.0,3.0,3.0,3.0,4.0,3,4,4,4,2,1,2,2,2,1,3,3
3.0,3.0,2.0,2.0,4.0,2.0,3.0,4.0,2.0,2,3,2,3,3,1,2,1,1,1,2,1
2.0,2.0,4.0,4.0,4.0,3.0,2.0,4.0,2.0,2,3,3,2,2,2,2,2,2,3,2,2
2.0,2.0,3.0,2.0,3.0,3.0,1.0,3.0,1.0,2,3,4,3,1,1,1,1,2,1,1,1
,,,,,,,,,2,3,3,3,2,2,2,2,2,2,2,2
2.0,3.0,1.0,2.0,1.0,2.0,3.0,2.0,1.0,3,1,3,2,1,2,1,3,3,1,1,2
4.0,2.0,4.0,4.0,2.0,3.0,2.0,3.0,1.0,1,4,4,3,2,1,1,1,1,2,1,1
2.0,2.0,3.0,3.0,3.0,3.0,1.0,3.0,2.0,3,3,2,2,2,2,1,2,1,2,2,1
2.0,2.0,2.0,2.0,2.0,3.0,2.0,3.0,1.0,2,2,2,2,2,1,1,1,4,1,4,1
1.0,2.0,1.0,1.0,2.0,2.0,2.0,2.0,2.0,1,1,1,2,1,1,1,1,1,1,1,1
2.0,2.0,4.0,4.0,4.0,4.0,3.0,3.0,2.0,4,3,3,3,2,1,4,2,2,1,3,4
,,,,,,,,,3,3,3,3,2,2,2,2,2,2,2,2
,,,,,,,,,2,3,3,3,1,1,1,1,2,1,2,1
1.0,2.0,2.0,2.0,3.0,4.0,4.0,3.0,1.0,2,2,3,2,1,1,2,2,2,3,3,1
2.0,2.0,3.0,2.0,3.0,3.0,2.0,3.0,2.0,3,3,3,3,2,2,2,1,2,3,3,2
,,,,,,,,,2,2,2,2,1,2,1,1,1,1,1,1
3.0,2.0,3.0,2.0,2.0,4.0,4.0,4.0,2.0,3,3,3,3,1,2,2,2,2,2,2,2
2.0,2.0,3.0,4.0,4.0,4.0,2.0,4.0,2.0,2,3,3,4,1,1,1,1,1,1,2,1
,,,,,,,,,3,2,2,2,2,2,2,2,2,2,2,2
,,,,,,,,,3,4,4,3,1,2,4,1,1,4,1,1
3.0,3.0,3.0,3.0,4.0,3.0,3.0,3.0,3.0,3,3,3,4,1,1,2,3,3,3,4,1
3.0,2.0,3.0,3.0,4.0,3.0,2.0,3.0,3.0,4,3,3,4,2,2,1,1,1,1,1,1
2.0,2.0,2.0,3.0,3.0,4.0,2.0,3.0,2.0,2,2,2,3,2,2,1,1,1,1,1,1
2.0,2.0,3.0,3.0,3.0,4.0,3.0,3.0,3.0,2,3,2,3,2,1,2,2,2,2,3,3
2.0,1.0,3.0,3.0,3.0,2.0,2.0,3.0,3.0,2,3,2,2,2,2,1,2,1,2,2,1
3.0,2.0,3.0,3.0,3.0,3.0,1.0,4.0,3.0,2,2,2,3,3,3,3,1,1,2,1,1
2.0,2.0,2.0,3.0,4.0,2.0,3.0,3.0,2.0,2,2,3,2,2,2,2,2,2,1,1,2
2.0,2.0,2.0,3.0,2.0,4.0,2.0,4.0,3.0,2,2,2,3,1,1,1,1,2,1,1,1
2.0,2.0,2.0,2.0,2.0,2.0,2.0,2.0,2.0,2,2,2,2,2,2,2,2,2,2,2,2
2.0,2.0,1.0,2.0,1.0,3.0,2.0,2.0,1.0,1,2,2,1,1,1,1,1,1,1,1,1
3.0,3.0,3.0,3.0,3.0,3.0,2.0,3.0,2.0,3,4,4,3,1,1,1,1,1,1,1,1
1.0,2.0,2.0,2.0,2.0,2.0,2.0,3.0,1.0,2,4,3,2,3,3,2,1,1,2,2,2
2.0,2.0,3.0,4.0,3.0,3.0,2.0,3.0,2.0,3,3,3,3,2,2,1,1,1,2,2,1
2.0,2.0,2.0,2.0,3.0,4.0,1.0,4.0,3.0,3,3,2,3,1,1,1,1,2,1,2,2
2.0,1.0,3.0,2.0,4.0,3.0,4.0,3.0,2.0,2,2,3,2,1,1,1,1,2,1,1,1
1.0,2.0,2.0,2.0,1.0,2.0,2.0,2.0,1.0,2,2,2,2,2,2,2,2,2,2,3,2
2.0,1.0,2.0,2.0,2.0,3.0,1.0,3.0,2.0,2,2,2,3,2,2,2,2,2,2,2,2
,,,,,,,,,4,4,4,4,1,4,2,1,1,3,2,2
1.0,3.0,4.0,3.0,4.0,4.0,2.0,4.0,2.0,3,4,4,4,1,1,1,2,2,2,2,2
3.0,3.0,4.0,3.0,2.0,3.0,2.0,4.0,2.0,4,4,3,2,2,2,3,1,3,2,2,2
3.0,2.0,3.0,3.0,3.0,3.0,2.0,3.0,2.0,2,3,3,3,2,2,2,1,2,1,1,1
2.0,2.0,2.0,2.0,2.0,3.0,2.0,3.0,2.0,3,3,3,2,3,1,2,1,2,3,2,2
2.0,2.0,2.0,2.0,2.0,2.0,2.0,2.0,2.0,2,2,2,2,2,2,2,2,2,2,2,2
2.0,2.0,2.0,2.0,2.0,3.0,2.0,3.0,2.0,2,2,2,2,2,2,2,2,2,3,2,2
2.0,2.0,3.0,3.0,4.0,4.0,4.0,4.0,2.0,3,4,3,3,1,2,2,2,2,2,2,2
2.0,2.0,3.0,3.0,3.0,3.0,2.0,4.0,2.0,4,4,4,3,2,3,1,1,3,2,1,1
2.0,2.0,3.0,3.0,3.0,4.0,2.0,4.0,2.0,2,3,2,2,2,3,1,2,2,2,2,2
1.0,1.0,4.0,4.0,3.0,3.0,1.0,3.0,1.0,2,3,3,2,2,2,1,1,1,1,1,1
2.0,1.0,2.0,3.0,3.0,3.0,2.0,4.0,3.0,2,3,3,2,1,1,1,1,2,1,3,1
2.0,2.0,2.0,2.0,3.0,4.0,2.0,4.0,2.0,2,2,2,3,1,2,1,1,1,1,1,1
,,,,,,,,,2,3,3,3,2,2,1,1,1,3,1,2
2.0,3.0,4.0,4.0,4.0,4.0,4.0,4.0,2.0,2,4,3,3,1,1,2,1,1,2,3,1
2.0,2.0,3.0,2.0,2.0,3.0,2.0,3.0,2.0,2,2,3,2,1,1,1,2,2,1,2,1
2.0,2.0,3.0,3.0,3.0,3.0,2.0,3.0,2.0,2,3,3,2,2,1,2,1,2,3,2,1
3.0,2.0,3.0,3.0,4.0,4.0,2.0,4.0,2.0,3,3,3,4,2,3,1,1,1,1,1,1
2.0,2.0,3.0,3.0,3.0,4.0,2.0,3.0,2.0,2,3,4,3,1,1,1,1,4,1,2,1
2.0,2.0,2.0,2.0,3.0,3.0,3.0,4.0,1.0,2,3,2,3,2,2,1,2,1,1,2,1
3.0,3.0,3.0,3.0,3.0,3.0,3.0,3.0,3.0,3,3,3,3,1,1,1,1,1,1,1,1
4.0,3.0,3.0,3.0,4.0,3.0,2.0,3.0,1.0,3,4,3,4,1,1,1,1,1,1,1,1
3.0,3.0,4.0,4.0,2.0,3.0,3.0,3.0,1.0,3,4,3,3,2,3,1,1,1,4,1,1
2.0,2.0,4.0,3.0,2.0,3.0,2.0,3.0,1.0,2,4,3,3,1,3,1,1,2,2,2,2
2.0,1.0,1.0,2.0,3.0,3.0,2.0,3.0,2.0,2,2,3,2,1,2,2,1,2,1,1,1
3.0,3.0,3.0,3.0,3.0,3.0,3.0,3.0,2.0,3,3,2,3,3,3,2,1,2,2,2,2
,,,,,,,,,1,1,1,1,1,1,1,1,1,1,1,1
4.0,3.0,4.0,3.0,4.0,4.0,2.0,4.0,2.0,2,2,3,3,1,1,1,1,1,2,1,2
,,,,,,,,,2,2,2,2,1,1,2,1,2,1,1,1
1.0,1.0,2.0,2.0,3.0,2.0,2.0,3.0,2.0,2,2,1,1,1,2,1,1,1,1,3,1
2.0,2.0,4.0,4.0,3.0,3.0,2.0,3.0,2.0,2,3,3,2,2,1,3,2,1,2,1,1
2.0,2.0,2.0,3.0,2.0,2.0,2.0,3.0,2.0,3,3,3,2,1,1,2,1,2,3,3,1
2.0,2.0,2.0,2.0,2.0,2.0,2.0,2.0,2.0,2,3,3,2,1,1,1,1,1,4,2,1
3.0,3.0,3.0,3.0,2.0,1.0,3.0,2.0,2.0,4,3,2,1,1,1,1,1,1,2,1,1
2.0,3.0,3.0,4.0,2.0,4.0,3.0,3.0,2.0,2,2,3,4,1,1,2,2,2,2,3,2
3.0,3.0,4.0,3.0,3.0,4.0,2.0,4.0,2.0,2,3,2,3,3,3,1,1,1,1,1,1
2.0,4.0,4.0,4.0,4.0,3.0,3.0,3.0,1.0,3,4,4,2,1,1,1,1,1,1,1,1
3.0,2.0,3.0,2.0,2.0,4.0,2.0,3.0,2.0,2,3,3,3,3,2,1,1,1,1,1,2
1.0,2.0,4.0,2.0,4.0,3.0,2.0,3.0,2.0,1,3,4,4,1,3,1,1,1,1,1,1
2.0,2.0,2.0,3.0,3.0,3.0,2.0,3.0,3.0,3,3,3,3,2,2,2,2,2,2,2,2
2.0,2.0,2.0,2.0,4.0,4.0,2.0,4.0,3.0,2,3,3,2,1,1,1,1,1,1,1,1
2.0,2.0,3.0,4.0,2.0,4.0,2.0,3.0,2.0,2,3,3,4,1,1,2,3,2,3,2,1
,,,,,,,,,2,2,2,2,2,2,2,2,2,2,2,2
3.0,4.0,4.0,4.0,4.0,4.0,3.0,4.0,1.0,3,4,3,4,2,2,1,2,2,1,4,1
1.0,2.0,2.0,3.0,3.0,4.0,2.0,4.0,1.0,2,3,2,3,1,2,1,1,2,1,4,1
2.0,2.0,2.0,3.0,3.0,3.0,2.0,3.0,2.0,2,2,2,2,1,3,1,1,1,1,2,1
2.0,2.0,2.0,3.0,3.0,3.0,2.0,4.0,3.0,1,2,2,2,1,2,1,1,1,2,1,1
2.0,2.0,3.0,3.0,3.0,4.0,2.0,2.0,1.0,1,1,2,2,1,1,2,2,1,1,4,1
4.0,2.0,4.0,4.0,4.0,4.0,2.0,3.0,2.0,2,3,3,2,1,1,1,2,2,2,3,1
2.0,2.0,3.0,3.0,3.0,4.0,3.0,4.0,2.0,3,2,3,2,1,2,1,2,2,1,2,1
,,,,,,,,,3,3,3,2,1,1,1,2,1,1,1,1
2.0,1.0,3.0,1.0,3.0,1.0,2.0,2.0,2.0,1,2,3,2,1,2,3,3,1,2,2,2
3.0,3.0,3.0,3.0,4.0,4.0,2.0,4.0,2.0,3,3,3,3,1,1,1,1,2,2,2,2
2.0,2.0,2.0,3.0,2.0,3.0,2.0,4.0,2.0,2,2,2,2,1,1,1,1,1,2,2,1
,,,,,,,,,2,2,4,4,2,4,2,1,3,3,2,2
,,,,,,,,,3,1,3,1,2,1,1,2,1,1,4,2
2.0,1.0,1.0,1.0,2.0,1.0,2.0,1.0,1.0,1,1,1,2,1,1,2,1,1,1,2,1
3.0,2.0,4.0,4.0,4.0,4.0,3.0,3.0,2.0,4,4,4,3,1,2,1,1,2,1,2,1
1.0,2.0,3.0,3.0,3.0,4.0,2.0,3.0,3.0,2,3,3,2,1,1,1,1,1,1,1,1
2.0,2.0,3.0,3.0,2.0,3.0,2.0,3.0,2.0,3,3,3,4,1,2,1,1,1,1,2,1
3.0,4.0,4.0,4.0,3.0,3.0,3.0,3.0,3.0,3,4,4,3,2,2,1,1,1,1,1,2
2.0,2.0,2.0,3.0,3.0,4.0,3.0,3.0,3.0,3,3,3,2,1,1,1,1,2,1,3,1
3.0,3.0,4.0,4.0,3.0,4.0,3.0,3.0,2.0,3,4,3,3,1,2,1,2,2,1,3,2
2.0,1.0,2.0,2.0,3.0,4.0,2.0,4.0,3.0,2,2,3,2,1,2,1,1,1,1,1,1
2.0,2.0,4.0,4.0,4.0,3.0,2.0,3.0,1.0,3,3,3,3,3,3,2,1,1,3,3,2
,,,,,,,,,4,3,4,2,2,2,2,2,1,2,2,2
2.0,2.0,3.0,3.0,2.0,4.0,2.0,3.0,2.0,2,2,2,3,1,1,1,1,1,2,1,1
3.0,3.0,3.0,3.0,4.0,4.0,4.0,4.0,3.0,3,3,3,3,1,1,1,1,1,1,2,1
,,,,,,,,,4,4,4,4,4,4,4,4,4,4,4,4
3.0,2.0,3.0,3.0,3.0,3.0,3.0,3.0,3.0,2,2,2,2,2,2,2,2,2,2,2,2
3.0,2.0,3.0,3.0,2.0,4.0,2.0,4.0,2.0,2,4,4,3,1,1,1,2,1,1,1,1
3.0,3.0,4.0,4.0,3.0,3.0,2.0,2.0,2.0,3,3,3,3,1,3,1,1,1,1,2,3
3.0,2.0,4.0,3.0,4.0,4.0,3.0,4.0,2.0,1,3,4,2,2,2,2,2,2,2,2,2
3.0,3.0,3.0,3.0,3.0,3.0,2.0,2.0,3.0,3,3,2,3,3,2,2,2,3,2,3,2
1.0,1.0,1.0,1.0,1.0,1.0,1.0,1.0,1.0,2,3,3,2,1,1,1,1,1,1,1,1
2.0,2.0,2.0,2.0,2.0,2.0,2.0,2.0,2.0,1,1,1,1,2,2,2,1,2,2,2,2
4.0,2.0,4.0,4.0,4.0,4.0,3.0,4.0,2.0,4,2,3,4,2,1,4,1,4,1,4,3
2.0,2.0,3.0,3.0,3.0,3.0,3.0,3.0,2.0,2,2,2,3,2,3,2,2,2,3,2,2
3.0,3.0,3.0,2.0,3.0,3.0,2.0,3.0,2.0,3,3,3,3,2,2,2,2,2,2,2,2
2.0,2.0,3.0,2.0,2.0,2.0,2.0,3.0,4.0,3,3,3,2,1,1,1,1,1,2,1,1
1.0,1.0,4.0,4.0,2.0,3.0,1.0,4.0,1.0,1,3,2,2,1,1,2,1,1,1,1,1
3.0,2.0,4.0,4.0,3.0,3.0,2.0,3.0,2.0,3,4,4,3,1,1,1,1,2,2,1,1
3.0,4.0,3.0,3.0,2.0,4.0,3.0,3.0,3.0,4,4,4,3,3,3,1,1,1,3,1,1
3.0,2.0,4.0,4.0,4.0,4.0,3.0,4.0,1.0,2,4,3,3,1,2,2,2,2,3,2,2
3.0,3.0,4.0,4.0,3.0,3.0,2.0,3.0,2.0,2,3,3,3,2,3,2,1,2,2,1,2
3.0,3.0,3.0,3.0,3.0,3.0,3.0,3.0,3.0,3,3,2,3,1,1,1,1,1,1,1,1
2.0,2.0,2.0,2.0,2.0,2.0,2.0,3.0,2.0,2,2,2,2,2,2,2,2,2,1,2,1
1.0,3.0,2.0,2.0,4.0,4.0,2.0,4.0,2.0,2,2,2,2,1,1,1,1,1,1,1,1
3.0,2.0,2.0,2.0,3.0,3.0,2.0,3.0,2.0,2,2,2,2,1,1,1,1,2,1,2,2
1.0,1.0,3.0,3.0,3.0,3.0,3.0,4.0,2.0,3,3,3,2,2,1,1,2,2,2,2,3
1.0,2.0,3.0,4.0,2.0,4.0,2.0,3.0,3.0,4,1,3,1,1,2,1,1,2,1,2,1
2.0,2.0,2.0,1.0,3.0,1.0,1.0,2.0,1.0,1,1,1,1,1,1,1,1,1,1,1,1
3.0,2.0,4.0,4.0,4.0,4.0,2.0,3.0,2.0,2,4,3,4,2,1,2,2,2,3,3,1
2.0,2.0,2.0,2.0,3.0,4.0,2.0,3.0,2.0,3,3,3,3,1,1,1,1,1,1,1,1
3.0,2.0,4.0,4.0,2.0,2.0,2.0,3.0,1.0,2,3,3,3,2,2,2,1,2,4,3,3
2.0,3.0,4.0,3.0,3.0,2.0,2.0,3.0,2.0,2,2,2,2,3,1,3,1,2,2,2,1
3.0,2.0,2.0,3.0,3.0,3.0,3.0,3.0,3.0,3,3,3,4,1,2,2,3,3,2,4,2
2.0,2.0,4.0,3.0,3.0,4.0,2.0,3.0,3.0,2,3,3,3,2,2,1,1,1,1,1,2
2.0,2.0,3.0,2.0,3.0,4.0,2.0,3.0,2.0,2,3,3,3,2,1,1,2,2,2,3,2
2.0,1.0,2.0,2.0,2.0,3.0,1.0,2.0,1.0,2,3,2,2,1,1,1,1,1,1,1,1
,,,,,,,,,3,3,3,3,1,3,1,1,2,1,2,1
4.0,4.0,4.0,4.0,2.0,3.0,3.0,1.0,1.0,1,3,4,4,1,2,1,1,1,1,1,1
2.0,2.0,4.0,4.0,4.0,4.0,3.0,3.0,3.0,4,4,4,4,3,1,1,1,1,4,1,1
4.0,3.0,4.0,3.0,4.0,3.0,2.0,2.0,2.0,4,3,3,2,1,2,1,1,1,1,1,1
2.0,2.0,3.0,3.0,4.0,3.0,2.0,3.0,2.0,2,4,3,3,3,3,2,1,1,1,1,2
2.0,3.0,4.0,3.0,4.0,4.0,2.0,3.0,2.0,2,3,3,3,1,2,1,1,1,1,1,2
3.0,2.0,3.0,3.0,3.0,3.0,2.0,3.0,2.0,3,4,3,4,2,2,1,2,1,3,1,1
,,,,,,,,,2,3,2,4,1,1,1,1,1,1,1,1
3.0,3.0,3.0,3.0,3.0,4.0,3.0,3.0,2.0,3,3,4,3,2,2,2,2,2,2,2,1
2.0,2.0,3.0,2.0,3.0,4.0,2.0,4.0,2.0,2,2,2,3,1,1,1,1,2,1,2,1
2.0,2.0,2.0,2.0,2.0,3.0,3.0,2.0,2.0,2,2,2,2,1,1,1,1,1,1,1,1
2.0,2.0,3.0,3.0,2.0,2.0,2.0,2.0,1.0,2,3,3,2,2,1,2,2,2,2,3,2
2.0,2.0,2.0,2.0,3.0,3.0,2.0,4.0,2.0,3,3,3,2,1,2,1,2,2,1,2,2
2.0,2.0,2.0,3.0,3.0,2.0,2.0,3.0,2.0,2,3,2,2,2,3,1,1,1,1,1,1
2.0,2.0,2.0,3.0,3.0,3.0,3.0,3.0,2.0,3,3,3,3,2,2,2,3,2,3,3,3
3.0,3.0,3.0,3.0,4.0,4.0,3.0,4.0,2.0,4,3,4,4,4,4,4,4,4,4,4,4
3.0,3.0,3.0,3.0,3.0,3.0,3.0,3.0,2.0,2,2,2,3,1,1,1,1,1,1,1,1
2.0,2.0,2.0,3.0,3.0,3.0,2.0,3.0,2.0,2,3,3,3,1,1,1,2,2,1,2,1
2.0,1.0,4.0,4.0,4.0,4.0,2.0,3.0,2.0,2,3,2,2,1,3,1,1,2,1,2,1
2.0,2.0,3.0,3.0,3.0,3.0,2.0,4.0,2.0,4,3,3,3,1,1,1,1,1,1,1,1
3.0,2.0,4.0,4.0,4.0,3.0,2.0,4.0,3.0,2,3,2,3,3,2,2,2,2,2,1,1
2.0,2.0,2.0,2.0,2.0,4.0,2.0,3.0,2.0,3,3,2,4,1,1,2,2,2,2,2,2
3.0,2.0,3.0,3.0,3.0,2.0,2.0,3.0,2.0,3,3,2,2,2,3,2,2,2,1,2,1
,,,,,,,,,1,4,3,2,2,3,1,1,1,1,3,1
3.0,3.0,2.0,2.0,4.0,4.0,2.0,4.0,3.0,2,2,2,3,1,2,1,1,1,1,1,1
3.0,4.0,3.0,4.0,4.0,4.0,4.0,4.0,3.0,3,2,2,3,1,4,1,2,2,3,3,1
1.0,1.0,2.0,2.0,2.0,2.0,1.0,3.0,1.0,2,2,2,2,1,1,1,1,2,1,1,1
2.0,2.0,2.0,3.0,3.0,3.0,2.0,4.0,2.0,2,2,2,2,3,2,1,1,2,3,2,1
3.0,3.0,4.0,3.0,4.0,4.0,2.0,4.0,2.0,2,3,3,3,2,3,2,2,2,2,2,2
2.0,2.0,3.0,2.0,3.0,3.0,2.0,3.0,3.0,3,3,4,3,2,1,3,2,2,2,2,4
3.0,2.0,3.0,3.0,3.0,3.0,2.0,3.0,2.0,3,3,3,4,2,1,2,2,2,3,2,1
2.0,1.0,1.0,3.0,2.0,2.0,2.0,1.0,3.0,2,2,2,1,1,1,2,2,3,4,2,1
2.0,2.0,3.0,3.0,4.0,4.0,2.0,4.0,1.0,3,3,3,3,1,1,1,1,2,1,1,1
2.0,1.0,4.0,2.0,3.0,3.0,2.0,3.0,3.0,3,3,3,3,2,1,3,1,2,1,1,1
2.0,2.0,4.0,4.0,3.0,3.0,1.0,2.0,2.0,2,2,2,1,1,2,3,1,1,2,2,2
2.0,2.0,3.0,3.0,3.0,4.0,2.0,4.0,2.0,3,4,3,3,2,3,1,1,1,1,2,1
2.0,3.0,2.0,2.0,2.0,3.0,2.0,4.0,1.0,2,1,2,1,2,2,2,2,2,2,2,2
3.0,2.0,4.0,4.0,3.0,3.0,3.0,3.0,2.0,1,3,2,1,2,3,2,1,2,2,1,3
3.0,3.0,4.0,3.0,3.0,4.0,2.0,3.0,2.0,4,3,3,4,3,4,1,1,2,1,2,4
2.0,1.0,3.0,3.0,2.0,4.0,2.0,3.0,2.0,2,3,3,4,2,2,1,2,2,2,3,1
3.0,3.0,3.0,3.0,4.0,4.0,2.0,3.0,2.0,3,3,3,3,1,1,1,1,1,1,1,1
2.0,3.0,3.0,3.0,2.0,3.0,3.0,4.0,2.0,2,2,2,4,1,1,2,2,2,1,2,1
,,,,,,,,,2,2,2,2,1,1,1,1,3,1,4,1
2.0,2.0,2.0,2.0,2.0,3.0,2.0,3.0,1.0,2,2,2,3,1,1,2,2,2,3,1,3
3.0,3.0,4.0,3.0,3.0,4.0,2.0,3.0,2.0,3,3,3,4,2,1,2,1,2,1,3,2
2.0,3.0,4.0,3.0,4.0,4.0,2.0,3.0,2.0,3,4,4,2,3,2,4,3,2,3,2,3
2.0,2.0,3.0,3.0,2.0,3.0,2.0,3.0,2.0,3,4,3,3,1,1,2,1,1,1,1,1
3.0,1.0,4.0,3.0,4.0,4.0,2.0,4.0,2.0,2,4,4,4,1,1,1,1,1,1,1,1
,,,,,,,,,2,2,2,2,1,3,2,1,2,1,2,1
2.0,1.0,4.0,3.0,2.0,4.0,2.0,4.0,2.0,4,3,3,4,2,1,1,2,2,1,2,1
1.0,2.0,2.0,3.0,4.0,4.0,2.0,4.0,3.0,1,1,2,2,2,2,3,1,2,1,2,1
3.0,3.0,3.0,3.0,2.0,1.0,3.0,2.0,1.0,2,3,4,3,1,1,1,1,1,1,1,1
3.0,2.0,4.0,4.0,4.0,4.0,2.0,4.0,2.0,3,4,4,4,4,4,1,1,4,1,4,1
4.0,4.0,4.0,4.0,3.0,3.0,2.0,3.0,2.0,3,3,3,2,2,1,1,1,1,1,1,1
2.0,1.0,2.0,3.0,3.0,4.0,2.0,4.0,2.0,2,3,3,2,1,1,1,1,1,1,1,1
,,,,,,,,,2,3,3,3,3,2,2,2,3,2,2,3
2.0,2.0,2.0,3.0,3.0,3.0,3.0,3.0,2.0,3,2,2,3,2,2,1,1,2,1,3,1
2.0,2.0,2.0,2.0,2.0,2.0,2.0,3.0,1.0,4,4,4,3,1,2,1,1,1,1,1,2
2.0,2.0,3.0,2.0,2.0,3.0,1.0,3.0,2.0,3,2,3,3,2,2,1,1,1,1,1,1
2.0,2.0,3.0,3.0,2.0,3.0,2.0,3.0,2.0,2,2,2,2,1,1,1,2,2,1,2,1
2.0,2.0,4.0,4.0,3.0,4.0,1.0,4.0,2.0,3,3,2,2,1,1,2,1,1,3,3,1
3.0,2.0,4.0,3.0,3.0,3.0,2.0,3.0,2.0,2,3,3,2,1,1,1,1,1,1,2,1
2.0,2.0,3.0,3.0,3.0,3.0,2.0,3.0,1.0,2,3,3,1,2,1,2,1,2,1,1,1
2.0,2.0,2.0,2.0,3.0,2.0,2.0,3.0,2.0,3,3,3,3,1,1,1,1,1,1,1,1
3.0,2.0,3.0,3.0,4.0,4.0,1.0,4.0,2.0,2,2,2,3,1,1,1,3,1,1,3,1
2.0,2.0,3.0,3.0,3.0,3.0,2.0,3.0,2.0,2,3,3,3,1,2,2,1,1,2,1,1
2.0,2.0,3.0,3.0,2.0,4.0,3.0,2.0,1.0,2,3,3,4,2,3,2,2,2,2,2,2
3.0,2.0,4.0,3.0,3.0,2.0,2.0,3.0,2.0,1,4,4,4,2,1,2,2,2,2,1,1
3.0,1.0,4.0,3.0,3.0,2.0,2.0,2.0,4.0,3,2,1,2,3,3,2,1,2,2,3,1
2.0,2.0,2.0,3.0,3.0,4.0,2.0,4.0,3.0,2,2,2,3,1,2,1,1,2,1,2,1
3.0,3.0,3.0,4.0,3.0,4.0,3.0,4.0,2.0,2,2,3,3,2,2,2,2,2,2,2,2
3.0,2.0,2.0,3.0,3.0,3.0,3.0,2.0,1.0,3,2,2,3,1,1,1,1,1,1,2,1
2.0,2.0,3.0,3.0,3.0,4.0,2.0,2.0,2.0,3,3,3,2,1,2,1,1,1,1,1,1
4.0,2.0,4.0,3.0,4.0,4.0,1.0,4.0,1.0,4,3,4,3,1,2,1,1,1,1,1,1
4.0,3.0,4.0,4.0,3.0,4.0,2.0,3.0,2.0,2,3,4,2,1,1,2,1,1,2,2,1
2.0,2.0,3.0,3.0,3.0,4.0,3.0,3.0,3.0,3,3,3,3,2,2,1,2,2,2,3,1
1.0,2.0,2.0,2.0,3.0,4.0,2.0,4.0,3.0,2,2,3,4,1,1,1,2,2,2,1,1
3.0,3.0,2.0,3.0,4.0,3.0,4.0,4.0,3.0,2,2,2,3,2,2,2,1,2,2,2,2
,,,,,,,,,1,3,3,2,1,1,1,2,2,2,2,2
,,,,,,,,,2,2,2,2,2,3,2,2,2,2,2,2
2.0,2.0,3.0,3.0,2.0,3.0,2.0,3.0,1.0,2,3,3,2,1,1,1,1,1,1,2,1
2.0,2.0,3.0,2.0,3.0,2.0,4.0,3.0,1.0,3,4,4,2,1,3,1,1,1,4,1,1
,,,,,,,,,3,3,3,3,3,3,1,2,4,1,3,1
,,,,,,,,,3,4,3,3,2,2,1,1,1,2,2,1
,,,,,,,,,2,2,2,2,2,3,2,2,2,3,3,4
1.0,2.0,2.0,2.0,4.0,4.0,2.0,4.0,2.0,2,2,2,3,1,2,1,2,2,1,2,1
2.0,2.0,3.0,3.0,3.0,4.0,2.0,3.0,2.0,2,3,3,2,2,2,1,2,1,2,2,1
2.0,2.0,3.0,3.0,2.0,4.0,2.0,4.0,2.0,3,3,3,4,2,2,1,1,1,2,1,1
2.0,1.0,2.0,3.0,3.0,3.0,2.0,3.0,2.0,2,2,2,2,1,1,1,1,1,1,1,1
2.0,2.0,1.0,2.0,1.0,4.0,1.0,3.0,2.0,1,2,2,2,1,1,1,1,1,1,1,2
1.0,1.0,1.0,1.0,1.0,1.0,1.0,1.0,1.0,2,1,4,4,2,3,3,2,1,2,3,3
2.0,1.0,2.0,2.0,4.0,4.0,3.0,4.0,3.0,2,1,2,3,2,2,1,1,2,1,2,1
3.0,1.0,3.0,2.0,3.0,1.0,2.0,4.0,4.0,2,1,1,1,2,3,2,1,2,2,1,2
4.0,4.0,4.0,4.0,4.0,2.0,2.0,3.0,3.0,3,4,4,2,2,2,2,2,2,2,2,2
2.0,2.0,2.0,3.0,3.0,3.0,2.0,3.0,2.0,1,3,3,3,2,2,2,2,3,2,3,2
2.0,2.0,4.0,3.0,4.0,4.0,2.0,4.0,1.0,1,2,2,3,3,1,1,1,1,1,1,1
2.0,2.0,3.0,4.0,2.0,2.0,2.0,2.0,1.0,2,3,2,2,3,3,3,2,2,1,2,1
2.0,2.0,4.0,2.0,3.0,3.0,2.0,3.0,2.0,4,4,4,3,2,3,1,1,1,1,1,1
2.0,2.0,3.0,2.0,3.0,3.0,2.0,4.0,3.0,2,2,3,3,2,1,1,1,1,1,1,1
2.0,2.0,3.0,3.0,3.0,3.0,2.0,2.0,2.0,3,3,3,2,2,2,2,2,2,2,2,2
3.0,2.0,4.0,3.0,4.0,4.0,3.0,2.0,3.0,3,3,4,3,1,3,1,1,3,1,3,2
2.0,2.0,2.0,3.0,2.0,3.0,2.0,3.0,2.0,2,2,2,2,2,2,2,2,2,2,2,3
2.0,2.0,3.0,3.0,2.0,4.0,3.0,4.0,2.0,2,3,2,3,3,4,2,2,2,2,2,4
2.0,2.0,2.0,3.0,3.0,3.0,2.0,2.0,2.0,2,2,3,2,1,1,1,1,1,1,1,1
3.0,2.0,4.0,3.0,3.0,3.0,2.0,2.0,2.0,3,3,3,4,2,2,2,1,2,1,1,1
4.0,2.0,4.0,4.0,4.0,4.0,4.0,4.0,3.0,2,4,4,4,2,1,1,1,1,1,1,1
2.0,3.0,4.0,3.0,3.0,3.0,2.0,3.0,1.0,2,3,3,4,2,2,1,1,1,1,1,1
2.0,2.0,2.0,4.0,4.0,4.0,3.0,4.0,2.0,3,3,2,4,1,1,1,3,2,1,4,1
2.0,2.0,3.0,3.0,3.0,2.0,2.0,2.0,2.0,2,3,3,3,2,1,2,1,2,3,2,2
2.0,2.0,3.0,3.0,2.0,4.0,2.0,3.0,2.0,2,2,2,3,1,1,1,1,1,1,1,1
2.0,2.0,3.0,4.0,4.0,4.0,4.0,4.0,2.0,2,4,3,4,2,2,1,2,2,4,2,1
3.0,3.0,3.0,2.0,3.0,3.0,3.0,3.0,3.0,3,3,2,3,3,2,3,2,2,3,2,2
4.0,2.0,4.0,3.0,4.0,3.0,1.0,3.0,2.0,2,3,2,3,2,3,3,1,2,2,4,4
,,,,,,,,,2,4,3,4,1,1,2,1,1,1,1,1
4.0,2.0,3.0,3.0,4.0,4.0,2.0,4.0,2.0,2,2,2,2,1,1,1,2,1,1,2,1
2.0,1.0,1.0,1.0,1.0,1.0,2.0,1.0,1.0,1,1,2,1,1,2,2,1,2,1,1,1
3.0,2.0,3.0,3.0,4.0,4.0,2.0,3.0,3.0,3,4,4,3,3,3,1,2,1,2,2,1
,,,,,,,,,4,2,1,4,4,1,3,1,2,1,1,1
2.0,2.0,3.0,1.0,2.0,2.0,2.0,1.0,1.0,2,2,3,3,3,3,2,1,2,1,1,2
2.0,2.0,3.0,3.0,3.0,3.0,2.0,3.0,2.0,2,3,2,2,1,2,2,2,2,3,3,3
2.0,2.0,2.0,2.0,2.0,3.0,2.0,3.0,2.0,3,3,3,3,1,1,1,1,1,1,1,1
1.0,3.0,2.0,3.0,2.0,2.0,2.0,3.0,1.0,1,1,2,1,1,1,1,1,1,1,1,1
2.0,2.0,2.0,2.0,3.0,3.0,1.0,3.0,2.0,2,3,2,3,2,2,1,1,1,2,2,2
1.0,2.0,2.0,2.0,2.0,2.0,2.0,2.0,2.0,2,2,2,2,1,2,1,1,1,1,1,1
,,,,,,,,,2,3,3,2,1,1,2,2,3,3,2,2
2.0,2.0,4.0,4.0,2.0,3.0,1.0,3.0,2.0,2,2,2,2,2,2,3,2,2,2,2,3
2.0,2.0,2.0,2.0,3.0,4.0,2.0,3.0,2.0,2,2,2,2,1,2,1,2,1,1,2,1
,,,,,,,,,2,3,2,3,2,2,2,2,2,3,3,1
2.0,2.0,1.0,1.0,3.0,3.0,2.0,4.0,3.0,2,2,2,3,1,2,1,1,2,1,2,1
,,,,,,,,,3,4,4,4,1,1,1,1,1,1,1,1
3.0,2.0,3.0,3.0,4.0,4.0,2.0,4.0,2.0,1,2,2,2,1,2,1,1,1,1,1,1
2.0,2.0,2.0,2.0,2.0,2.0,2.0,2.0,2.0,2,3,3,3,2,2,2,2,2,2,2,2
,,,,,,,,,3,3,3,3,2,2,2,2,2,1,2,2
2.0,2.0,2.0,3.0,3.0,3.0,2.0,4.0,2.0,2,2,2,3,1,2,1,2,2,2,2,1
3.0,3.0,4.0,4.0,4.0,4.0,3.0,4.0,3.0,3,3,2,3,2,1,1,1,2,1,1,2
1.0,4.0,2.0,3.0,4.0,1.0,2.0,2.0,3.0,1,3,2,1,3,3,2,1,3,4,1,2
2.0,2.0,2.0,2.0,3.0,4.0,3.0,4.0,2.0,3,4,4,4,2,3,1,1,1,2,3,1
2.0,1.0,3.0,4.0,4.0,4.0,4.0,4.0,3.0,3,4,4,2,1,4,2,2,3,1,4,1
4.0,3.0,4.0,4.0,4.0,2.0,2.0,3.0,2.0,2,4,4,1,1,1,2,1,1,1,3,1
2.0,2.0,2.0,2.0,2.0,4.0,2.0,4.0,2.0,4,2,2,4,1,2,1,1,1,4,2,4
,,,,,,,,,3,4,4,3,3,4,3,1,2,4,1,4
2.0,2.0,2.0,2.0,2.0,4.0,2.0,3.0,2.0,3,3,3,3,1,1,1,1,1,1,2,1
3.0,2.0,4.0,4.0,3.0,4.0,2.0,2.0,3.0,3,3,3,3,1,2,1,1,1,1,1,1
3.0,3.0,4.0,3.0,4.0,4.0,3.0,4.0,2.0,2,3,3,3,1,3,1,1,2,3,2,1
2.0,2.0,3.0,3.0,2.0,3.0,2.0,3.0,2.0,3,3,3,2,3,3,2,2,2,2,2,2
3.0,3.0,3.0,3.0,3.0,4.0,2.0,3.0,2.0,2,2,2,2,2,2,1,1,1,1,1,1
2.0,2.0,3.0,3.0,2.0,3.0,2.0,2.0,2.0,2,2,3,2,1,1,1,1,1,1,1,1
2.0,2.0,2.0,2.0,2.0,3.0,1.0,3.0,1.0,2,3,3,2,1,1,1,1,1,1,2,1
2.0,2.0,3.0,3.0,3.0,4.0,2.0,4.0,3.0,2,2,2,3,1,1,1,1,2,1,1,1
1.0,2.0,3.0,4.0,4.0,4.0,3.0,4.0,2.0,3,3,3,4,1,1,1,1,1,1,2,1
3.0,3.0,4.0,4.0,4.0,4.0,2.0,4.0,2.0,3,3,3,4,2,3,1,1,2,1,1,2
2.0,2.0,3.0,3.0,3.0,3.0,2.0,3.0,3.0,2,3,3,2,2,3,1,1,2,1,1,1
4.0,2.0,4.0,4.0,3.0,3.0,3.0,3.0,3.0,4,4,4,3,1,1,1,1,1,1,2,2
2.0,3.0,3.0,3.0,3.0,3.0,1.0,3.0,2.0,2,3,3,3,1,1,1,1,1,1,1,1
2.0,3.0,4.0,4.0,3.0,4.0,3.0,4.0,2.0,3,4,4,4,2,2,1,1,1,3,2,1
2.0,2.0,2.0,2.0,3.0,3.0,3.0,4.0,3.0,3,3,3,4,1,1,1,1,1,1,1,1
,,,,,,,,,2,3,3,3,2,2,2,2,2,2,2,2
,,,,,,,,,4,4,4,4,2,3,2,2,2,2,1,2
2.0,2.0,2.0,3.0,3.0,3.0,2.0,3.0,2.0,2,3,3,3,2,1,1,1,1,2,2,1
,,,,,,,,,3,3,3,2,2,2,2,2,2,2,3,3
3.0,3.0,3.0,3.0,3.0,3.0,3.0,3.0,3.0,3,3,3,3,2,2,2,2,2,2,2,2
2.0,2.0,2.0,3.0,3.0,4.0,3.0,4.0,3.0,2,3,3,3,2,1,1,2,2,2,3,1
2.0,2.0,3.0,3.0,3.0,4.0,2.0,4.0,3.0,2,4,3,2,1,1,1,1,1,1,1,1
3.0,2.0,4.0,4.0,3.0,4.0,3.0,3.0,2.0,2,3,3,3,1,2,1,1,1,1,1,1
2.0,2.0,2.0,3.0,3.0,4.0,3.0,4.0,3.0,3,3,3,4,1,1,1,1,1,1,1,1
2.0,2.0,2.0,2.0,3.0,3.0,2.0,3.0,2.0,2,3,3,3,2,1,1,1,1,2,2,1
2.0,2.0,3.0,2.0,2.0,3.0,1.0,3.0,3.0,2,2,2,1,1,2,1,1,1,2,1,1
3.0,3.0,3.0,3.0,3.0,3.0,2.0,3.0,2.0,3,3,3,3,2,2,2,2,2,3,2,2
3.0,2.0,4.0,3.0,3.0,4.0,2.0,3.0,1.0,3,4,4,2,2,2,1,1,1,1,1,2
2.0,1.0,3.0,3.0,3.0,4.0,2.0,4.0,2.0,4,3,2,3,1,1,1,1,1,1,1,1
2.0,2.0,4.0,4.0,3.0,4.0,3.0,3.0,2.0,2,2,2,3,2,3,2,2,2,2,2,2
2.0,2.0,3.0,3.0,3.0,4.0,3.0,4.0,3.0,2,3,4,3,2,2,2,2,2,1,2,1
2.0,2.0,4.0,4.0,2.0,3.0,3.0,4.0,2.0,3,4,4,3,2,1,1,1,2,1,1,2
3.0,4.0,4.0,4.0,4.0,4.0,4.0,4.0,4.0,4,3,4,4,3,3,4,3,3,4,2,2
2.0,2.0,3.0,3.0,2.0,4.0,2.0,4.0,2.0,2,3,2,2,1,1,2,1,3,1,3,3
2.0,1.0,2.0,4.0,4.0,4.0,1.0,4.0,3.0,3,1,1,1,2,1,2,1,2,4,4,4
2.0,2.0,3.0,4.0,3.0,4.0,2.0,3.0,1.0,1,3,2,3,1,2,1,1,1,1,1,1
2.0,2.0,3.0,2.0,4.0,4.0,2.0,4.0,2.0,2,3,3,2,2,2,1,1,1,1,1,1
3.0,2.0,4.0,3.0,2.0,3.0,3.0,4.0,2.0,1,2,2,4,1,2,1,1,2,3,1,2
2.0,2.0,2.0,2.0,3.0,4.0,2.0,3.0,2.0,3,3,3,3,1,2,1,1,1,1,1,1
3.0,2.0,3.0,3.0,4.0,3.0,3.0,4.0,2.0,3,3,3,4,2,2,2,2,2,1,2,2
2.0,1.0,3.0,3.0,3.0,3.0,2.0,3.0,2.0,2,2,2,2,1,2,1,1,2,1,2,1
2.0,2.0,3.0,3.0,4.0,4.0,4.0,4.0,2.0,1,2,1,2,2,4,1,1,1,1,1,1
3.0,2.0,2.0,3.0,3.0,3.0,3.0,3.0,3.0,2,2,2,3,1,2,1,1,1,1,3,1
2.0,2.0,4.0,3.0,4.0,4.0,2.0,3.0,3.0,1,3,4,3,3,3,1,1,1,3,1,3
1.0,2.0,3.0,3.0,4.0,2.0,2.0,4.0,2.0,2,2,2,3,1,2,1,1,1,1,1,1
3.0,3.0,3.0,3.0,3.0,4.0,4.0,4.0,2.0,3,4,3,4,2,2,2,2,2,2,2,2
2.0,2.0,3.0,3.0,3.0,4.0,2.0,4.0,2.0,3,3,3,3,2,2,2,2,2,2,2,2
2.0,2.0,4.0,4.0,4.0,4.0,2.0,4.0,2.0,2,3,3,3,1,2,1,1,3,1,3,1
3.0,3.0,2.0,2.0,2.0,3.0,2.0,3.0,2.0,2,2,2,2,2,2,2,2,2,2,2,3
4.0,2.0,3.0,3.0,3.0,3.0,4.0,3.0,1.0,3,3,3,3,2,2,2,1,2,3,2,2
2.0,2.0,2.0,2.0,4.0,4.0,2.0,4.0,3.0,3,3,2,4,1,1,1,1,1,1,1,1
2.0,2.0,4.0,3.0,4.0,3.0,2.0,4.0,2.0,2,3,2,2,2,2,1,1,1,2,1,1
,,,,,,,,,1,2,3,3,1,2,2,1,2,1,3,2
3.0,3.0,3.0,3.0,3.0,3.0,2.0,3.0,2.0,3,3,3,3,2,2,2,2,3,1,2,1
2.0,3.0,3.0,2.0,3.0,3.0,2.0,4.0,3.0,3,3,3,4,2,3,2,1,1,1,1,2
1.0,3.0,2.0,3.0,3.0,3.0,1.0,4.0,3.0,2,3,3,3,2,2,1,1,1,1,1,1
3.0,3.0,3.0,3.0,3.0,3.0,2.0,3.0,2.0,3,3,3,3,1,1,1,1,1,1,1,1
2.0,2.0,3.0,2.0,4.0,3.0,4.0,4.0,2.0,3,4,4,2,1,1,1,1,2,1,1,1
3.0,4.0,4.0,3.0,4.0,4.0,2.0,3.0,2.0,2,3,2,3,2,1,1,1,1,2,2,2
2.0,3.0,4.0,3.0,2.0,4.0,2.0,3.0,2.0,4,4,4,3,1,1,2,1,2,1,2,1
2.0,2.0,2.0,3.0,3.0,4.0,2.0,3.0,2.0,2,2,2,2,1,2,1,1,1,1,2,1
2.0,2.0,2.0,2.0,3.0,2.0,2.0,4.0,2.0,2,2,3,2,2,2,2,2,2,2,2,2
2.0,2.0,3.0,3.0,2.0,3.0,1.0,2.0,2.0,2,2,2,2,1,1,1,1,1,1,1,1
,,,,,,,,,2,4,4,2,2,2,1,2,2,1,2,2
4.0,3.0,4.0,3.0,4.0,4.0,4.0,3.0,3.0,2,4,4,3,1,2,1,1,1,1,1,1
,,,,,,,,,2,4,4,4,2,1,1,1,1,1,1,1
2.0,2.0,3.0,3.0,3.0,3.0,2.0,3.0,2.0,2,3,3,2,1,1,1,1,1,2,1,1
4.0,4.0,3.0,3.0,3.0,2.0,3.0,4.0,2.0,2,4,4,2,2,2,1,1,2,3,2,1
2.0,2.0,2.0,3.0,3.0,4.0,2.0,4.0,2.0,2,3,3,4,2,2,1,2,2,2,2,1
2.0,2.0,3.0,3.0,4.0,4.0,4.0,3.0,2.0,3,4,4,3,3,3,1,2,1,1,2,2
3.0,3.0,4.0,3.0,3.0,3.0,2.0,2.0,2.0,2,3,3,2,3,2,2,1,2,2,2,2
4.0,4.0,4.0,4.0,3.0,4.0,4.0,4.0,2.0,4,4,4,3,1,1,4,1,2,1,1,1
3.0,2.0,2.0,3.0,2.0,3.0,3.0,4.0,2.0,2,3,2,3,2,2,1,2,1,2,2,1
,,,,,,,,,3,4,3,3,3,2,1,2,2,2,2,2
4.0,2.0,4.0,4.0,4.0,4.0,2.0,3.0,3.0,4,4,3,4,4,4,2,1,3,2,3,4
,,,,,,,,,4,4,4,4,1,1,1,1,1,1,2,1
3.0,2.0,4.0,4.0,3.0,2.0,3.0,3.0,3.0,2,2,2,2,2,2,2,2,2,2,2,2
,,,,,,,,,2,2,2,3,1,1,1,1,2,2,2,2
,,,,,,,,,3,4,4,3,2,1,2,2,2,1,2,1
2.0,1.0,3.0,2.0,3.0,3.0,2.0,3.0,2.0,4,3,3,2,1,2,1,1,2,2,2,1
2.0,2.0,4.0,4.0,4.0,3.0,4.0,3.0,1.0,4,3,4,3,1,1,1,1,1,3,1,1
,,,,,,,,,2,4,3,2,3,3,1,1,1,1,2,2
2.0,2.0,3.0,3.0,3.0,3.0,2.0,3.0,2.0,2,3,3,2,2,1,2,1,1,2,1,1
2.0,2.0,3.0,3.0,4.0,3.0,2.0,4.0,2.0,2,3,2,3,2,3,2,1,2,3,3,2
2.0,2.0,3.0,1.0,2.0,1.0,2.0,1.0,1.0,3,3,3,3,1,3,1,1,1,2,1,1
2.0,2.0,3.0,2.0,3.0,3.0,2.0,3.0,2.0,2,2,2,3,2,2,2,2,2,1,2,2
2.0,1.0,4.0,4.0,4.0,3.0,2.0,3.0,1.0,1,3,3,2,1,2,1,1,2,2,3,1
2.0,2.0,3.0,3.0,4.0,3.0,2.0,3.0,2.0,3,3,2,4,1,2,1,1,2,1,2,1
3.0,2.0,3.0,3.0,4.0,3.0,2.0,4.0,3.0,2,3,3,3,2,2,1,2,2,2,2,2
2.0,2.0,4.0,4.0,2.0,4.0,2.0,4.0,2.0,3,4,3,4,2,2,1,2,2,2,3,2
3.0,3.0,4.0,4.0,4.0,4.0,3.0,3.0,2.0,2,3,3,3,2,2,2,2,2,1,2,1
4.0,3.0,4.0,4.0,4.0,4.0,4.0,3.0,2.0,3,3,3,3,1,1,1,1,2,2,3,2
3.0,2.0,3.0,3.0,3.0,3.0,2.0,3.0,2.0,3,3,3,3,2,2,2,2,2,2,2,2
3.0,2.0,3.0,2.0,3.0,4.0,2.0,4.0,2.0,3,3,3,2,1,2,1,1,1,1,1,3
2.0,2.0,2.0,3.0,3.0,4.0,3.0,4.0,3.0,3,2,3,2,1,1,2,2,3,2,2,1
3.0,3.0,3.0,4.0,4.0,3.0,3.0,4.0,2.0,2,3,3,3,2,3,2,3,2,3,3,2
3.0,1.0,4.0,4.0,2.0,4.0,2.0,3.0,2.0,3,4,3,3,1,3,1,2,2,1,1,3
4.0,2.0,2.0,3.0,4.0,4.0,2.0,4.0,2.0,2,2,2,3,2,3,2,2,2,1,3,1
,,,,,,,,,4,4,4,2,2,1,3,2,3,1,2,2
2.0,1.0,2.0,3.0,3.0,4.0,3.0,3.0,1.0,2,2,3,3,1,1,1,1,1,1,1,1
3.0,4.0,4.0,3.0,4.0,3.0,3.0,4.0,3.0,2,3,3,3,2,2,2,2,2,3,2,4
2.0,2.0,2.0,2.0,2.0,2.0,2.0,2.0,2.0,2,2,2,2,2,2,2,2,2,2,2,2
2.0,2.0,3.0,3.0,2.0,3.0,2.0,3.0,2.0,3,3,3,2,2,2,2,2,2,2,2,2
1.0,2.0,1.0,2.0,2.0,2.0,2.0,1.0,2.0,3,3,2,3,2,2,3,2,2,2,1,1
2.0,2.0,3.0,3.0,3.0,4.0,3.0,3.0,3.0,3,3,4,3,3,3,2,2,2,2,2,2
3.0,2.0,3.0,2.0,3.0,3.0,2.0,3.0,3.0,3,3,3,3,3,1,1,1,1,1,1,1
2.0,2.0,2.0,2.0,3.0,3.0,2.0,3.0,2.0,2,2,2,3,1,2,1,1,2,2,2,2
2.0,3.0,3.0,2.0,2.0,3.0,2.0,3.0,2.0,3,4,3,3,3,1,2,3,2,3,2,1
,,,,,,,,,2,2,3,4,2,2,2,1,1,1,1,2
3.0,3.0,2.0,2.0,3.0,3.0,3.0,3.0,3.0,2,2,2,3,2,3,1,1,1,1,2,1
3.0,3.0,4.0,3.0,2.0,4.0,3.0,4.0,2.0,2,3,3,3,1,1,1,2,3,1,2,1
2.0,2.0,4.0,4.0,4.0,4.0,2.0,4.0,1.0,2,3,3,3,2,2,1,1,2,2,2,1
2.0,2.0,3.0,3.0,3.0,3.0,2.0,3.0,2.0,2,3,3,3,1,1,2,2,2,1,3,2
2.0,2.0,3.0,3.0,3.0,3.0,2.0,3.0,2.0,3,3,3,2,2,2,2,2,2,1,2,2
,,,,,,,,,2,3,2,2,2,2,1,2,2,2,3,2
3.0,2.0,3.0,3.0,3.0,3.0,2.0,3.0,2.0,2,2,3,4,2,2,1,1,1,4,3,3
3.0,4.0,4.0,4.0,4.0,4.0,4.0,4.0,2.0,2,3,3,3,1,2,1,1,1,1,1,1
2.0,1.0,1.0,2.0,1.0,1.0,1.0,2.0,2.0,2,3,2,2,1,2,1,2,1,2,2,1
2.0,2.0,2.0,2.0,3.0,4.0,2.0,3.0,2.0,2,2,2,2,2,2,1,1,1,1,2,1
2.0,2.0,3.0,3.0,3.0,4.0,3.0,3.0,2.0,3,3,3,4,2,1,3,2,2,1,3,2
4.0,3.0,4.0,3.0,3.0,3.0,3.0,2.0,2.0,2,3,3,2,1,2,1,1,1,1,1,1
3.0,2.0,3.0,3.0,4.0,4.0,2.0,3.0,2.0,2,2,2,2,2,2,2,1,2,1,2,1
2.0,2.0,3.0,3.0,3.0,4.0,3.0,3.0,2.0,2,4,4,4,1,1,2,1,2,1,3,1
,,,,,,,,,3,3,3,4,3,3,3,3,4,3,3,3
2.0,2.0,3.0,3.0,2.0,2.0,2.0,3.0,3.0,3,2,2,2,2,2,2,2,2,1,2,2
2.0,3.0,4.0,3.0,2.0,4.0,4.0,4.0,2.0,2,3,4,4,2,1,1,1,1,1,1,3
2.0,1.0,2.0,2.0,3.0,4.0,1.0,4.0,2.0,2,2,2,3,1,1,1,1,1,1,1,1
3.0,2.0,4.0,4.0,4.0,3.0,3.0,4.0,2.0,3,3,3,4,2,2,1,1,2,1,1,1
2.0,2.0,3.0,3.0,3.0,3.0,2.0,3.0,2.0,2,3,2,3,2,3,1,1,1,1,1,1
2.0,3.0,3.0,3.0,3.0,3.0,3.0,3.0,2.0,2,3,3,2,1,1,2,2,1,1,3,1
2.0,3.0,3.0,3.0,2.0,3.0,2.0,2.0,1.0,3,3,3,3,2,2,2,2,2,2,2,2
1.0,1.0,1.0,4.0,2.0,1.0,1.0,2.0,2.0,3,2,2,2,2,2,3,2,2,2,3,2
3.0,3.0,4.0,4.0,4.0,4.0,2.0,4.0,1.0,3,3,4,3,3,2,2,2,2,3,3,3
3.0,2.0,3.0,3.0,2.0,4.0,3.0,4.0,2.0,3,3,3,3,1,1,1,2,1,1,2,1
,,,,,,,,,3,4,3,3,2,2,2,1,2,3,3,3
2.0,2.0,2.0,2.0,2.0,4.0,3.0,4.0,2.0,2,2,2,3,1,1,1,1,1,1,1,1
2.0,2.0,3.0,3.0,2.0,4.0,2.0,4.0,1.0,2,2,2,3,1,2,1,1,2,3,2,1
2.0,3.0,4.0,4.0,3.0,4.0,3.0,4.0,2.0,2,3,3,3,2,2,1,2,3,4,1,3
2.0,2.0,3.0,3.0,4.0,4.0,2.0,4.0,2.0,2,2,2,2,1,1,1,1,1,1,1,1
2.0,2.0,3.0,3.0,4.0,4.0,2.0,4.0,2.0,3,3,3,2,2,2,2,2,2,2,2,2
3.0,2.0,3.0,3.0,2.0,3.0,2.0,2.0,1.0,2,4,4,3,1,1,1,1,1,3,1,3
2.0,2.0,3.0,3.0,3.0,4.0,2.0,3.0,2.0,2,3,2,3,4,3,1,2,2,1,2,3
3.0,2.0,3.0,3.0,2.0,3.0,2.0,3.0,2.0,2,3,3,2,1,1,1,1,2,1,2,1
2.0,2.0,2.0,2.0,2.0,3.0,2.0,3.0,2.0,2,2,2,3,1,1,1,1,1,1,3,1
2.0,2.0,3.0,3.0,2.0,4.0,2.0,3.0,2.0,2,2,2,3,1,2,1,1,1,1,2,1
2.0,2.0,4.0,4.0,4.0,4.0,3.0,4.0,3.0,3,4,4,4,1,2,1,1,1,1,1,1
2.0,2.0,2.0,4.0,4.0,4.0,4.0,4.0,3.0,2,4,4,4,2,2,2,1,1,4,1,1
,,,,,,,,,3,3,3,3,2,2,2,2,2,2,2,2
3.0,2.0,2.0,3.0,3.0,3.0,3.0,3.0,2.0,2,2,2,3,4,3,2,3,2,2,2,4
2.0,1.0,1.0,2.0,3.0,3.0,2.0,3.0,2.0,3,2,2,3,1,1,1,1,2,1,3,1
4.0,4.0,4.0,4.0,4.0,4.0,4.0,4.0,2.0,2,2,2,4,1,1,1,1,1,1,1,1
,,,,,,,,,3,3,3,3,4,4,4,4,4,4,4,4
3.0,3.0,3.0,2.0,3.0,3.0,2.0,3.0,2.0,2,3,3,3,2,1,1,1,1,1,1,1
2.0,2.0,4.0,3.0,2.0,4.0,2.0,3.0,1.0,2,3,4,2,2,1,1,1,2,2,3,1
2.0,1.0,2.0,3.0,3.0,4.0,2.0,4.0,2.0,3,3,3,3,1,1,1,1,1,1,2,1
3.0,3.0,4.0,4.0,4.0,4.0,3.0,4.0,3.0,2,3,3,3,3,2,2,1,2,1,3,1
3.0,2.0,3.0,3.0,4.0,4.0,2.0,3.0,2.0,2,3,3,3,1,1,1,1,1,2,2,1
3.0,4.0,4.0,3.0,3.0,3.0,2.0,2.0,3.0,2,3,2,3,3,1,1,1,1,1,1,2
3.0,3.0,3.0,3.0,2.0,3.0,2.0,3.0,2.0,4,4,4,4,1,1,1,2,1,2,1,3
2.0,2.0,3.0,3.0,4.0,3.0,2.0,4.0,2.0,3,4,3,2,1,2,1,1,1,1,1,1
2.0,3.0,4.0,2.0,3.0,3.0,2.0,3.0,2.0,3,4,3,3,2,2,1,2,2,2,1,1
3.0,3.0,3.0,3.0,3.0,3.0,2.0,3.0,2.0,3,3,3,3,3,3,3,3,3,3,3,3
3.0,1.0,3.0,3.0,2.0,4.0,2.0,3.0,2.0,2,2,2,4,1,2,2,1,1,1,2,2
3.0,2.0,3.0,3.0,3.0,3.0,3.0,3.0,1.0,1,3,3,2,1,1,1,1,1,1,1,1
4.0,4.0,4.0,4.0,4.0,2.0,4.0,4.0,3.0,4,4,4,3,2,3,3,2,3,2,2,1
2.0,3.0,2.0,2.0,4.0,4.0,2.0,4.0,2.0,2,2,2,3,1,3,1,1,1,2,1,1
4.0,4.0,4.0,3.0,4.0,3.0,4.0,3.0,2.0,2,3,4,3,1,1,1,1,1,1,1,1
2.0,2.0,2.0,3.0,3.0,4.0,2.0,3.0,1.0,2,2,2,3,1,2,1,2,2,1,2,1
3.0,2.0,4.0,3.0,4.0,4.0,3.0,3.0,2.0,3,4,3,4,1,1,1,1,1,1,1,1
2.0,1.0,2.0,3.0,2.0,3.0,2.0,3.0,2.0,2,2,3,3,1,1,2,1,2,1,3,1
3.0,2.0,3.0,3.0,4.0,4.0,2.0,3.0,2.0,3,2,3,2,1,2,1,2,2,1,3,1
2.0,2.0,2.0,3.0,3.0,3.0,2.0,3.0,2.0,2,2,2,3,1,2,2,2,1,2,2,1
2.0,3.0,3.0,3.0,2.0,2.0,2.0,4.0,2.0,3,3,3,4,2,3,2,1,1,2,1,2
2.0,2.0,3.0,3.0,3.0,4.0,2.0,4.0,2.0,2,3,4,3,2,2,2,1,1,2,1,1
2.0,2.0,2.0,3.0,3.0,4.0,3.0,4.0,3.0,2,2,2,2,1,2,1,1,1,1,1,1
1.0,1.0,2.0,2.0,1.0,2.0,2.0,1.0,1.0,2,2,1,2,2,1,2,1,2,2,2,1
2.0,2.0,4.0,4.0,4.0,4.0,3.0,4.0,1.0,3,3,3,2,1,2,1,1,2,1,1,1
3.0,2.0,2.0,2.0,3.0,3.0,2.0,3.0,2.0,1,2,2,2,1,2,1,1,1,1,2,1
2.0,2.0,1.0,3.0,1.0,3.0,3.0,2.0,3.0,1,2,1,2,1,1,2,1,1,1,1,1
2.0,2.0,3.0,3.0,4.0,4.0,2.0,4.0,2.0,4,3,3,4,1,2,1,1,1,1,1,1
2.0,2.0,4.0,4.0,3.0,4.0,2.0,4.0,1.0,2,4,3,4,1,2,1,1,1,4,1,2
,,,,,,,,,3,4,4,3,1,1,1,1,1,1,1,1
,,,,,,,,,2,2,3,2,2,2,3,2,2,2,3,3
3.0,1.0,1.0,2.0,1.0,2.0,1.0,1.0,1.0,1,2,3,1,1,1,1,1,1,1,1,1
2.0,2.0,3.0,2.0,3.0,3.0,2.0,3.0,2.0,2,2,2,3,2,2,2,2,2,2,2,2
2.0,2.0,2.0,2.0,3.0,4.0,3.0,4.0,2.0,2,2,2,2,1,3,1,1,1,1,1,1
1.0,1.0,3.0,3.0,3.0,3.0,2.0,4.0,2.0,2,3,3,3,1,2,1,1,1,1,1,1
3.0,3.0,4.0,4.0,3.0,4.0,3.0,4.0,3.0,3,4,3,4,3,3,1,1,2,2,3,3
2.0,2.0,3.0,3.0,3.0,4.0,3.0,3.0,2.0,2,2,2,3,2,2,2,2,2,2,2,2
2.0,3.0,3.0,2.0,3.0,3.0,2.0,4.0,2.0,3,3,3,2,2,2,1,1,1,1,1,1
3.0,2.0,3.0,3.0,3.0,3.0,3.0,2.0,2.0,3,3,3,2,2,3,3,1,2,2,1,3
,,,,,,,,,2,3,3,2,1,1,1,2,2,2,3,1
3.0,4.0,4.0,3.0,4.0,4.0,3.0,3.0,1.0,2,4,4,4,1,1,1,1,3,1,1,1
2.0,1.0,2.0,3.0,3.0,3.0,2.0,4.0,2.0,3,3,2,2,1,2,1,2,2,1,2,1
2.0,2.0,3.0,3.0,3.0,3.0,2.0,3.0,2.0,2,3,3,2,2,2,1,2,2,1,3,2
2.0,2.0,2.0,2.0,4.0,3.0,2.0,3.0,2.0,2,3,2,3,1,2,1,1,2,1,2,1
,,,,,,,,,3,3,3,3,2,1,1,1,1,1,1,1
3.0,2.0,2.0,3.0,3.0,4.0,3.0,4.0,2.0,2,3,3,3,2,2,2,2,2,2,3,2
3.0,2.0,3.0,3.0,3.0,3.0,3.0,3.0,2.0,2,3,3,3,2,1,1,1,1,1,2,1
,,,,,,,,,3,4,4,4,2,3,4,3,4,2,4,4
4.0,4.0,4.0,4.0,4.0,4.0,4.0,4.0,4.0,3,3,3,3,3,3,3,3,3,3,3,3
3.0,2.0,4.0,3.0,4.0,4.0,2.0,3.0,2.0,2,4,2,3,1,2,1,1,1,2,1,1
3.0,3.0,3.0,3.0,3.0,3.0,3.0,3.0,3.0,2,2,2,2,2,2,2,2,2,2,2,2
2.0,2.0,2.0,3.0,3.0,4.0,2.0,3.0,2.0,2,2,2,3,1,2,1,2,2,1,2,2
3.0,3.0,3.0,3.0,3.0,3.0,2.0,3.0,2.0,1,3,3,3,1,2,1,1,1,2,2,1
1.0,1.0,2.0,3.0,2.0,3.0,3.0,3.0,2.0,3,2,3,2,1,3,1,1,1,2,1,2
,,,,,,,,,2,3,3,3,2,3,1,2,2,1,2,1
3.0,2.0,2.0,3.0,2.0,2.0,2.0,2.0,2.0,2,2,2,2,2,2,2,2,2,2,2,2
2.0,2.0,3.0,2.0,2.0,3.0,2.0,2.0,2.0,2,3,2,2,1,1,1,1,1,1,3,1
1.0,2.0,2.0,3.0,2.0,2.0,3.0,3.0,2.0,3,3,3,3,2,1,1,1,2,2,1,1
2.0,2.0,3.0,2.0,2.0,3.0,2.0,2.0,2.0,2,2,2,2,2,1,1,1,2,1,2,1
2.0,2.0,3.0,3.0,4.0,4.0,2.0,3.0,2.0,2,3,3,3,1,3,1,2,2,1,4,1
2.0,2.0,2.0,2.0,3.0,2.0,2.0,4.0,3.0,3,3,3,4,2,3,2,2,2,1,2,2
2.0,2.0,3.0,2.0,4.0,4.0,2.0,4.0,2.0,3,4,4,3,2,4,1,1,2,1,2,1
,,,,,,,,,2,3,3,3,2,2,1,2,3,3,4,4
2.0,2.0,3.0,3.0,2.0,2.0,2.0,3.0,2.0,2,3,2,2,1,1,1,2,1,1,2,1
2.0,2.0,3.0,3.0,4.0,4.0,2.0,3.0,3.0,3,3,3,3,2,2,1,1,1,2,2,1
2.0,1.0,3.0,3.0,3.0,4.0,2.0,3.0,2.0,3,4,3,4,2,4,1,1,2,1,1,2
2.0,2.0,3.0,3.0,3.0,3.0,2.0,3.0,2.0,4,2,3,2,1,1,2,3,1,1,1,1
2.0,2.0,3.0,3.0,3.0,3.0,2.0,3.0,2.0,3,3,3,2,1,1,2,1,1,1,2,1
2.0,2.0,3.0,3.0,3.0,3.0,2.0,3.0,2.0,3,3,2,1,2,2,1,1,1,1,2,1
2.0,2.0,3.0,3.0,2.0,2.0,2.0,4.0,2.0,3,3,3,2,2,3,1,1,1,2,1,1
3.0,2.0,3.0,3.0,4.0,4.0,2.0,4.0,3.0,2,3,4,4,1,1,1,1,1,1,1,1
2.0,3.0,2.0,3.0,1.0,2.0,4.0,1.0,1.0,1,4,3,2,1,1,2,3,1,2,4,3
2.0,2.0,3.0,3.0,3.0,3.0,2.0,4.0,2.0,2,2,2,2,1,2,1,1,1,1,2,1
2.0,2.0,3.0,3.0,2.0,2.0,1.0,4.0,1.0,2,2,2,2,2,1,2,2,2,1,2,2
4.0,3.0,4.0,3.0,4.0,3.0,2.0,3.0,2.0,2,2,2,2,1,1,1,1,1,1,1,1
3.0,3.0,4.0,4.0,4.0,4.0,1.0,4.0,2.0,2,2,2,3,2,2,1,1,1,1,1,1
3.0,3.0,4.0,3.0,4.0,3.0,2.0,3.0,3.0,2,3,2,2,4,3,2,1,2,2,1,1
2.0,2.0,1.0,2.0,2.0,2.0,2.0,3.0,1.0,3,2,1,3,1,1,2,1,2,2,2,3
,,,,,,,,,2,2,3,3,1,2,2,2,1,1,2,1
2.0,2.0,4.0,4.0,3.0,4.0,3.0,3.0,1.0,2,2,3,2,2,2,2,2,2,2,2,2
2.0,2.0,2.0,2.0,2.0,3.0,2.0,2.0,2.0,2,3,3,3,1,2,1,1,1,1,1,1
2.0,2.0,2.0,2.0,3.0,3.0,2.0,2.0,1.0,2,2,2,2,2,1,1,1,1,1,2,1
2.0,2.0,4.0,3.0,2.0,2.0,2.0,3.0,2.0,3,3,3,3,2,1,1,1,1,1,1,1
2.0,2.0,3.0,2.0,3.0,3.0,2.0,3.0,3.0,2,2,2,4,2,2,1,2,2,2,2,2
,,,,,,,,,2,3,3,2,2,2,1,1,1,1,1,1
2.0,2.0,2.0,2.0,2.0,2.0,3.0,2.0,1.0,3,3,3,4,2,2,2,2,2,2,2,2
2.0,4.0,2.0,4.0,3.0,2.0,1.0,1.0,3.0,4,2,2,2,1,2,2,2,1,2,2,2
2.0,2.0,3.0,3.0,3.0,3.0,2.0,3.0,2.0,2,2,2,2,1,1,1,1,1,1,1,1
3.0,3.0,4.0,3.0,4.0,4.0,3.0,4.0,2.0,3,3,3,3,1,1,1,1,1,1,2,1
2.0,2.0,2.0,2.0,2.0,3.0,2.0,3.0,1.0,2,2,2,2,2,2,2,2,1,2,2,1
2.0,2.0,1.0,2.0,2.0,1.0,1.0,2.0,1.0,1,1,2,2,1,2,1,1,2,1,2,2
2.0,2.0,3.0,3.0,1.0,3.0,2.0,3.0,1.0,2,2,2,2,2,2,2,2,3,3,3,3
2.0,2.0,3.0,4.0,3.0,4.0,3.0,4.0,2.0,3,3,2,4,2,2,1,1,2,1,3,1
2.0,3.0,3.0,2.0,4.0,4.0,2.0,4.0,2.0,2,2,2,3,1,1,1,1,1,1,1,1
2.0,2.0,3.0,3.0,2.0,4.0,4.0,4.0,3.0,2,4,3,3,1,1,1,1,1,1,1,1
3.0,3.0,4.0,4.0,4.0,3.0,4.0,3.0,2.0,3,4,4,4,2,1,1,2,1,1,4,1
,,,,,,,,,1,1,1,2,2,1,1,1,1,1,1,1
2.0,2.0,3.0,3.0,3.0,3.0,2.0,2.0,2.0,2,3,3,3,2,1,2,2,2,2,3,1
4.0,4.0,3.0,4.0,4.0,2.0,4.0,4.0,4.0,4,3,3,4,1,1,1,1,1,1,1,1
3.0,3.0,3.0,2.0,4.0,4.0,2.0,4.0,1.0,2,2,2,3,1,1,1,2,3,4,1,1
3.0,3.0,4.0,4.0,4.0,4.0,4.0,4.0,2.0,3,4,4,3,1,1,1,1,2,2,1,1
3.0,4.0,4.0,4.0,3.0,4.0,2.0,4.0,2.0,2,3,4,2,2,3,2,1,1,2,3,1
2.0,1.0,3.0,4.0,3.0,4.0,2.0,3.0,2.0,2,2,3,3,2,2,1,2,2,3,3,1
2.0,2.0,3.0,3.0,2.0,3.0,2.0,2.0,2.0,2,2,2,2,1,1,1,1,1,1,1,1
2.0,2.0,3.0,3.0,3.0,3.0,2.0,3.0,2.0,3,3,3,3,2,1,2,2,2,2,2,2
4.0,2.0,3.0,2.0,3.0,3.0,3.0,4.0,1.0,3,3,3,3,1,2,1,2,2,2,2,1
,,,,,,,,,2,3,3,3,1,1,1,1,1,2,2,1
2.0,2.0,2.0,2.0,4.0,4.0,2.0,3.0,2.0,3,2,2,3,2,3,1,1,2,1,1,1
,,,,,,,,,2,2,2,2,2,3,2,2,3,2,4,2
,,,,,,,,,2,3,3,3,3,4,1,1,2,2,1,2
2.0,1.0,2.0,2.0,2.0,2.0,2.0,3.0,1.0,2,2,2,3,2,3,2,1,1,4,1,2
2.0,2.0,2.0,3.0,3.0,4.0,3.0,4.0,2.0,3,4,3,3,3,2,1,1,2,2,4,3
4.0,4.0,4.0,4.0,4.0,4.0,3.0,3.0,3.0,2,4,4,2,1,1,1,1,1,1,1,1
3.0,1.0,3.0,2.0,2.0,2.0,1.0,1.0,1.0,1,1,1,1,1,1,1,1,1,2,1,1
2.0,2.0,2.0,2.0,2.0,2.0,2.0,2.0,2.0,2,2,2,2,2,2,2,2,2,2,2,2
2.0,2.0,2.0,3.0,3.0,4.0,2.0,4.0,3.0,2,2,2,4,1,1,1,1,1,1,2,1
3.0,2.0,2.0,3.0,3.0,2.0,2.0,3.0,3.0,3,3,3,3,3,3,2,1,1,1,1,2
3.0,2.0,3.0,3.0,3.0,3.0,2.0,4.0,2.0,2,3,2,3,2,2,2,2,2,2,2,2
3.0,2.0,3.0,3.0,3.0,2.0,3.0,2.0,2.0,2,3,2,3,2,2,2,2,2,1,2,2
3.0,2.0,4.0,3.0,2.0,4.0,2.0,4.0,2.0,3,3,4,3,2,3,1,1,1,2,2,2
2.0,2.0,3.0,3.0,3.0,3.0,2.0,3.0,3.0,2,3,2,4,1,2,1,1,1,1,1,1
,,,,,,,,,3,3,3,3,3,3,2,1,3,3,2,1
3.0,3.0,4.0,2.0,3.0,2.0,2.0,2.0,2.0,1,3,3,3,2,4,2,1,1,1,1,3
1.0,2.0,1.0,2.0,2.0,2.0,3.0,2.0,3.0,2,3,3,3,2,2,2,2,2,3,2,1
2.0,2.0,2.0,2.0,2.0,2.0,2.0,2.0,2.0,2,4,4,3,2,3,2,2,2,2,2,2
2.0,1.0,3.0,2.0,4.0,4.0,2.0,2.0,1.0,3,3,4,3,1,1,1,1,1,1,1,1
2.0,2.0,3.0,2.0,3.0,3.0,2.0,3.0,2.0,1,2,2,2,1,1,1,1,1,4,4,1
2.0,3.0,4.0,2.0,3.0,3.0,2.0,3.0,1.0,2,3,2,2,1,1,1,1,1,1,2,1
3.0,2.0,2.0,3.0,3.0,3.0,1.0,3.0,2.0,3,3,3,4,1,1,1,2,2,2,3,1
1.0,2.0,2.0,3.0,2.0,4.0,2.0,4.0,2.0,3,2,2,2,1,1,1,1,1,1,1,1
2.0,2.0,3.0,3.0,3.0,4.0,2.0,4.0,1.0,2,3,3,3,1,2,1,1,1,1,1,1
,,,,,,,,,1,3,4,3,1,1,2,2,3,4,3,1
,,,,,,,,,2,2,3,3,2,4,2,2,2,3,2,3
4.0,4.0,4.0,4.0,4.0,4.0,4.0,3.0,3.0,2,4,3,4,2,1,2,2,4,2,1,1
2.0,2.0,3.0,3.0,1.0,1.0,3.0,3.0,1.0,1,1,4,1,1,1,1,1,2,1,1,2
2.0,1.0,2.0,2.0,3.0,4.0,2.0,4.0,2.0,2,3,3,2,2,2,1,1,2,2,3,1
3.0,2.0,4.0,4.0,4.0,4.0,3.0,4.0,1.0,2,4,3,3,1,1,1,4,4,1,4,1
3.0,2.0,3.0,3.0,2.0,2.0,2.0,4.0,2.0,4,3,3,3,1,1,1,2,2,1,1,1
2.0,2.0,3.0,4.0,3.0,4.0,2.0,2.0,2.0,2,3,3,3,1,1,2,2,2,2,4,2
2.0,2.0,4.0,3.0,3.0,3.0,2.0,3.0,2.0,2,3,2,2,1,2,1,1,1,1,3,1
1.0,2.0,2.0,2.0,2.0,2.0,1.0,2.0,1.0,2,2,1,2,2,1,2,2,1,3,3,1
3.0,3.0,4.0,4.0,4.0,4.0,4.0,4.0,3.0,3,3,3,3,1,1,4,3,4,4,4,1
2.0,2.0,1.0,2.0,3.0,2.0,1.0,2.0,2.0,2,4,4,2,1,1,2,2,1,3,1,2
3.0,3.0,4.0,4.0,3.0,3.0,3.0,3.0,2.0,2,3,3,2,1,1,4,4,4,4,4,4
2.0,2.0,3.0,4.0,3.0,4.0,2.0,4.0,3.0,3,3,3,3,1,1,1,1,1,1,1,1
4.0,4.0,4.0,4.0,2.0,4.0,2.0,2.0,1.0,2,4,4,3,1,2,1,1,1,2,1,1
2.0,2.0,3.0,3.0,2.0,3.0,2.0,2.0,2.0,3,3,3,3,3,3,2,1,2,2,2,1
2.0,4.0,4.0,4.0,3.0,2.0,3.0,4.0,2.0,3,4,2,2,2,2,1,1,1,1,1,1
2.0,2.0,3.0,2.0,4.0,4.0,2.0,4.0,2.0,3,3,2,4,1,1,1,1,1,1,2,1
,,,,,,,,,2,3,3,3,2,2,2,2,2,1,2,2
1.0,1.0,1.0,1.0,1.0,1.0,1.0,1.0,1.0,1,1,1,1,1,1,1,1,1,1,1,1
3.0,2.0,3.0,3.0,3.0,3.0,2.0,3.0,2.0,2,2,3,2,1,2,1,1,1,1,1,2
2.0,2.0,3.0,3.0,3.0,3.0,2.0,4.0,2.0,3,2,2,2,2,2,2,1,2,2,2,2
3.0,2.0,4.0,4.0,4.0,4.0,4.0,4.0,2.0,3,4,4,4,1,3,2,2,2,1,2,1
2.0,2.0,3.0,3.0,3.0,3.0,2.0,3.0,3.0,3,2,2,2,1,1,1,1,1,1,2,1
3.0,3.0,4.0,4.0,4.0,4.0,3.0,2.0,1.0,3,4,4,4,1,1,1,3,3,1,3,2
2.0,2.0,2.0,2.0,2.0,2.0,2.0,3.0,1.0,2,2,2,2,1,1,2,2,2,2,2,2
2.0,3.0,2.0,3.0,2.0,3.0,3.0,2.0,2.0,3,3,3,3,3,3,3,3,2,3,2,2
2.0,2.0,2.0,2.0,3.0,4.0,2.0,4.0,2.0,2,3,2,3,2,2,1,1,1,1,1,1
2.0,2.0,2.0,2.0,2.0,3.0,2.0,3.0,2.0,3,3,3,3,2,1,1,1,1,1,2,1
4.0,4.0,4.0,3.0,4.0,4.0,2.0,4.0,2.0,3,4,4,4,2,2,1,1,1,1,1,1
1.0,1.0,1.0,1.0,2.0,1.0,1.0,1.0,1.0,2,1,4,3,3,2,2,2,3,1,2,1
2.0,2.0,3.0,3.0,3.0,3.0,2.0,3.0,2.0,2,4,3,2,1,1,1,1,1,1,3,1
3.0,3.0,4.0,4.0,3.0,3.0,2.0,3.0,1.0,3,4,4,3,1,2,2,1,1,2,2,2
2.0,2.0,2.0,2.0,2.0,2.0,2.0,3.0,1.0,2,1,3,2,1,2,1,2,3,4,1,1
2.0,3.0,4.0,4.0,3.0,3.0,3.0,3.0,3.0,3,4,3,3,1,1,1,1,1,1,2,1
2.0,1.0,2.0,3.0,2.0,4.0,2.0,4.0,1.0,2,2,2,3,1,2,1,1,1,1,2,1
2.0,2.0,2.0,2.0,2.0,4.0,2.0,2.0,2.0,3,2,2,2,2,2,2,2,2,2,2,2
2.0,2.0,4.0,3.0,3.0,3.0,2.0,3.0,2.0,3,3,3,3,2,2,2,2,2,2,2,1
1.0,2.0,3.0,3.0,4.0,4.0,2.0,4.0,2.0,2,2,2,4,1,1,1,1,2,1,1,1
2.0,1.0,2.0,2.0,3.0,2.0,2.0,3.0,2.0,2,2,2,3,1,1,1,1,1,1,1,1
3.0,3.0,2.0,3.0,4.0,3.0,2.0,3.0,3.0,3,3,3,3,1,1,1,1,2,1,1,1
4.0,2.0,3.0,3.0,3.0,3.0,2.0,3.0,2.0,2,2,2,2,2,2,2,2,2,2,2,2
,,,,,,,,,3,3,3,3,3,3,3,3,3,3,3,3
,,,,,,,,,4,3,3,3,4,4,2,1,1,1,1,1
,,,,,,,,,2,3,4,3,1,1,1,1,2,1,2,1
,,,,,,,,,3,3,2,3,2,4,1,2,2,2,2,1
,,,,,,,,,2,3,4,3,1,1,1,1,1,2,1,1
4.0,3.0,4.0,2.0,2.0,3.0,2.0,3.0,3.0,2,3,4,3,1,1,1,1,1,1,2,1
2.0,3.0,4.0,3.0,4.0,4.0,2.0,4.0,2.0,3,3,3,4,2,3,1,1,2,2,1,1
2.0,2.0,2.0,3.0,3.0,4.0,2.0,3.0,1.0,3,3,3,3,1,1,2,2,2,2,3,2
2.0,2.0,3.0,2.0,4.0,4.0,1.0,4.0,3.0,2,2,3,4,2,3,1,1,1,1,1,1
2.0,2.0,3.0,3.0,3.0,4.0,3.0,3.0,3.0,2,3,4,2,1,1,1,1,2,2,2,1
3.0,2.0,4.0,4.0,3.0,4.0,2.0,3.0,3.0,3,3,4,4,1,2,1,1,2,2,1,2
2.0,2.0,3.0,3.0,2.0,3.0,2.0,2.0,2.0,2,3,2,2,2,2,2,2,2,2,2,2
,,,,,,,,,4,3,3,3,3,3,2,2,3,1,3,2
2.0,2.0,4.0,4.0,3.0,3.0,3.0,3.0,2.0,1,3,3,2,1,2,1,1,1,4,2,1
3.0,2.0,4.0,4.0,4.0,4.0,2.0,3.0,2.0,2,3,3,4,1,2,2,2,2,3,2,2
2.0,2.0,1.0,2.0,1.0,2.0,2.0,2.0,2.0,2,2,2,2,2,2,2,2,2,2,2,2
2.0,2.0,2.0,3.0,2.0,3.0,3.0,3.0,2.0,3,2,2,2,1,2,2,2,2,2,3,2
2.0,2.0,2.0,2.0,2.0,3.0,3.0,4.0,2.0,2,2,2,4,2,2,2,1,2,2,3,2
4.0,2.0,4.0,3.0,2.0,4.0,2.0,3.0,2.0,2,4,3,3,2,2,1,1,1,1,1,1
3.0,4.0,4.0,4.0,2.0,3.0,4.0,4.0,1.0,3,4,4,4,2,2,3,3,2,2,3,3
2.0,3.0,3.0,3.0,2.0,4.0,4.0,2.0,3.0,2,3,2,3,1,1,1,1,3,1,1,1
3.0,2.0,3.0,3.0,3.0,4.0,2.0,3.0,3.0,3,3,2,2,2,2,2,2,2,2,2,2
2.0,2.0,2.0,2.0,3.0,3.0,2.0,4.0,2.0,2,3,2,2,3,2,1,2,2,3,2,2
2.0,2.0,2.0,3.0,3.0,3.0,2.0,3.0,2.0,2,2,2,2,1,2,1,1,2,2,2,1
2.0,2.0,3.0,4.0,4.0,3.0,2.0,3.0,2.0,3,2,2,3,1,1,1,2,2,1,2,1
4.0,4.0,4.0,4.0,4.0,4.0,4.0,4.0,4.0,2,3,2,3,2,2,2,2,3,2,3,3
3.0,2.0,4.0,2.0,3.0,3.0,3.0,3.0,2.0,2,3,3,3,2,3,1,1,1,2,1,1
,,,,,,,,,2,3,2,3,1,1,1,1,1,1,4,1
2.0,2.0,2.0,2.0,3.0,4.0,2.0,3.0,2.0,2,2,3,2,2,2,1,1,2,1,2,1
2.0,2.0,4.0,3.0,3.0,3.0,2.0,4.0,3.0,3,4,2,1,1,3,1,1,1,1,1,1
1.0,2.0,3.0,3.0,2.0,4.0,2.0,4.0,1.0,2,3,3,2,2,1,3,2,2,3,3,2
,,,,,,,,,3,3,3,3,2,2,2,2,2,2,2,2
2.0,2.0,3.0,3.0,3.0,4.0,2.0,4.0,3.0,2,2,3,3,1,2,1,1,1,1,2,1
,,,,,,,,,2,2,2,2,1,3,2,1,1,1,1,1
,,,,,,,,,2,2,3,3,1,2,1,2,2,1,2,2
3.0,3.0,3.0,3.0,3.0,3.0,3.0,4.0,3.0,1,3,2,3,4,4,1,1,1,1,1,1
2.0,2.0,2.0,3.0,4.0,4.0,2.0,3.0,2.0,2,2,2,3,1,2,1,1,2,1,2,1
2.0,1.0,3.0,3.0,3.0,2.0,1.0,3.0,2.0,2,4,2,3,4,4,1,1,1,3,2,1
2.0,2.0,2.0,2.0,2.0,1.0,2.0,1.0,2.0,2,2,2,1,2,2,1,2,2,2,2,1
2.0,2.0,2.0,2.0,2.0,3.0,2.0,1.0,2.0,2,2,2,2,2,1,2,1,2,2,1,1
2.0,1.0,3.0,3.0,2.0,2.0,3.0,4.0,2.0,2,2,2,2,2,2,2,1,2,1,3,1
,,,,,,,,,2,3,3,3,2,2,3,2,2,3,3,2
3.0,2.0,4.0,4.0,3.0,3.0,2.0,4.0,2.0,1,1,1,2,1,1,1,1,1,1,1,1
3.0,2.0,2.0,4.0,4.0,4.0,2.0,3.0,2.0,3,2,3,4,1,1,1,1,1,1,1,1
3.0,2.0,3.0,4.0,3.0,3.0,2.0,3.0,3.0,2,3,3,3,3,1,1,1,1,1,1,1
3.0,2.0,3.0,3.0,3.0,3.0,2.0,3.0,3.0,4,3,4,3,2,2,2,2,2,3,2,2
1.0,1.0,2.0,3.0,2.0,3.0,3.0,3.0,2.0,2,2,3,3,1,1,1,2,2,1,2,1
2.0,1.0,2.0,1.0,2.0,1.0,2.0,2.0,2.0,2,2,1,1,3,2,2,2,1,2,2,2
2.0,2.0,4.0,3.0,4.0,4.0,3.0,4.0,3.0,3,3,4,2,1,2,1,1,1,1,1,1
2.0,2.0,3.0,3.0,3.0,3.0,2.0,3.0,3.0,2,2,2,3,2,3,1,1,1,2,1,1
1.0,2.0,3.0,3.0,2.0,3.0,2.0,3.0,2.0,2,3,2,3,1,2,2,2,2,1,3,1
4.0,4.0,4.0,4.0,3.0,2.0,3.0,3.0,3.0,3,4,4,2,3,2,1,1,1,1,1,1
,,,,,,,,,3,3,3,2,2,2,2,1,2,2,2,1
3.0,3.0,4.0,4.0,4.0,4.0,2.0,3.0,2.0,2,3,3,2,2,2,1,1,1,1,1,1
2.0,2.0,2.0,3.0,2.0,4.0,2.0,4.0,2.0,2,2,3,3,2,2,1,1,1,3,1,1
1.0,1.0,2.0,2.0,2.0,4.0,2.0,4.0,2.0,3,3,3,3,1,1,2,1,1,1,1,2
2.0,2.0,4.0,2.0,4.0,4.0,2.0,2.0,2.0,3,4,4,2,1,1,1,1,2,3,1,1
3.0,3.0,4.0,4.0,4.0,4.0,4.0,4.0,2.0,3,3,3,3,1,1,1,2,2,1,2,1
2.0,2.0,2.0,3.0,3.0,4.0,2.0,4.0,2.0,1,2,2,2,1,1,2,1,2,1,1,1
3.0,2.0,2.0,2.0,3.0,3.0,1.0,4.0,2.0,2,3,3,2,1,1,1,1,1,1,1,1
3.0,3.0,3.0,3.0,2.0,3.0,2.0,3.0,2.0,2,3,2,3,1,1,1,2,2,2,2,1
1.0,1.0,2.0,2.0,4.0,4.0,2.0,4.0,2.0,2,3,2,4,1,2,1,1,1,1,1,1
,,,,,,,,,2,2,2,2,1,1,1,1,1,1,1,1
3.0,3.0,3.0,3.0,3.0,3.0,3.0,3.0,3.0,3,4,4,2,4,1,4,3,2,4,3,1
,,,,,,,,,3,3,3,3,3,3,3,3,3,3,3,3
3.0,4.0,4.0,4.0,4.0,4.0,3.0,4.0,4.0,2,3,4,2,2,1,1,2,2,1,1,1
,,,,,,,,,3,1,2,2,1,2,1,2,1,2,1,2
3.0,3.0,2.0,3.0,3.0,4.0,2.0,2.0,2.0,2,3,3,3,2,1,2,1,1,2,2,1
2.0,2.0,4.0,3.0,3.0,3.0,2.0,4.0,2.0,3,3,3,2,1,1,1,1,1,1,1,1
2.0,3.0,1.0,1.0,2.0,1.0,2.0,1.0,1.0,2,2,2,2,3,3,2,2,2,2,2,2
2.0,2.0,3.0,3.0,2.0,2.0,2.0,2.0,1.0,3,2,2,1,1,2,1,1,2,2,2,3
2.0,2.0,2.0,2.0,3.0,4.0,2.0,4.0,1.0,2,3,2,3,2,1,2,1,2,1,1,1
2.0,1.0,2.0,2.0,2.0,3.0,1.0,2.0,2.0,2,2,2,3,2,2,2,2,2,2,2,2
3.0,3.0,3.0,3.0,3.0,2.0,3.0,2.0,1.0,2,2,3,2,2,2,3,2,2,3,2,2
2.0,2.0,3.0,2.0,3.0,3.0,3.0,3.0,2.0,2,3,3,2,2,2,2,2,3,3,3,1
,,,,,,,,,4,4,4,4,1,1,1,1,1,1,1,1
2.0,2.0,4.0,4.0,4.0,4.0,2.0,3.0,2.0,3,4,4,3,2,1,2,1,1,1,1,2
2.0,3.0,3.0,2.0,3.0,3.0,3.0,3.0,2.0,1,2,2,3,1,1,1,1,1,1,1,1
3.0,3.0,3.0,3.0,3.0,2.0,3.0,3.0,2.0,2,3,3,3,2,2,1,1,3,1,2,1
1.0,2.0,3.0,4.0,3.0,4.0,2.0,4.0,3.0,3,3,2,3,1,1,1,1,1,2,2,1
2.0,2.0,3.0,3.0,3.0,4.0,1.0,3.0,2.0,2,2,2,3,2,2,1,1,1,2,1,1
1.0,2.0,2.0,3.0,4.0,4.0,4.0,4.0,2.0,2,1,2,2,1,2,2,1,2,2,3,2
2.0,2.0,3.0,3.0,3.0,3.0,3.0,4.0,3.0,3,4,3,3,1,2,1,1,2,1,1,1
2.0,2.0,1.0,3.0,2.0,4.0,3.0,2.0,2.0,2,3,3,3,1,2,2,2,2,2,3,1
3.0,3.0,3.0,3.0,3.0,3.0,3.0,3.0,3.0,3,3,3,3,2,2,2,2,2,2,2,2
2.0,2.0,2.0,3.0,4.0,4.0,3.0,4.0,2.0,4,4,2,2,3,1,2,3,3,3,3,2
2.0,2.0,2.0,2.0,2.0,3.0,2.0,3.0,2.0,2,2,2,2,1,1,1,1,1,1,1,1
3.0,2.0,3.0,3.0,2.0,3.0,3.0,3.0,2.0,2,2,2,2,2,2,2,2,2,2,2,2
3.0,1.0,4.0,4.0,3.0,3.0,2.0,2.0,3.0,2,4,4,2,1,1,1,2,1,4,2,3
2.0,2.0,3.0,3.0,3.0,4.0,2.0,4.0,2.0,3,3,3,3,1,1,1,1,1,1,1,1
1.0,2.0,3.0,3.0,2.0,3.0,3.0,3.0,2.0,2,3,2,2,1,1,1,1,1,1,1,1
3.0,2.0,3.0,2.0,4.0,3.0,2.0,3.0,3.0,2,3,3,2,1,3,1,2,2,3,1,1
1.0,2.0,1.0,2.0,1.0,2.0,2.0,2.0,1.0,2,2,2,2,1,1,1,2,2,2,2,2
1.0,2.0,2.0,2.0,3.0,4.0,2.0,4.0,2.0,3,3,3,3,1,1,1,1,1,1,1,1
3.0,2.0,2.0,1.0,1.0,1.0,1.0,1.0,1.0,1,2,1,1,1,1,3,3,2,4,3,2
2.0,2.0,3.0,3.0,3.0,4.0,2.0,3.0,2.0,3,3,2,3,1,1,1,1,2,2,1,1
2.0,2.0,2.0,2.0,2.0,2.0,2.0,2.0,2.0,2,2,2,2,2,2,2,2,2,2,2,2
4.0,2.0,4.0,1.0,2.0,2.0,1.0,3.0,1.0,4,4,4,4,1,1,1,1,1,1,1,1
1.0,1.0,2.0,2.0,2.0,4.0,2.0,4.0,2.0,3,4,4,2,2,1,1,1,1,1,1,1
3.0,2.0,4.0,3.0,3.0,4.0,2.0,3.0,2.0,4,4,4,3,1,3,1,1,3,1,1,3
2.0,2.0,3.0,3.0,3.0,3.0,2.0,3.0,1.0,4,4,4,4,3,3,1,1,2,2,3,1
2.0,2.0,3.0,3.0,2.0,3.0,2.0,3.0,2.0,3,2,2,3,1,1,1,1,1,2,2,1
3.0,2.0,2.0,2.0,3.0,3.0,2.0,3.0,3.0,2,2,2,2,1,1,1,1,1,1,1,1
2.0,1.0,2.0,3.0,4.0,4.0,2.0,4.0,2.0,2,2,3,4,1,2,1,2,2,2,3,2
3.0,2.0,3.0,3.0,3.0,3.0,3.0,3.0,3.0,2,2,1,2,1,1,1,2,2,1,2,1
2.0,2.0,4.0,4.0,3.0,3.0,2.0,3.0,2.0,2,2,2,2,2,1,1,1,1,1,1,1
3.0,3.0,1.0,3.0,4.0,3.0,3.0,3.0,1.0,1,2,1,4,1,2,1,1,1,1,1,1
2.0,2.0,3.0,3.0,2.0,2.0,2.0,3.0,2.0,3,3,3,2,1,1,1,1,2,2,1,1
3.0,2.0,4.0,3.0,3.0,4.0,1.0,4.0,2.0,2,4,4,2,2,2,1,1,1,1,1,1
3.0,2.0,4.0,4.0,3.0,4.0,1.0,4.0,2.0,3,3,3,3,2,3,2,1,1,2,2,2
2.0,3.0,2.0,2.0,2.0,2.0,2.0,3.0,2.0,2,3,2,3,1,2,1,3,2,2,3,2
2.0,2.0,2.0,2.0,2.0,2.0,2.0,2.0,2.0,3,4,3,3,1,1,1,1,2,2,2,1
4.0,3.0,4.0,4.0,4.0,4.0,3.0,4.0,2.0,3,4,4,4,1,1,1,1,2,1,1,1
1.0,1.0,1.0,2.0,2.0,3.0,1.0,2.0,1.0,1,1,1,1,1,1,1,1,1,1,1,1
2.0,4.0,4.0,4.0,2.0,4.0,3.0,4.0,2.0,2,2,2,2,3,2,3,2,3,3,3,2
2.0,3.0,3.0,3.0,3.0,3.0,3.0,3.0,2.0,2,2,2,2,2,2,2,2,2,2,2,2
2.0,1.0,2.0,2.0,3.0,3.0,2.0,4.0,2.0,2,3,2,3,1,2,1,1,1,1,2,1
1.0,2.0,3.0,4.0,2.0,4.0,2.0,4.0,2.0,1,2,4,2,2,1,1,1,1,2,1,1
3.0,2.0,3.0,3.0,3.0,3.0,2.0,3.0,2.0,3,3,3,3,3,4,2,3,2,1,3,2
3.0,2.0,3.0,3.0,3.0,3.0,2.0,3.0,2.0,2,4,3,3,2,3,2,1,1,1,1,1
,,,,,,,,,4,3,4,2,2,3,1,1,2,3,4,2
2.0,3.0,4.0,4.0,4.0,2.0,4.0,3.0,1.0,2,3,3,2,2,2,2,2,2,2,2,2
4.0,2.0,4.0,4.0,3.0,4.0,4.0,3.0,2.0,2,3,3,2,2,3,2,2,2,2,2,2
2.0,2.0,3.0,2.0,2.0,2.0,2.0,2.0,1.0,2,2,1,2,1,2,2,1,1,1,2,2
3.0,3.0,4.0,3.0,4.0,4.0,2.0,4.0,4.0,2,2,2,4,4,4,1,1,1,1,1,1
1.0,4.0,4.0,4.0,2.0,1.0,4.0,4.0,4.0,4,4,4,1,1,1,1,1,1,1,1,1
2.0,2.0,2.0,2.0,2.0,2.0,2.0,3.0,1.0,1,1,2,1,1,1,1,1,1,1,1,1
3.0,2.0,3.0,3.0,2.0,3.0,3.0,3.0,2.0,2,3,3,3,1,1,2,1,2,1,1,1
2.0,2.0,3.0,3.0,4.0,4.0,2.0,4.0,2.0,2,3,3,2,2,2,2,2,2,2,2,2
2.0,2.0,2.0,3.0,2.0,2.0,3.0,3.0,2.0,3,4,3,3,1,1,1,1,1,1,2,1
2.0,2.0,4.0,4.0,3.0,4.0,4.0,3.0,1.0,3,4,4,3,1,1,1,1,2,1,1,1
2.0,2.0,1.0,1.0,2.0,2.0,1.0,2.0,2.0,1,3,3,2,2,1,1,1,1,1,2,1
1.0,1.0,1.0,1.0,1.0,1.0,1.0,1.0,1.0,1,1,1,1,1,1,1,1,1,1,1,1
2.0,2.0,4.0,4.0,4.0,4.0,2.0,4.0,2.0,3,3,3,4,2,2,1,1,2,4,1,1
,,,,,,,,,2,3,3,3,1,1,1,1,1,1,1,1
1.0,2.0,3.0,2.0,3.0,4.0,2.0,4.0,2.0,3,2,2,3,2,1,2,2,2,2,2,2
3.0,3.0,3.0,3.0,2.0,3.0,3.0,3.0,2.0,2,1,3,2,3,2,2,3,3,3,3,4
2.0,1.0,3.0,2.0,3.0,3.0,1.0,3.0,1.0,2,3,3,2,2,3,1,1,1,2,1,2
2.0,2.0,2.0,3.0,3.0,3.0,2.0,3.0,2.0,2,2,2,2,1,2,2,2,1,2,3,2
3.0,3.0,4.0,3.0,3.0,3.0,2.0,3.0,2.0,2,3,3,4,2,2,2,2,2,2,2,2
2.0,2.0,3.0,3.0,4.0,4.0,2.0,4.0,2.0,3,3,3,4,1,2,1,1,2,1,2,1
2.0,3.0,2.0,1.0,1.0,2.0,1.0,3.0,3.0,2,3,1,2,1,1,3,1,2,2,2,2
,,,,,,,,,3,2,2,2,2,2,3,3,3,2,4,3
2.0,2.0,2.0,3.0,3.0,3.0,2.0,3.0,2.0,3,2,2,2,1,1,1,1,1,1,2,1
,,,,,,,,,3,3,3,2,1,1,1,1,2,2,4,1
2.0,2.0,1.0,1.0,1.0,2.0,1.0,1.0,2.0,2,2,1,1,1,1,2,1,1,2,1,2
3.0,2.0,4.0,3.0,2.0,3.0,2.0,2.0,2.0,2,2,2,2,1,2,1,1,1,1,1,1
3.0,2.0,4.0,3.0,3.0,4.0,3.0,4.0,2.0,2,3,3,1,1,2,1,1,1,1,1,1
2.0,2.0,2.0,2.0,3.0,3.0,1.0,2.0,2.0,2,2,1,2,1,1,1,1,1,1,1,1
3.0,1.0,3.0,3.0,4.0,4.0,4.0,4.0,2.0,2,3,4,3,1,3,1,1,1,1,1,1
2.0,3.0,4.0,4.0,4.0,4.0,3.0,4.0,3.0,2,3,3,2,1,4,1,1,2,1,2,2
4.0,3.0,4.0,4.0,4.0,3.0,3.0,2.0,2.0,3,3,3,2,2,2,2,3,2,2,2,2
2.0,2.0,2.0,3.0,3.0,3.0,2.0,3.0,1.0,3,3,3,3,1,1,1,1,1,1,1,1
2.0,2.0,2.0,4.0,3.0,3.0,2.0,4.0,1.0,2,2,2,3,1,1,1,1,2,2,2,1
2.0,2.0,3.0,4.0,4.0,4.0,3.0,4.0,3.0,3,3,3,2,2,2,1,1,1,1,1,1
2.0,2.0,2.0,2.0,2.0,2.0,2.0,2.0,2.0,2,2,2,2,2,2,2,2,2,2,2,2
4.0,4.0,4.0,4.0,4.0,4.0,3.0,3.0,2.0,2,4,4,2,1,1,1,1,1,1,1,1
3.0,2.0,4.0,3.0,4.0,4.0,2.0,4.0,3.0,2,2,3,3,3,1,1,1,1,1,1,1
2.0,2.0,3.0,3.0,3.0,4.0,3.0,4.0,2.0,3,4,3,3,1,3,1,2,2,3,3,1
2.0,2.0,3.0,3.0,3.0,3.0,2.0,4.0,2.0,2,2,2,3,2,2,1,1,1,2,2,1
2.0,2.0,3.0,3.0,3.0,3.0,2.0,3.0,2.0,2,3,3,4,3,2,3,1,2,3,1,4
2.0,2.0,3.0,2.0,3.0,3.0,1.0,3.0,3.0,2,3,2,3,3,3,3,3,3,3,3,3
2.0,2.0,2.0,4.0,3.0,4.0,2.0,2.0,2.0,3,3,3,4,2,2,1,2,2,1,1,1
2.0,2.0,3.0,3.0,3.0,3.0,2.0,4.0,3.0,4,4,4,2,1,1,1,1,1,1,1,1
,,,,,,,,,2,3,3,2,2,1,1,1,1,2,3,1
2.0,3.0,3.0,4.0,4.0,4.0,4.0,4.0,3.0,2,4,4,4,3,1,2,1,2,1,3,4
4.0,4.0,4.0,4.0,3.0,2.0,4.0,3.0,2.0,2,3,4,3,1,2,1,1,1,1,1,3
3.0,2.0,3.0,2.0,2.0,3.0,2.0,4.0,2.0,2,3,3,3,1,1,1,1,1,1,1,1
2.0,2.0,3.0,3.0,3.0,4.0,2.0,4.0,2.0,2,2,2,3,1,1,1,2,2,1,2,1
,,,,,,,,,3,2,3,2,2,2,2,2,2,2,2,1
2.0,2.0,2.0,2.0,2.0,3.0,2.0,3.0,1.0,2,2,2,2,1,1,1,1,1,1,1,1
,,,,,,,,,1,2,3,2,1,1,2,1,2,1,1,1
1.0,1.0,3.0,3.0,2.0,2.0,2.0,3.0,1.0,3,2,3,2,2,3,2,1,3,2,2,4
2.0,2.0,3.0,3.0,4.0,4.0,2.0,3.0,2.0,2,3,4,3,1,1,1,1,1,1,1,1
2.0,2.0,4.0,4.0,3.0,3.0,2.0,3.0,1.0,2,2,4,3,1,1,1,1,2,2,2,1
2.0,1.0,3.0,2.0,3.0,4.0,2.0,4.0,3.0,3,2,2,3,2,3,2,1,1,2,1,1
2.0,2.0,3.0,3.0,3.0,3.0,2.0,4.0,2.0,2,2,3,3,1,1,1,1,1,1,2,1
,,,,,,,,,2,2,3,3,3,4,4,3,3,4,4,3
2.0,3.0,4.0,4.0,3.0,4.0,2.0,3.0,3.0,2,3,3,3,2,2,2,2,2,2,2,2
2.0,2.0,4.0,4.0,3.0,3.0,2.0,4.0,3.0,3,3,3,3,1,2,1,2,1,1,2,1
2.0,2.0,2.0,2.0,4.0,3.0,2.0,4.0,2.0,4,3,3,3,2,1,1,2,2,1,3,1
2.0,2.0,3.0,3.0,3.0,3.0,2.0,3.0,3.0,2,3,2,2,1,1,1,1,1,2,1,1
2.0,3.0,4.0,2.0,3.0,4.0,2.0,4.0,3.0,2,3,3,4,2,2,1,2,1,2,1,1
3.0,3.0,4.0,2.0,3.0,3.0,3.0,2.0,2.0,2,3,2,3,1,3,2,1,1,1,1,2
1.0,2.0,2.0,2.0,2.0,3.0,2.0,4.0,1.0,2,3,2,3,1,1,1,1,1,1,1,1
3.0,2.0,2.0,3.0,3.0,2.0,3.0,3.0,2.0,1,2,2,2,1,1,1,1,1,1,2,2
3.0,3.0,3.0,3.0,3.0,3.0,3.0,3.0,2.0,3,3,3,3,1,1,2,2,1,3,2,2
2.0,2.0,4.0,3.0,2.0,3.0,1.0,3.0,2.0,2,3,2,2,1,2,1,1,1,1,1,1
2.0,2.0,3.0,3.0,3.0,3.0,2.0,3.0,2.0,2,2,3,3,1,1,1,1,1,1,2,1
4.0,4.0,4.0,4.0,4.0,4.0,4.0,4.0,4.0,2,3,3,4,1,1,1,1,1,1,2,1
2.0,2.0,3.0,3.0,3.0,3.0,3.0,3.0,2.0,2,2,2,2,2,2,2,2,2,2,2,2
1.0,2.0,2.0,2.0,3.0,3.0,3.0,4.0,2.0,1,2,2,1,1,2,2,1,2,2,2,2
,,,,,,,,,2,3,3,4,3,3,3,3,3,3,3,3
4.0,3.0,4.0,4.0,4.0,3.0,2.0,4.0,3.0,3,3,4,2,1,3,1,1,1,1,1,1
2.0,2.0,3.0,3.0,3.0,3.0,2.0,3.0,2.0,2,3,3,3,1,1,1,1,1,2,2,1
2.0,2.0,3.0,3.0,3.0,3.0,2.0,3.0,2.0,3,3,4,3,2,1,2,2,2,2,3,2
,,,,,,,,,3,2,2,2,2,2,3,4,4,3,4,2
3.0,2.0,4.0,4.0,4.0,4.0,2.0,3.0,2.0,3,4,4,3,3,4,2,2,2,1,1,1
1.0,1.0,2.0,2.0,3.0,4.0,2.0,4.0,2.0,2,2,2,2,1,1,1,1,1,1,1,1
2.0,3.0,3.0,4.0,3.0,2.0,2.0,3.0,1.0,3,3,3,2,1,1,1,1,1,2,1,1
2.0,2.0,2.0,3.0,2.0,2.0,2.0,3.0,1.0,3,3,3,3,3,2,2,2,3,3,3,2
2.0,3.0,4.0,4.0,4.0,4.0,3.0,2.0,1.0,3,4,4,4,1,2,1,2,2,1,2,1
2.0,2.0,3.0,3.0,3.0,4.0,2.0,3.0,3.0,3,3,3,2,2,2,3,2,1,3,3,2
2.0,1.0,3.0,3.0,3.0,2.0,2.0,2.0,2.0,4,4,3,4,1,1,1,1,1,1,1,3
,,,,,,,,,2,2,3,2,2,2,2,2,2,2,2,1
2.0,4.0,3.0,4.0,4.0,4.0,3.0,3.0,2.0,4,4,3,3,2,2,1,1,2,1,2,1
3.0,2.0,3.0,2.0,4.0,4.0,2.0,4.0,3.0,3,3,3,3,2,3,2,3,3,4,3,2
,,,,,,,,,2,3,3,2,2,2,2,1,1,1,1,1
2.0,1.0,3.0,3.0,4.0,4.0,4.0,4.0,2.0,2,4,4,2,1,1,1,1,1,1,1,1
2.0,2.0,3.0,3.0,3.0,4.0,2.0,4.0,2.0,2,2,2,2,1,1,2,1,1,1,1,1
3.0,2.0,3.0,3.0,3.0,4.0,1.0,4.0,2.0,2,3,3,3,1,2,1,1,1,1,2,1
3.0,2.0,3.0,3.0,2.0,3.0,4.0,3.0,2.0,3,3,3,3,1,1,1,1,1,1,1,1
,,,,,,,,,2,3,2,3,1,1,1,1,1,1,1,1
,,,,,,,,,2,3,3,3,1,1,1,2,2,2,2,1
2.0,1.0,3.0,3.0,2.0,3.0,3.0,3.0,2.0,1,3,3,3,1,1,1,2,2,1,1,1
2.0,2.0,2.0,3.0,3.0,3.0,1.0,3.0,2.0,2,2,3,4,1,1,2,2,2,1,3,1
2.0,2.0,4.0,4.0,4.0,4.0,2.0,4.0,3.0,2,3,3,3,1,1,1,1,1,1,1,1
1.0,2.0,2.0,2.0,3.0,4.0,2.0,4.0,2.0,2,2,2,3,1,1,1,1,1,1,2,2
2.0,2.0,3.0,3.0,2.0,3.0,2.0,3.0,2.0,3,3,3,3,1,1,1,1,1,1,1,1
2.0,1.0,3.0,3.0,2.0,4.0,2.0,3.0,2.0,3,3,3,3,1,1,2,2,2,3,2,2
2.0,2.0,3.0,3.0,3.0,3.0,2.0,2.0,2.0,3,3,4,3,1,1,1,1,1,1,1,1
,,,,,,,,,3,2,3,1,1,2,1,1,1,1,1,1
1.0,2.0,3.0,2.0,3.0,3.0,3.0,3.0,3.0,2,2,2,2,1,2,2,2,2,2,2,2
2.0,2.0,3.0,3.0,3.0,2.0,2.0,4.0,3.0,2,3,3,3,2,3,1,2,2,1,2,1
2.0,2.0,3.0,2.0,4.0,4.0,2.0,3.0,2.0,3,3,3,4,2,1,2,2,2,2,2,3
2.0,1.0,3.0,3.0,3.0,3.0,2.0,3.0,2.0,2,3,3,4,1,2,1,1,1,1,1,1
2.0,2.0,3.0,3.0,3.0,3.0,2.0,3.0,3.0,2,2,2,3,1,1,1,1,2,2,3,1
3.0,2.0,2.0,3.0,3.0,4.0,2.0,3.0,2.0,2,2,2,4,1,1,1,1,1,1,2,1
3.0,3.0,3.0,3.0,3.0,3.0,2.0,3.0,2.0,2,2,2,3,2,2,2,1,1,1,2,2
2.0,1.0,3.0,3.0,4.0,2.0,2.0,3.0,2.0,3,3,3,3,3,3,1,1,1,1,1,1
3.0,2.0,3.0,3.0,2.0,3.0,3.0,4.0,2.0,3,1,3,1,1,2,1,1,1,2,2,2
2.0,2.0,4.0,3.0,3.0,4.0,4.0,4.0,4.0,4,3,3,1,4,2,2,4,4,4,4,4
2.0,1.0,4.0,4.0,2.0,3.0,2.0,4.0,2.0,3,3,4,2,1,2,1,2,2,2,2,1
2.0,2.0,3.0,4.0,3.0,4.0,2.0,3.0,2.0,3,4,3,4,3,3,1,1,1,4,1,1
1.0,1.0,2.0,2.0,1.0,4.0,1.0,3.0,1.0,2,4,4,3,1,1,1,1,1,1,2,1
2.0,2.0,3.0,3.0,3.0,3.0,2.0,3.0,2.0,3,2,3,3,2,2,2,2,2,2,2,2
1.0,2.0,2.0,1.0,1.0,1.0,1.0,2.0,2.0,1,1,2,1,1,2,2,1,1,1,2,1
3.0,2.0,3.0,3.0,4.0,4.0,2.0,4.0,2.0,2,3,3,3,1,1,1,2,2,3,3,1
,,,,,,,,,2,2,3,4,2,2,2,1,2,1,2,1
2.0,2.0,2.0,3.0,4.0,3.0,3.0,4.0,2.0,3,3,2,4,2,3,1,2,1,2,1,1
2.0,2.0,4.0,3.0,3.0,4.0,3.0,3.0,2.0,3,3,3,3,3,2,2,1,2,2,3,2
2.0,2.0,4.0,1.0,4.0,4.0,3.0,4.0,3.0,3,4,4,3,1,3,1,2,2,4,1,1
3.0,2.0,3.0,2.0,3.0,2.0,2.0,3.0,2.0,1,2,4,2,1,3,3,2,1,4,2,1
2.0,2.0,3.0,2.0,3.0,3.0,3.0,3.0,1.0,2,2,3,2,1,3,3,2,3,2,4,3
2.0,2.0,3.0,3.0,2.0,3.0,2.0,3.0,2.0,2,3,2,3,1,2,1,1,1,1,1,1
3.0,3.0,3.0,2.0,3.0,3.0,2.0,3.0,2.0,2,3,2,3,2,1,2,2,1,2,2,2
2.0,2.0,2.0,2.0,2.0,2.0,1.0,2.0,2.0,2,2,2,2,2,2,1,1,2,3,2,2
3.0,2.0,4.0,4.0,4.0,4.0,3.0,3.0,2.0,2,4,4,3,4,4,4,1,1,4,4,4
3.0,2.0,4.0,3.0,4.0,4.0,2.0,3.0,2.0,4,4,3,2,1,1,1,1,1,1,1,1
3.0,3.0,3.0,3.0,3.0,3.0,2.0,3.0,2.0,3,4,4,4,1,2,1,1,1,1,2,1
,,,,,,,,,4,3,3,3,2,2,1,1,1,1,1,2
4.0,3.0,3.0,2.0,4.0,4.0,2.0,2.0,2.0,3,3,3,4,2,2,1,1,2,1,1,2
4.0,3.0,4.0,3.0,4.0,4.0,4.0,3.0,2.0,2,4,4,3,1,1,1,1,1,1,1,1
2.0,2.0,3.0,3.0,3.0,2.0,2.0,2.0,3.0,2,2,3,2,2,2,2,2,2,2,2,2
,,,,,,,,,1,2,3,2,1,1,4,1,2,2,4,2
3.0,4.0,4.0,4.0,4.0,4.0,2.0,4.0,2.0,2,3,4,2,2,3,2,1,2,2,2,2
2.0,2.0,3.0,2.0,3.0,2.0,3.0,3.0,3.0,2,3,2,3,1,1,1,1,1,1,1,1
3.0,2.0,3.0,2.0,4.0,4.0,2.0,4.0,3.0,2,3,3,3,1,2,2,2,1,2,2,1
2.0,2.0,2.0,3.0,2.0,3.0,2.0,3.0,3.0,2,3,2,2,2,2,1,1,1,1,2,1
2.0,2.0,2.0,2.0,2.0,4.0,2.0,4.0,2.0,3,3,3,3,1,1,1,2,2,1,1,1
,,,,,,,,,3,3,3,1,2,1,1,2,3,2,3,2
4.0,1.0,3.0,4.0,4.0,4.0,2.0,4.0,4.0,2,4,2,4,1,1,1,1,1,1,1,1
3.0,2.0,2.0,3.0,2.0,4.0,2.0,3.0,3.0,2,2,2,3,2,2,2,2,2,2,2,2
2.0,2.0,3.0,3.0,3.0,3.0,2.0,3.0,3.0,2,2,2,3,1,1,1,1,1,1,1,1
2.0,2.0,3.0,3.0,3.0,3.0,2.0,3.0,3.0,3,4,3,3,1,2,1,1,1,1,1,1
3.0,3.0,4.0,3.0,3.0,3.0,3.0,3.0,2.0,3,2,3,3,1,1,3,3,1,3,3,1
2.0,2.0,3.0,2.0,3.0,4.0,2.0,4.0,2.0,2,3,3,3,2,1,1,1,1,1,2,1
2.0,1.0,3.0,3.0,2.0,3.0,2.0,3.0,2.0,2,3,2,3,1,3,1,1,1,1,2,1
2.0,2.0,2.0,2.0,2.0,3.0,2.0,3.0,2.0,3,3,2,2,2,2,2,2,2,2,2,2
2.0,1.0,2.0,2.0,3.0,3.0,2.0,4.0,2.0,1,1,2,2,1,1,1,1,1,1,1,1
2.0,2.0,3.0,3.0,3.0,3.0,2.0,3.0,2.0,4,3,3,2,2,2,1,1,1,1,1,1
2.0,1.0,3.0,3.0,2.0,3.0,1.0,3.0,3.0,3,3,1,3,2,1,1,1,1,1,1,1
4.0,3.0,4.0,4.0,4.0,3.0,3.0,4.0,3.0,2,4,4,4,2,2,2,2,2,3,2,2
2.0,2.0,3.0,3.0,3.0,4.0,3.0,4.0,3.0,3,2,2,3,1,2,1,1,1,1,1,1
3.0,3.0,3.0,3.0,4.0,4.0,2.0,4.0,2.0,2,2,3,3,1,1,1,1,1,1,2,1
3.0,2.0,2.0,2.0,4.0,4.0,2.0,4.0,3.0,4,3,3,3,2,2,1,1,1,1,1,1
2.0,2.0,3.0,4.0,4.0,4.0,3.0,4.0,2.0,2,2,3,4,1,2,1,1,2,2,2,1
2.0,2.0,3.0,3.0,3.0,3.0,4.0,4.0,2.0,3,2,3,3,1,1,2,1,2,1,1,1
2.0,2.0,2.0,2.0,2.0,2.0,2.0,2.0,2.0,2,1,2,2,2,2,2,2,2,2,2,2
2.0,2.0,2.0,2.0,2.0,2.0,2.0,3.0,2.0,2,3,3,2,1,1,1,1,1,2,1,1
2.0,2.0,2.0,2.0,2.0,3.0,2.0,2.0,2.0,1,2,2,2,1,1,1,1,1,1,1,1
2.0,2.0,2.0,2.0,3.0,3.0,2.0,3.0,2.0,4,4,3,3,4,2,3,2,3,2,3,2
,,,,,,,,,2,4,4,2,2,1,1,1,1,1,1,1
3.0,3.0,4.0,2.0,3.0,2.0,2.0,1.0,1.0,1,3,2,2,3,2,1,2,1,2,1,1
3.0,3.0,2.0,3.0,4.0,4.0,2.0,4.0,2.0,2,2,2,3,2,2,1,2,1,1,3,2
1.0,2.0,2.0,2.0,1.0,2.0,1.0,2.0,1.0,1,1,1,2,1,1,1,1,1,1,1,1
3.0,4.0,4.0,4.0,4.0,4.0,2.0,4.0,1.0,2,2,2,2,1,1,1,1,1,1,1,1
2.0,2.0,3.0,3.0,3.0,4.0,2.0,3.0,2.0,2,3,3,4,2,2,1,2,2,1,2,1
2.0,2.0,2.0,2.0,2.0,2.0,2.0,2.0,2.0,2,4,4,2,3,1,1,1,1,3,1,2
3.0,3.0,4.0,3.0,2.0,2.0,1.0,3.0,1.0,3,1,4,3,1,1,1,1,1,1,1,1
2.0,2.0,2.0,2.0,3.0,3.0,1.0,3.0,2.0,2,1,2,2,1,3,1,1,2,1,3,1
2.0,1.0,3.0,4.0,3.0,4.0,4.0,4.0,1.0,1,2,2,3,2,2,1,1,1,1,2,1
2.0,1.0,2.0,2.0,2.0,3.0,2.0,3.0,2.0,3,3,2,3,1,2,1,1,2,2,1,1
2.0,2.0,2.0,4.0,2.0,2.0,2.0,2.0,2.0,4,4,4,4,2,2,2,2,2,2,2,2
2.0,2.0,3.0,3.0,3.0,3.0,2.0,3.0,2.0,2,2,2,2,1,1,1,1,1,1,1,1
,,,,,,,,,2,2,3,3,2,2,2,2,2,2,2,2
2.0,2.0,2.0,2.0,4.0,4.0,2.0,3.0,2.0,3,3,3,3,2,4,1,1,1,1,2,1
2.0,2.0,3.0,3.0,3.0,4.0,2.0,4.0,2.0,3,3,4,3,1,3,1,1,1,1,2,1
2.0,2.0,2.0,2.0,3.0,3.0,2.0,3.0,2.0,2,2,2,2,2,2,2,2,2,2,2,2
3.0,3.0,4.0,2.0,2.0,4.0,2.0,4.0,2.0,2,4,4,3,1,2,1,1,1,1,1,1
2.0,1.0,2.0,2.0,2.0,3.0,1.0,3.0,2.0,2,3,3,1,2,1,1,2,1,1,3,1
3.0,2.0,4.0,4.0,4.0,3.0,2.0,4.0,2.0,2,4,3,2,2,3,1,1,1,2,1,1
,,,,,,,,,3,3,3,3,1,1,1,1,1,1,1,1
2.0,2.0,3.0,3.0,3.0,3.0,2.0,3.0,2.0,3,3,3,3,2,3,2,2,2,2,2,2
2.0,2.0,3.0,4.0,3.0,4.0,3.0,4.0,2.0,2,3,3,3,2,2,1,1,1,1,2,2
3.0,4.0,3.0,3.0,3.0,4.0,3.0,3.0,3.0,2,2,3,3,2,2,2,2,2,2,2,2
3.0,3.0,3.0,4.0,3.0,4.0,3.0,4.0,3.0,3,3,3,3,1,2,1,2,2,2,3,1
1.0,1.0,2.0,3.0,3.0,3.0,2.0,3.0,2.0,2,3,2,2,2,2,2,2,2,1,2,1
4.0,3.0,4.0,4.0,4.0,3.0,3.0,3.0,3.0,3,4,4,3,2,2,2,1,2,2,1,1
2.0,1.0,3.0,2.0,3.0,3.0,2.0,3.0,2.0,2,2,1,2,1,1,1,1,1,1,1,1
2.0,2.0,4.0,4.0,4.0,4.0,4.0,4.0,2.0,1,4,1,4,3,3,1,2,2,1,4,2
3.0,3.0,4.0,3.0,2.0,2.0,2.0,2.0,1.0,3,3,3,3,1,1,1,1,1,1,1,1
4.0,4.0,4.0,3.0,3.0,4.0,2.0,4.0,2.0,1,1,2,2,1,2,1,1,1,1,1,1
,,,,,,,,,2,2,2,2,2,3,1,1,2,1,2,1
1.0,3.0,2.0,4.0,3.0,2.0,2.0,2.0,1.0,1,1,2,2,1,1,2,2,2,2,2,2
,,,,,,,,,1,3,4,3,2,2,2,1,1,1,1,1
2.0,2.0,2.0,2.0,3.0,2.0,2.0,3.0,3.0,2,2,2,2,1,1,3,1,2,1,1,1
2.0,2.0,2.0,3.0,3.0,4.0,2.0,4.0,2.0,2,2,2,3,1,1,1,1,1,1,1,1
1.0,2.0,2.0,2.0,3.0,3.0,2.0,4.0,1.0,2,2,1,4,1,2,1,1,1,1,1,1
3.0,3.0,3.0,3.0,3.0,4.0,2.0,4.0,1.0,1,3,2,3,1,1,1,1,1,1,2,1
4.0,3.0,4.0,4.0,3.0,3.0,3.0,3.0,2.0,2,4,3,3,3,2,2,2,2,2,2,2
2.0,2.0,3.0,3.0,2.0,3.0,2.0,3.0,2.0,2,2,2,2,1,1,2,1,2,1,3,2
2.0,4.0,4.0,4.0,3.0,4.0,4.0,3.0,3.0,2,1,3,2,2,4,2,3,2,3,3,2
3.0,3.0,4.0,4.0,4.0,3.0,3.0,4.0,3.0,2,3,4,2,1,1,2,1,1,1,2,2
1.0,2.0,3.0,4.0,4.0,4.0,4.0,4.0,2.0,3,3,2,3,1,4,1,1,1,1,1,1
2.0,2.0,2.0,2.0,2.0,2.0,2.0,2.0,2.0,2,3,2,2,2,2,2,2,2,2,2,2
2.0,3.0,3.0,3.0,3.0,3.0,2.0,4.0,3.0,2,3,3,2,3,3,1,2,1,3,1,1
,,,,,,,,,3,3,3,3,2,2,2,2,2,1,2,1
2.0,2.0,2.0,2.0,4.0,4.0,1.0,3.0,1.0,2,3,3,3,1,1,1,1,2,1,3,1
4.0,4.0,4.0,3.0,4.0,4.0,2.0,4.0,2.0,2,3,4,2,2,2,1,1,1,2,2,1
2.0,3.0,3.0,3.0,3.0,2.0,3.0,2.0,2.0,2,2,2,2,1,1,2,1,2,2,3,2
2.0,2.0,4.0,3.0,3.0,2.0,2.0,4.0,2.0,2,3,3,3,2,2,1,2,1,2,1,1
1.0,1.0,2.0,1.0,1.0,1.0,1.0,1.0,1.0,2,2,2,3,1,1,1,2,1,1,2,1
1.0,1.0,1.0,2.0,2.0,3.0,2.0,3.0,1.0,3,3,3,2,3,3,1,2,2,1,2,1
2.0,2.0,2.0,2.0,3.0,4.0,2.0,3.0,2.0,3,3,3,4,1,1,1,1,1,1,1,1
2.0,2.0,2.0,4.0,4.0,4.0,4.0,4.0,2.0,2,3,3,3,1,1,1,2,2,1,3,1
2.0,3.0,3.0,3.0,3.0,4.0,2.0,3.0,2.0,3,3,3,3,1,1,1,1,1,1,1,1
4.0,4.0,4.0,4.0,4.0,4.0,1.0,3.0,4.0,3,3,3,3,1,1,1,1,2,1,2,1
2.0,2.0,2.0,2.0,3.0,3.0,2.0,3.0,2.0,1,2,2,2,1,1,2,1,2,2,2,2
2.0,1.0,3.0,3.0,1.0,3.0,3.0,4.0,2.0,2,3,3,2,2,1,2,1,4,2,1,2
2.0,1.0,4.0,4.0,3.0,3.0,1.0,2.0,2.0,2,4,2,3,3,2,1,1,1,1,2,2
,,,,,,,,,2,3,3,3,1,1,1,1,1,1,1,1
3.0,3.0,3.0,3.0,3.0,3.0,3.0,3.0,2.0,3,3,3,3,2,2,2,2,2,2,2,2
2.0,2.0,3.0,2.0,4.0,4.0,1.0,3.0,2.0,3,3,2,1,1,2,1,1,1,1,1,1
2.0,1.0,3.0,3.0,3.0,3.0,2.0,2.0,1.0,1,3,2,2,1,1,2,2,2,4,3,1
4.0,2.0,4.0,4.0,4.0,4.0,2.0,4.0,4.0,2,2,2,2,1,1,1,1,1,1,3,1
3.0,3.0,4.0,4.0,2.0,2.0,4.0,3.0,2.0,3,3,3,3,2,3,1,1,3,1,2,1
2.0,2.0,4.0,4.0,3.0,4.0,2.0,4.0,3.0,2,3,3,3,2,2,2,1,1,1,2,1
2.0,2.0,2.0,3.0,3.0,3.0,3.0,4.0,2.0,2,2,2,2,1,1,1,1,1,1,2,1
,,,,,,,,,2,3,3,3,2,1,2,1,1,1,3,1
2.0,2.0,2.0,2.0,3.0,4.0,2.0,4.0,2.0,2,2,2,3,2,3,1,1,1,1,1,1
3.0,2.0,3.0,3.0,3.0,4.0,2.0,4.0,2.0,3,3,3,3,2,2,2,2,2,2,2,2
2.0,3.0,4.0,3.0,3.0,4.0,2.0,4.0,2.0,2,2,2,2,1,2,1,1,2,1,2,1
2.0,2.0,3.0,4.0,3.0,3.0,2.0,2.0,2.0,3,4,3,4,1,1,1,1,1,1,1,1
,,,,,,,,,2,2,2,2,2,2,2,3,2,2,3,2
2.0,2.0,3.0,3.0,4.0,4.0,3.0,4.0,3.0,3,3,3,3,2,2,1,1,1,1,1,1
1.0,2.0,4.0,4.0,4.0,4.0,2.0,4.0,2.0,2,2,2,2,1,2,1,1,1,1,1,1
3.0,3.0,4.0,3.0,4.0,4.0,3.0,4.0,2.0,3,3,3,3,3,2,2,2,2,3,2,2
,,,,,,,,,2,2,3,3,2,2,2,2,2,3,2,2
2.0,2.0,2.0,3.0,2.0,2.0,2.0,3.0,2.0,3,2,2,2,2,2,2,2,2,2,2,2
2.0,2.0,3.0,3.0,2.0,3.0,2.0,3.0,2.0,3,2,2,2,2,1,1,1,2,1,1,1
2.0,2.0,3.0,3.0,4.0,3.0,2.0,3.0,2.0,2,2,2,2,2,2,1,2,1,1,1,1
1.0,3.0,2.0,3.0,3.0,4.0,2.0,4.0,2.0,2,2,2,4,1,1,1,1,2,2,2,1
1.0,2.0,3.0,2.0,3.0,4.0,3.0,4.0,2.0,3,3,3,4,1,1,1,1,2,1,1,1
2.0,2.0,2.0,3.0,3.0,4.0,2.0,3.0,2.0,2,3,3,4,1,1,2,2,3,2,3,1
2.0,2.0,2.0,2.0,3.0,2.0,2.0,3.0,1.0,1,2,2,1,1,2,1,1,1,1,1,1
3.0,2.0,4.0,2.0,3.0,2.0,1.0,3.0,2.0,2,2,2,2,2,1,3,1,1,1,1,1
2.0,2.0,2.0,2.0,4.0,4.0,2.0,4.0,2.0,3,3,3,3,1,2,2,2,2,2,2,3
2.0,2.0,2.0,2.0,2.0,2.0,2.0,2.0,2.0,2,2,3,2,2,1,3,1,3,3,2,3
3.0,3.0,3.0,3.0,3.0,4.0,4.0,3.0,2.0,2,2,2,3,1,1,1,2,2,2,3,1
2.0,2.0,2.0,3.0,3.0,3.0,3.0,3.0,2.0,2,4,4,2,1,2,1,1,2,1,1,1
,,,,,,,,,2,2,3,2,1,3,1,2,2,2,2,1
2.0,2.0,3.0,3.0,3.0,3.0,2.0,3.0,2.0,3,2,2,3,1,2,1,1,1,1,1,1
3.0,2.0,3.0,3.0,3.0,3.0,3.0,3.0,3.0,2,3,3,3,2,2,2,2,2,2,3,2
2.0,2.0,3.0,3.0,4.0,4.0,4.0,4.0,2.0,2,3,3,3,2,2,2,2,2,2,3,1
2.0,2.0,3.0,3.0,3.0,3.0,2.0,3.0,2.0,2,2,2,2,2,2,1,1,1,1,1,1
2.0,2.0,3.0,4.0,3.0,4.0,2.0,4.0,2.0,2,3,3,3,2,2,1,1,1,1,2,1
2.0,2.0,2.0,4.0,4.0,4.0,2.0,4.0,2.0,2,2,2,2,1,1,1,1,2,1,2,1
2.0,2.0,3.0,3.0,3.0,3.0,2.0,4.0,1.0,1,3,2,2,2,2,1,1,1,1,1,1
4.0,2.0,4.0,3.0,3.0,4.0,3.0,3.0,2.0,3,3,3,3,1,1,1,1,1,2,1,1
4.0,4.0,4.0,4.0,4.0,4.0,4.0,4.0,4.0,1,2,3,3,1,2,2,1,1,1,1,4
2.0,2.0,3.0,3.0,4.0,4.0,2.0,3.0,2.0,2,2,2,4,1,1,1,1,1,1,1,1
2.0,2.0,3.0,3.0,3.0,4.0,2.0,3.0,3.0,2,2,3,3,1,3,1,1,1,1,2,1
4.0,3.0,4.0,4.0,4.0,4.0,4.0,3.0,2.0,3,4,4,3,1,1,2,1,1,2,2,1
,,,,,,,,,2,3,3,3,2,2,2,2,2,2,2,2
3.0,2.0,3.0,4.0,4.0,4.0,4.0,4.0,3.0,2,3,2,4,1,1,1,2,2,1,2,1
,,,,,,,,,2,3,3,2,2,2,2,2,2,2,2,2
2.0,2.0,2.0,2.0,2.0,2.0,2.0,2.0,2.0,2,2,2,3,3,3,2,2,3,2,2,2
3.0,2.0,3.0,3.0,2.0,2.0,2.0,3.0,1.0,3,4,3,4,1,1,1,1,2,1,1,1
2.0,2.0,2.0,3.0,2.0,2.0,2.0,3.0,1.0,2,2,2,2,1,1,1,2,2,1,2,1
2.0,2.0,3.0,3.0,3.0,4.0,2.0,4.0,2.0,3,3,3,4,1,2,1,1,1,1,1,1
2.0,1.0,2.0,2.0,3.0,4.0,2.0,4.0,2.0,2,3,2,3,2,3,1,2,2,1,2,1
2.0,3.0,3.0,2.0,3.0,3.0,2.0,3.0,2.0,2,3,2,2,1,2,1,1,1,1,1,1
2.0,2.0,4.0,2.0,2.0,3.0,2.0,3.0,1.0,2,2,3,2,1,1,2,1,3,2,2,2
3.0,3.0,3.0,3.0,3.0,3.0,3.0,3.0,3.0,2,3,3,3,2,2,2,2,2,2,2,2
2.0,2.0,3.0,4.0,3.0,4.0,2.0,4.0,2.0,2,3,3,3,2,2,1,2,2,2,3,1
2.0,2.0,3.0,3.0,3.0,4.0,2.0,4.0,2.0,2,3,3,3,1,2,1,1,1,1,1,1
3.0,2.0,3.0,3.0,3.0,3.0,2.0,3.0,2.0,2,1,2,2,1,1,2,2,2,3,2,2
2.0,2.0,3.0,3.0,3.0,3.0,2.0,3.0,3.0,3,3,3,3,1,2,1,1,1,1,1,1
3.0,2.0,2.0,2.0,2.0,3.0,3.0,3.0,3.0,3,3,2,3,1,1,1,1,1,1,1,1
2.0,2.0,4.0,4.0,4.0,4.0,4.0,4.0,4.0,4,4,4,4,1,2,1,1,3,1,4,3
2.0,2.0,2.0,3.0,3.0,3.0,2.0,3.0,2.0,2,2,3,3,1,2,2,1,1,2,2,1
4.0,4.0,4.0,4.0,4.0,4.0,3.0,4.0,2.0,4,4,4,4,3,2,2,1,1,2,2,2
3.0,3.0,4.0,3.0,4.0,4.0,3.0,4.0,2.0,4,4,4,2,1,1,3,2,2,4,1,3
2.0,2.0,4.0,4.0,4.0,3.0,3.0,4.0,2.0,3,2,2,4,1,2,2,3,2,2,2,3
2.0,2.0,3.0,3.0,3.0,3.0,2.0,3.0,2.0,2,3,3,3,1,1,1,1,1,1,1,1
2.0,3.0,3.0,3.0,3.0,4.0,3.0,4.0,3.0,2,4,3,4,2,2,1,1,1,1,2,1
2.0,2.0,2.0,2.0,2.0,3.0,2.0,3.0,2.0,2,3,3,3,2,2,1,1,1,1,1,1
1.0,1.0,2.0,1.0,4.0,4.0,1.0,1.0,2.0,1,4,4,3,1,1,2,1,1,4,1,4
4.0,3.0,4.0,3.0,4.0,4.0,2.0,3.0,2.0,2,3,4,4,2,2,2,1,1,1,2,1
4.0,4.0,4.0,4.0,4.0,4.0,2.0,4.0,3.0,2,4,4,3,1,1,4,3,1,2,2,1
2.0,1.0,3.0,3.0,2.0,4.0,1.0,4.0,2.0,2,2,2,3,1,3,1,1,1,2,1,1
2.0,2.0,3.0,3.0,2.0,3.0,2.0,2.0,2.0,2,3,3,3,2,2,2,2,2,2,3,2
3.0,2.0,3.0,2.0,3.0,4.0,2.0,3.0,1.0,2,3,3,3,1,1,3,2,2,2,1,2
3.0,3.0,3.0,3.0,3.0,3.0,3.0,3.0,2.0,4,4,4,4,2,2,4,4,4,4,4,4
2.0,3.0,3.0,3.0,3.0,3.0,2.0,3.0,2.0,3,3,4,3,1,2,1,1,1,1,1,1
4.0,3.0,4.0,4.0,4.0,4.0,2.0,2.0,2.0,3,1,4,4,3,4,2,2,1,1,3,1
2.0,2.0,2.0,2.0,3.0,3.0,2.0,4.0,2.0,2,2,2,3,1,1,1,1,1,1,1,1
2.0,2.0,3.0,3.0,3.0,4.0,2.0,3.0,2.0,2,3,3,3,2,2,2,2,2,2,2,3
2.0,2.0,3.0,3.0,4.0,4.0,4.0,4.0,2.0,2,3,3,3,1,2,1,2,2,1,2,1
4.0,3.0,4.0,4.0,2.0,3.0,2.0,3.0,2.0,3,3,4,3,1,1,2,1,1,1,1,1
2.0,2.0,2.0,2.0,2.0,2.0,3.0,4.0,2.0,1,2,2,2,1,2,2,2,2,2,2,1
,,,,,,,,,3,2,3,3,2,2,2,2,2,2,3,1
2.0,2.0,3.0,2.0,2.0,4.0,3.0,3.0,2.0,2,2,2,2,2,2,2,2,2,2,3,1
2.0,2.0,2.0,2.0,2.0,3.0,2.0,3.0,2.0,2,2,3,2,1,2,1,1,1,1,1,1
2.0,2.0,2.0,2.0,3.0,3.0,3.0,3.0,1.0,2,3,2,3,1,2,1,1,1,1,1,1
2.0,2.0,3.0,2.0,4.0,4.0,3.0,4.0,2.0,2,4,4,3,1,2,1,1,1,1,2,2
2.0,2.0,3.0,3.0,2.0,3.0,2.0,2.0,1.0,2,3,3,2,1,2,2,1,2,2,1,2
3.0,2.0,2.0,4.0,3.0,3.0,2.0,3.0,2.0,2,2,2,3,2,4,1,1,1,1,3,1
2.0,2.0,3.0,3.0,4.0,3.0,3.0,3.0,2.0,3,3,3,2,2,1,2,1,2,1,1,2
3.0,3.0,4.0,4.0,4.0,4.0,3.0,4.0,2.0,3,3,3,3,3,2,1,1,1,2,3,2
3.0,2.0,2.0,3.0,4.0,4.0,2.0,4.0,2.0,2,1,2,3,1,1,2,1,3,3,2,1
2.0,2.0,3.0,3.0,3.0,4.0,3.0,4.0,3.0,2,3,2,2,2,4,1,1,2,1,1,1
2.0,2.0,3.0,3.0,4.0,4.0,2.0,4.0,2.0,2,2,3,2,2,2,1,1,2,1,2,1
2.0,2.0,2.0,2.0,2.0,4.0,3.0,3.0,2.0,2,2,3,2,2,2,3,3,2,2,3,2
3.0,2.0,3.0,3.0,4.0,4.0,2.0,3.0,2.0,2,3,3,3,1,2,1,1,1,1,1,1
2.0,2.0,2.0,2.0,4.0,3.0,3.0,3.0,3.0,2,2,3,2,1,1,2,2,2,2,2,1
3.0,2.0,4.0,4.0,4.0,3.0,2.0,4.0,2.0,2,3,2,4,1,1,1,1,1,3,4,1
3.0,3.0,4.0,4.0,3.0,3.0,2.0,4.0,2.0,2,3,3,3,1,1,1,1,1,1,1,1
2.0,2.0,2.0,3.0,4.0,4.0,2.0,4.0,3.0,3,2,2,3,1,1,1,1,1,1,1,1
2.0,2.0,3.0,3.0,3.0,4.0,2.0,3.0,2.0,3,3,3,3,1,1,1,1,3,1,1,1
3.0,1.0,3.0,3.0,4.0,4.0,3.0,4.0,2.0,2,4,3,4,1,1,1,1,1,1,1,1
2.0,2.0,2.0,3.0,3.0,3.0,2.0,4.0,2.0,1,1,2,1,1,1,2,1,1,1,2,1
2.0,2.0,4.0,4.0,3.0,4.0,2.0,4.0,2.0,3,4,3,3,1,1,1,1,1,4,2,1
2.0,3.0,4.0,3.0,3.0,4.0,2.0,2.0,2.0,3,3,3,3,2,2,1,1,1,1,1,1
2.0,2.0,3.0,3.0,3.0,3.0,2.0,3.0,2.0,1,1,4,2,3,2,3,4,4,3,1,2
2.0,3.0,4.0,4.0,3.0,4.0,2.0,2.0,2.0,2,3,3,3,1,2,1,1,1,1,2,1
2.0,2.0,2.0,2.0,2.0,2.0,2.0,2.0,2.0,1,3,3,2,1,1,1,1,1,1,1,1
2.0,2.0,2.0,2.0,3.0,4.0,2.0,4.0,2.0,3,3,2,2,1,1,1,1,1,1,1,1
4.0,4.0,4.0,4.0,4.0,4.0,3.0,3.0,2.0,3,4,4,4,2,2,2,1,4,4,1,1
4.0,4.0,4.0,4.0,4.0,4.0,4.0,4.0,4.0,4,4,4,4,3,3,4,1,2,1,1,1
2.0,3.0,3.0,3.0,2.0,2.0,2.0,3.0,2.0,2,2,2,3,1,2,2,1,1,4,2,1
,,,,,,,,,2,1,2,2,2,2,2,2,2,3,2,2
2.0,2.0,3.0,3.0,4.0,2.0,2.0,4.0,3.0,2,2,2,2,1,2,2,1,2,1,1,1
2.0,2.0,3.0,2.0,3.0,2.0,3.0,2.0,3.0,3,2,2,1,1,1,1,1,2,1,1,1
3.0,4.0,3.0,4.0,3.0,4.0,4.0,4.0,2.0,4,4,4,4,4,4,4,4,4,4,4,4
3.0,2.0,4.0,4.0,4.0,4.0,4.0,4.0,1.0,2,3,3,2,1,1,1,1,2,1,4,4
3.0,3.0,3.0,3.0,3.0,3.0,3.0,3.0,2.0,2,2,2,3,1,2,2,1,1,1,2,2
3.0,3.0,4.0,4.0,3.0,4.0,4.0,3.0,2.0,1,1,1,1,1,1,1,1,1,1,1,1
3.0,1.0,4.0,3.0,3.0,3.0,2.0,3.0,3.0,2,3,3,3,1,2,1,1,3,2,1,1
3.0,4.0,4.0,4.0,3.0,3.0,2.0,3.0,2.0,3,3,4,4,2,2,2,2,2,2,2,1
4.0,3.0,4.0,4.0,3.0,3.0,3.0,4.0,3.0,3,3,2,3,3,3,2,2,3,2,2,3
2.0,3.0,3.0,4.0,4.0,4.0,4.0,4.0,3.0,2,3,3,1,2,2,2,1,2,3,2,2
2.0,1.0,3.0,3.0,2.0,4.0,1.0,4.0,2.0,2,2,3,2,1,1,1,1,1,1,1,1
2.0,2.0,4.0,3.0,3.0,3.0,2.0,3.0,2.0,3,2,3,2,1,1,2,1,2,1,2,1
4.0,3.0,4.0,4.0,4.0,4.0,2.0,3.0,3.0,4,4,4,4,1,1,1,1,1,1,1,1
2.0,2.0,3.0,3.0,4.0,4.0,2.0,3.0,1.0,2,2,2,2,2,2,2,2,2,2,2,2
3.0,3.0,4.0,3.0,3.0,3.0,2.0,3.0,3.0,3,4,4,3,2,2,2,1,2,2,2,2
3.0,2.0,3.0,3.0,3.0,3.0,2.0,3.0,2.0,2,3,4,3,2,2,2,1,2,3,3,1
2.0,2.0,3.0,3.0,3.0,3.0,2.0,3.0,2.0,2,2,2,3,2,2,2,1,1,4,2,2
1.0,2.0,1.0,2.0,1.0,2.0,2.0,1.0,1.0,1,1,2,2,1,2,1,2,1,1,2,2
1.0,2.0,2.0,2.0,2.0,3.0,2.0,2.0,2.0,2,3,1,2,1,1,2,1,2,3,3,1
,,,,,,,,,2,3,3,3,2,3,2,2,2,3,3,3
3.0,3.0,4.0,2.0,4.0,4.0,4.0,3.0,2.0,3,4,4,2,1,1,2,1,3,1,3,1
1.0,2.0,4.0,4.0,3.0,3.0,2.0,4.0,3.0,2,3,2,2,2,1,1,1,1,1,1,1
2.0,2.0,2.0,2.0,3.0,3.0,3.0,4.0,2.0,3,3,2,1,2,3,1,1,2,2,3,1
3.0,3.0,3.0,3.0,3.0,3.0,3.0,3.0,3.0,3,3,3,3,2,2,3,2,2,2,3,2
,,,,,,,,,3,4,4,3,3,4,1,1,2,1,1,2
1.0,1.0,2.0,2.0,2.0,3.0,1.0,3.0,2.0,2,4,3,3,2,2,2,2,2,2,2,2
3.0,3.0,4.0,4.0,2.0,2.0,2.0,4.0,2.0,2,2,2,3,2,2,3,1,1,2,2,2
2.0,3.0,3.0,3.0,3.0,3.0,3.0,3.0,2.0,1,4,2,2,2,2,1,1,1,1,3,1
2.0,2.0,2.0,3.0,3.0,4.0,2.0,4.0,2.0,2,2,2,2,1,1,1,1,2,3,3,1
4.0,3.0,4.0,4.0,4.0,4.0,3.0,4.0,2.0,2,3,3,4,1,2,1,1,1,1,1,2
3.0,2.0,4.0,3.0,2.0,3.0,2.0,4.0,2.0,2,2,2,2,1,1,1,1,1,1,1,1
2.0,2.0,2.0,2.0,2.0,2.0,2.0,2.0,2.0,2,2,2,2,2,2,2,2,2,2,2,2
2.0,2.0,3.0,3.0,3.0,2.0,3.0,3.0,3.0,1,2,2,3,1,1,1,1,1,1,2,1
3.0,2.0,4.0,4.0,4.0,4.0,4.0,4.0,2.0,3,4,4,4,1,1,1,1,1,1,2,1
2.0,2.0,3.0,3.0,2.0,3.0,2.0,3.0,2.0,3,3,3,2,2,2,2,2,2,2,2,2
2.0,2.0,3.0,3.0,4.0,3.0,2.0,4.0,2.0,2,3,3,3,1,2,1,1,2,1,1,1
3.0,2.0,3.0,2.0,2.0,2.0,2.0,3.0,2.0,2,4,3,2,3,3,2,2,2,1,2,1
2.0,2.0,2.0,2.0,3.0,4.0,2.0,4.0,3.0,2,2,3,3,1,2,1,1,2,1,2,1
2.0,2.0,3.0,3.0,3.0,4.0,2.0,3.0,2.0,3,3,3,3,2,2,1,1,1,1,2,1
2.0,1.0,2.0,3.0,3.0,2.0,2.0,1.0,3.0,4,3,3,3,2,2,2,2,2,3,2,3
4.0,4.0,4.0,4.0,3.0,3.0,2.0,2.0,3.0,2,3,3,3,2,3,2,2,2,2,1,2
,,,,,,,,,2,4,4,3,3,1,1,1,2,1,2,3
2.0,2.0,3.0,3.0,3.0,2.0,2.0,3.0,2.0,2,3,3,2,1,1,1,1,1,2,1,2
2.0,2.0,3.0,3.0,3.0,4.0,4.0,4.0,2.0,2,2,3,2,1,1,1,2,2,1,2,1
1.0,1.0,2.0,2.0,3.0,3.0,1.0,3.0,1.0,4,3,3,2,1,1,2,2,2,2,1,1
2.0,2.0,2.0,2.0,4.0,4.0,2.0,3.0,3.0,2,2,2,3,1,2,3,1,2,2,1,4
2.0,3.0,3.0,3.0,4.0,3.0,3.0,3.0,2.0,3,3,3,2,1,2,1,1,1,1,1,1
3.0,2.0,2.0,4.0,3.0,4.0,3.0,4.0,3.0,2,2,2,2,1,2,1,1,1,3,2,1
2.0,2.0,2.0,2.0,2.0,2.0,2.0,2.0,2.0,2,3,3,3,1,1,2,2,2,2,2,2
,,,,,,,,,1,1,1,1,1,1,1,1,1,1,1,1
2.0,2.0,2.0,4.0,4.0,4.0,3.0,4.0,3.0,2,4,2,4,2,2,2,4,3,1,4,2
2.0,2.0,3.0,3.0,3.0,2.0,3.0,3.0,2.0,3,3,4,2,1,1,1,1,1,1,2,1
2.0,2.0,2.0,2.0,3.0,4.0,3.0,4.0,2.0,2,3,3,2,2,2,1,1,1,1,2,1
2.0,2.0,2.0,2.0,2.0,2.0,2.0,2.0,2.0,2,2,2,2,2,2,2,2,2,2,2,2
2.0,2.0,4.0,4.0,3.0,3.0,2.0,3.0,3.0,1,3,2,3,1,1,1,1,1,1,1,1
3.0,2.0,4.0,2.0,3.0,2.0,1.0,4.0,3.0,2,2,2,2,2,2,2,1,1,1,2,2
1.0,2.0,4.0,3.0,4.0,4.0,3.0,4.0,3.0,3,3,4,3,1,1,3,1,1,1,1,1
2.0,2.0,3.0,3.0,3.0,4.0,2.0,4.0,2.0,3,3,3,3,1,2,1,2,1,1,2,1
2.0,2.0,3.0,3.0,2.0,3.0,2.0,2.0,2.0,3,2,2,3,1,2,1,1,1,1,1,1
1.0,1.0,2.0,3.0,3.0,4.0,2.0,4.0,2.0,2,3,3,4,1,1,1,2,2,1,2,1
2.0,1.0,2.0,3.0,2.0,4.0,2.0,4.0,2.0,3,3,3,3,1,1,1,1,2,2,3,1
,,,,,,,,,2,4,3,2,2,3,1,1,2,2,2,1
2.0,2.0,1.0,2.0,4.0,4.0,3.0,4.0,3.0,2,3,3,2,2,2,1,1,1,1,2,1
2.0,2.0,4.0,3.0,3.0,4.0,2.0,3.0,2.0,1,3,2,2,2,3,1,1,1,1,1,2
2.0,4.0,4.0,4.0,3.0,3.0,2.0,3.0,2.0,2,3,3,3,2,2,2,2,2,2,2,2
3.0,4.0,4.0,3.0,4.0,4.0,4.0,2.0,2.0,1,4,3,4,3,1,1,1,1,1,1,1
3.0,2.0,4.0,4.0,2.0,2.0,2.0,2.0,1.0,4,4,4,2,3,2,1,1,1,1,1,3
1.0,1.0,1.0,1.0,1.0,1.0,1.0,1.0,1.0,2,1,2,2,1,1,1,1,1,1,1,1
,,,,,,,,,4,4,3,3,1,3,3,1,1,3,1,3
2.0,2.0,3.0,3.0,2.0,3.0,2.0,4.0,2.0,3,3,3,3,3,3,3,3,3,3,3,3
3.0,2.0,4.0,4.0,4.0,4.0,2.0,4.0,1.0,4,4,4,4,1,1,1,1,1,1,1,1
3.0,2.0,4.0,3.0,2.0,2.0,3.0,3.0,2.0,2,2,3,2,2,1,1,1,2,2,2,2
2.0,2.0,2.0,2.0,2.0,3.0,2.0,3.0,2.0,3,4,4,2,2,1,2,1,2,2,1,1
3.0,3.0,4.0,3.0,3.0,3.0,2.0,4.0,2.0,2,3,3,2,2,2,1,1,2,2,1,1
1.0,1.0,2.0,2.0,2.0,2.0,2.0,3.0,2.0,4,3,2,2,4,2,1,1,1,2,1,2
2.0,1.0,4.0,3.0,4.0,2.0,2.0,4.0,3.0,3,3,2,4,1,2,1,1,1,1,1,1
2.0,2.0,3.0,2.0,2.0,4.0,2.0,2.0,2.0,3,3,3,2,3,1,2,1,1,1,2,1
2.0,4.0,1.0,1.0,4.0,2.0,3.0,2.0,4.0,3,4,4,3,4,4,3,1,1,4,1,4
2.0,2.0,2.0,3.0,4.0,4.0,3.0,3.0,2.0,2,2,2,3,1,1,1,1,2,1,2,1
2.0,2.0,4.0,4.0,2.0,3.0,1.0,3.0,2.0,2,3,2,3,2,2,1,1,1,2,1,1
3.0,3.0,3.0,4.0,3.0,4.0,2.0,4.0,2.0,2,3,3,3,3,3,1,1,1,1,1,1
2.0,3.0,3.0,3.0,2.0,3.0,2.0,3.0,2.0,3,2,3,2,1,1,1,1,1,1,1,2
4.0,3.0,4.0,3.0,3.0,4.0,3.0,2.0,3.0,3,3,4,4,1,1,1,1,3,3,1,1
4.0,4.0,4.0,3.0,4.0,4.0,4.0,3.0,2.0,3,3,3,3,1,1,1,1,1,1,1,1
3.0,4.0,3.0,3.0,3.0,3.0,2.0,3.0,2.0,4,4,3,2,2,3,2,1,1,2,3,4
3.0,4.0,4.0,2.0,3.0,3.0,3.0,3.0,3.0,2,2,2,2,2,2,2,1,1,2,2,1
2.0,1.0,3.0,3.0,3.0,4.0,2.0,4.0,2.0,2,2,2,2,1,1,1,1,1,1,1,1
2.0,2.0,3.0,3.0,4.0,4.0,2.0,3.0,2.0,2,3,2,3,2,3,2,1,2,2,2,1
3.0,3.0,4.0,4.0,2.0,3.0,4.0,4.0,1.0,1,3,4,3,2,3,2,1,2,1,2,1
2.0,2.0,2.0,2.0,3.0,2.0,2.0,2.0,2.0,1,2,1,2,1,2,2,1,2,2,2,2
2.0,2.0,3.0,3.0,2.0,2.0,2.0,4.0,2.0,1,2,2,2,2,2,1,1,2,1,1,1
2.0,3.0,4.0,3.0,2.0,4.0,2.0,4.0,2.0,2,2,3,3,2,3,2,1,1,1,1,1
2.0,2.0,2.0,2.0,2.0,3.0,2.0,2.0,3.0,1,2,2,3,2,2,2,2,2,2,3,3
2.0,1.0,3.0,2.0,3.0,2.0,1.0,3.0,2.0,2,2,2,3,2,2,1,1,1,1,2,2
,,,,,,,,,2,4,4,4,1,3,1,1,1,1,1,4
2.0,2.0,4.0,3.0,3.0,2.0,2.0,3.0,2.0,4,3,3,3,3,3,1,1,1,1,1,1
,,,,,,,,,3,3,3,3,1,1,1,1,1,1,1,1
3.0,2.0,3.0,3.0,4.0,3.0,3.0,4.0,2.0,3,4,4,3,2,1,2,1,1,1,2,2
3.0,2.0,3.0,3.0,3.0,4.0,3.0,4.0,2.0,2,2,2,3,1,2,1,1,2,1,2,2
2.0,2.0,2.0,2.0,3.0,4.0,2.0,4.0,2.0,2,2,2,3,1,2,1,1,1,1,1,1
1.0,2.0,2.0,2.0,2.0,2.0,2.0,3.0,2.0,2,2,2,2,2,2,2,2,2,2,2,2
,,,,,,,,,3,3,3,3,2,2,2,2,2,2,2,3
2.0,3.0,3.0,1.0,3.0,2.0,2.0,2.0,2.0,3,2,3,3,3,3,3,3,2,3,2,3
2.0,4.0,4.0,4.0,4.0,4.0,2.0,4.0,2.0,1,4,3,3,3,1,1,1,1,2,1,1
3.0,4.0,4.0,4.0,4.0,4.0,3.0,4.0,3.0,2,2,2,2,1,1,1,1,2,1,3,1
2.0,2.0,3.0,3.0,2.0,3.0,2.0,3.0,3.0,2,3,3,2,2,4,1,1,1,1,1,1
2.0,2.0,2.0,2.0,3.0,4.0,2.0,4.0,2.0,3,3,3,1,1,1,1,1,1,1,1,1
3.0,2.0,4.0,4.0,3.0,4.0,1.0,3.0,2.0,3,4,4,3,1,1,1,1,1,1,1,1
3.0,3.0,3.0,3.0,3.0,2.0,3.0,3.0,2.0,2,2,2,2,2,2,2,2,2,2,2,1
2.0,2.0,3.0,3.0,4.0,4.0,2.0,3.0,3.0,4,3,2,2,2,3,2,2,2,1,2,3
2.0,2.0,4.0,4.0,4.0,4.0,4.0,3.0,2.0,2,3,4,3,3,2,2,2,2,4,3,2
4.0,4.0,4.0,4.0,4.0,4.0,4.0,4.0,4.0,4,4,4,4,2,1,1,2,1,1,1,1
2.0,2.0,2.0,3.0,3.0,3.0,2.0,3.0,2.0,1,3,3,2,3,3,1,1,1,1,3,1
2.0,2.0,3.0,3.0,3.0,4.0,3.0,3.0,2.0,2,3,3,3,1,2,1,1,1,2,2,1
3.0,2.0,4.0,3.0,2.0,2.0,3.0,3.0,2.0,4,4,3,2,1,1,1,2,3,2,2,1
3.0,2.0,3.0,4.0,2.0,3.0,2.0,3.0,1.0,1,2,1,1,1,1,1,1,1,1,1,1
2.0,2.0,2.0,2.0,3.0,3.0,2.0,4.0,2.0,2,2,2,2,2,3,2,2,2,2,3,2
2.0,2.0,4.0,4.0,3.0,4.0,2.0,3.0,2.0,4,4,4,4,1,2,2,1,2,2,2,1
3.0,3.0,3.0,3.0,3.0,2.0,3.0,4.0,3.0,1,2,2,1,2,1,1,3,2,2,1,1
2.0,2.0,4.0,3.0,2.0,2.0,1.0,4.0,1.0,3,4,3,3,3,3,2,2,2,1,3,4
3.0,3.0,3.0,2.0,3.0,3.0,2.0,3.0,2.0,2,2,2,2,2,2,2,1,1,1,1,1
2.0,2.0,3.0,3.0,4.0,4.0,3.0,4.0,2.0,2,4,3,4,2,2,3,3,2,3,3,3
2.0,3.0,3.0,3.0,3.0,4.0,3.0,2.0,3.0,3,3,3,2,1,2,2,1,1,3,2,2
2.0,2.0,2.0,3.0,3.0,3.0,3.0,4.0,2.0,2,2,2,2,2,2,2,2,2,2,2,1
2.0,2.0,4.0,4.0,4.0,3.0,4.0,2.0,2.0,3,3,3,3,1,2,1,1,1,3,2,1
2.0,2.0,3.0,3.0,3.0,4.0,2.0,4.0,2.0,3,2,2,2,1,2,2,1,1,1,3,2
,,,,,,,,,3,3,3,3,2,2,2,2,2,3,2,2
3.0,3.0,3.0,3.0,3.0,3.0,3.0,3.0,3.0,2,3,2,2,2,1,1,1,1,2,1,1
2.0,2.0,3.0,3.0,4.0,4.0,3.0,3.0,3.0,2,3,2,3,2,2,1,2,2,4,3,1
2.0,2.0,3.0,2.0,2.0,2.0,2.0,3.0,2.0,1,2,2,3,2,1,1,1,2,1,3,2
2.0,2.0,3.0,2.0,3.0,3.0,3.0,3.0,2.0,2,3,2,3,1,2,2,2,3,4,2,1
2.0,2.0,4.0,4.0,2.0,4.0,1.0,3.0,2.0,3,3,3,2,1,1,1,1,1,1,1,1
2.0,1.0,4.0,4.0,4.0,4.0,4.0,4.0,2.0,3,3,1,3,2,4,1,1,2,4,4,1
3.0,2.0,3.0,3.0,3.0,2.0,2.0,3.0,2.0,2,4,4,4,1,1,1,1,1,1,1,1
2.0,2.0,4.0,4.0,2.0,2.0,3.0,3.0,1.0,2,3,3,3,1,2,1,2,2,2,2,1
2.0,2.0,2.0,2.0,2.0,2.0,2.0,2.0,1.0,3,3,2,2,2,2,2,2,2,2,2,2
2.0,1.0,2.0,2.0,2.0,3.0,2.0,4.0,1.0,2,2,2,2,1,1,1,1,1,1,1,1
2.0,1.0,3.0,2.0,3.0,3.0,1.0,4.0,2.0,2,2,2,3,1,1,1,1,1,1,1,1
1.0,2.0,2.0,4.0,4.0,4.0,2.0,4.0,3.0,3,2,3,3,1,2,1,1,1,1,1,1
,,,,,,,,,2,4,4,2,1,1,1,1,1,1,1,4
2.0,3.0,4.0,4.0,3.0,4.0,2.0,4.0,3.0,3,4,4,3,1,1,1,1,1,1,1,1
2.0,2.0,2.0,2.0,2.0,2.0,2.0,2.0,2.0,1,1,1,1,1,1,1,1,1,1,1,1
2.0,2.0,2.0,2.0,2.0,2.0,2.0,2.0,2.0,2,2,2,2,2,1,1,1,1,1,2,1
,,,,,,,,,2,2,2,2,1,2,2,2,2,2,2,3
2.0,3.0,4.0,3.0,4.0,4.0,2.0,2.0,4.0,3,1,1,1,1,1,2,2,2,1,2,1
2.0,4.0,3.0,3.0,4.0,3.0,3.0,4.0,3.0,2,3,3,3,3,2,3,2,2,3,3,4
3.0,2.0,4.0,3.0,3.0,3.0,2.0,4.0,2.0,2,3,3,3,1,1,1,1,1,1,1,1
2.0,2.0,2.0,2.0,2.0,2.0,2.0,2.0,2.0,2,2,2,2,2,2,2,2,2,2,2,2
2.0,2.0,3.0,3.0,2.0,3.0,2.0,3.0,2.0,2,3,3,3,2,3,2,2,2,3,2,3
1.0,1.0,1.0,1.0,1.0,1.0,1.0,1.0,1.0,1,1,1,1,1,1,1,1,1,1,1,1
2.0,2.0,3.0,4.0,4.0,4.0,4.0,4.0,2.0,3,3,3,4,1,1,1,1,3,1,4,2
3.0,2.0,3.0,2.0,3.0,4.0,1.0,2.0,2.0,1,2,3,3,1,1,1,1,1,3,1,1
2.0,2.0,3.0,3.0,3.0,4.0,2.0,4.0,2.0,3,2,3,3,2,3,1,1,2,1,1,2
2.0,3.0,3.0,3.0,3.0,3.0,2.0,4.0,2.0,3,4,4,3,3,2,1,2,2,1,2,1
3.0,2.0,3.0,3.0,3.0,3.0,2.0,3.0,2.0,3,3,3,3,1,1,1,1,1,1,2,1
3.0,3.0,4.0,3.0,4.0,3.0,2.0,3.0,2.0,3,3,4,4,4,3,2,1,2,1,1,4
2.0,2.0,2.0,3.0,3.0,4.0,2.0,4.0,1.0,2,2,2,3,1,2,1,1,1,1,3,1
3.0,3.0,4.0,4.0,3.0,3.0,3.0,3.0,2.0,2,4,4,4,2,2,1,1,2,2,3,2
2.0,1.0,2.0,2.0,3.0,3.0,2.0,3.0,2.0,2,3,3,3,1,1,1,2,2,2,1,1
2.0,2.0,2.0,2.0,2.0,2.0,2.0,3.0,2.0,2,2,2,2,2,2,2,2,2,2,2,2
,,,,,,,,,3,2,3,3,3,2,2,3,2,3,3,2
4.0,4.0,4.0,4.0,1.0,4.0,4.0,4.0,4.0,1,1,1,1,3,1,1,1,1,4,4,3
,,,,,,,,,2,2,2,2,2,2,2,2,2,1,3,3
2.0,2.0,3.0,3.0,2.0,3.0,1.0,3.0,2.0,3,3,3,2,1,3,1,1,1,1,1,1
3.0,2.0,4.0,3.0,4.0,3.0,2.0,2.0,1.0,4,4,3,2,3,2,2,1,3,2,2,2
3.0,4.0,4.0,4.0,4.0,4.0,4.0,4.0,2.0,4,1,1,1,1,1,1,1,1,1,1,1
2.0,1.0,4.0,2.0,2.0,3.0,1.0,3.0,1.0,2,4,2,1,1,1,1,1,1,1,1,1
2.0,3.0,3.0,3.0,2.0,4.0,2.0,3.0,2.0,3,3,3,3,3,2,2,2,2,2,2,2
1.0,2.0,2.0,2.0,2.0,2.0,2.0,3.0,2.0,2,2,2,2,1,1,1,1,1,1,2,1
2.0,2.0,3.0,3.0,3.0,3.0,2.0,3.0,2.0,4,4,4,4,1,1,1,1,1,1,1,1
2.0,2.0,3.0,2.0,3.0,4.0,2.0,4.0,2.0,1,3,2,3,1,1,1,1,1,1,1,1
2.0,2.0,3.0,3.0,2.0,4.0,1.0,4.0,1.0,1,2,3,3,1,1,1,1,1,1,1,1
1.0,1.0,2.0,1.0,2.0,1.0,1.0,2.0,1.0,2,1,2,2,1,1,1,1,2,1,2,1
1.0,3.0,2.0,1.0,3.0,1.0,1.0,2.0,2.0,4,2,3,3,1,1,1,1,2,2,1,1
1.0,1.0,1.0,2.0,1.0,2.0,2.0,1.0,2.0,1,1,2,1,1,1,2,1,2,1,1,2
2.0,2.0,3.0,3.0,3.0,3.0,2.0,3.0,3.0,1,2,2,2,2,3,1,1,1,1,1,1
2.0,2.0,3.0,3.0,2.0,4.0,2.0,3.0,2.0,4,4,4,2,1,2,1,1,1,1,1,1
4.0,2.0,4.0,3.0,3.0,3.0,1.0,3.0,2.0,3,3,2,3,1,2,1,1,1,3,1,1
3.0,1.0,4.0,4.0,4.0,4.0,2.0,4.0,1.0,1,3,2,2,1,1,1,1,1,1,1,1
,,,,,,,,,3,4,3,3,3,2,3,3,3,3,3,3
2.0,2.0,2.0,2.0,2.0,2.0,2.0,3.0,2.0,1,1,3,2,1,2,3,2,4,3,3,2
3.0,2.0,3.0,3.0,2.0,3.0,2.0,3.0,1.0,3,3,3,3,1,2,1,1,2,1,2,1
2.0,2.0,2.0,2.0,2.0,2.0,2.0,2.0,2.0,2,2,2,2,1,2,1,1,1,2,1,2
1.0,1.0,2.0,2.0,3.0,4.0,2.0,3.0,1.0,2,2,2,3,1,3,1,2,2,1,2,1
,,,,,,,,,2,2,2,2,1,1,1,1,1,1,1,1
2.0,1.0,2.0,2.0,2.0,2.0,1.0,4.0,3.0,2,2,2,2,1,2,1,1,1,1,1,1
2.0,1.0,2.0,2.0,3.0,3.0,2.0,4.0,3.0,1,3,2,2,1,2,1,2,1,2,2,1
2.0,2.0,2.0,2.0,3.0,2.0,1.0,3.0,2.0,3,3,3,3,1,2,2,1,2,1,2,1
2.0,3.0,4.0,4.0,4.0,4.0,3.0,4.0,4.0,3,4,2,2,2,3,1,1,2,1,3,1
2.0,2.0,2.0,3.0,2.0,3.0,2.0,3.0,2.0,3,3,3,3,2,2,2,1,1,2,2,1
,,,,,,,,,3,4,4,4,3,1,1,1,1,1,1,1
3.0,2.0,2.0,2.0,3.0,2.0,2.0,2.0,2.0,2,3,3,2,2,2,2,3,2,2,2,2
2.0,1.0,3.0,2.0,2.0,4.0,2.0,3.0,2.0,3,3,3,3,1,1,1,1,2,1,1,1
2.0,1.0,3.0,4.0,3.0,3.0,2.0,3.0,1.0,2,4,3,2,1,3,2,2,2,3,2,1
2.0,1.0,4.0,4.0,2.0,3.0,2.0,3.0,1.0,2,2,2,2,1,1,1,1,1,1,1,1
2.0,2.0,2.0,2.0,3.0,3.0,2.0,3.0,2.0,2,3,3,2,2,2,2,2,2,1,2,1
3.0,3.0,3.0,3.0,3.0,3.0,3.0,3.0,3.0,2,3,3,3,2,1,1,1,1,1,1,1
1.0,1.0,4.0,1.0,4.0,4.0,1.0,4.0,1.0,2,1,2,4,1,4,1,1,1,1,1,1
3.0,2.0,3.0,3.0,3.0,4.0,2.0,3.0,2.0,3,3,3,3,2,2,2,2,3,2,3,2
3.0,2.0,4.0,3.0,3.0,3.0,3.0,3.0,3.0,2,3,3,3,1,2,1,1,1,1,1,1
3.0,2.0,3.0,3.0,3.0,4.0,2.0,4.0,2.0,3,3,3,3,1,1,2,2,1,2,2,1
2.0,2.0,3.0,3.0,3.0,3.0,2.0,3.0,2.0,2,3,3,3,2,2,2,2,2,2,2,2
4.0,2.0,4.0,4.0,4.0,3.0,2.0,3.0,2.0,3,4,4,3,3,2,2,1,2,1,1,1
3.0,1.0,3.0,4.0,4.0,4.0,3.0,3.0,3.0,1,3,4,4,1,1,2,1,1,1,1,1
2.0,3.0,3.0,4.0,3.0,3.0,3.0,4.0,2.0,2,2,3,3,3,2,2,2,3,4,3,3
2.0,4.0,3.0,2.0,4.0,4.0,2.0,4.0,2.0,2,2,2,2,1,2,2,1,1,1,2,1
2.0,2.0,3.0,3.0,3.0,3.0,3.0,2.0,2.0,3,2,2,3,2,2,2,2,2,2,2,2
2.0,1.0,2.0,2.0,1.0,2.0,1.0,2.0,2.0,2,2,1,1,2,1,2,2,2,1,1,1
2.0,3.0,3.0,3.0,3.0,3.0,3.0,3.0,2.0,2,2,3,2,2,3,2,2,2,2,3,2
,,,,,,,,,2,2,2,2,2,2,2,2,2,1,2,2
2.0,2.0,2.0,2.0,2.0,2.0,2.0,2.0,2.0,3,3,3,3,3,3,3,3,3,3,3,3
2.0,3.0,2.0,3.0,3.0,4.0,3.0,4.0,3.0,2,2,2,3,1,2,1,1,2,2,2,1
2.0,1.0,4.0,3.0,2.0,1.0,3.0,2.0,2.0,1,1,2,1,1,1,2,1,3,3,2,1
2.0,2.0,3.0,3.0,3.0,3.0,2.0,3.0,2.0,4,4,4,3,1,2,4,1,2,4,1,1
2.0,2.0,2.0,2.0,3.0,4.0,2.0,4.0,2.0,2,2,2,2,1,3,1,1,1,1,1,1
3.0,3.0,4.0,4.0,4.0,4.0,3.0,4.0,2.0,3,3,4,4,2,1,1,1,2,2,2,1
,,,,,,,,,2,2,2,2,2,2,4,4,2,2,2,4
3.0,3.0,2.0,3.0,2.0,3.0,3.0,3.0,2.0,3,4,4,4,2,1,2,1,2,1,1,2
3.0,2.0,3.0,3.0,4.0,4.0,2.0,3.0,3.0,2,3,2,2,2,2,2,2,2,2,2,2
2.0,2.0,3.0,2.0,3.0,3.0,2.0,3.0,2.0,2,2,2,3,1,1,1,1,1,1,1,1
2.0,2.0,4.0,2.0,3.0,2.0,3.0,2.0,2.0,2,3,3,3,1,1,3,2,2,2,2,3
2.0,2.0,3.0,3.0,2.0,3.0,2.0,2.0,2.0,2,4,3,2,1,1,1,1,1,1,1,1
,,,,,,,,,3,3,3,2,1,3,2,3,4,1,2,1
1.0,1.0,1.0,1.0,1.0,1.0,1.0,1.0,1.0,3,4,3,3,1,2,2,2,2,3,2,2
2.0,4.0,3.0,3.0,3.0,3.0,3.0,4.0,1.0,3,2,3,3,1,1,2,1,1,2,1,1
2.0,3.0,4.0,4.0,3.0,4.0,4.0,4.0,2.0,4,4,4,3,2,3,2,1,2,4,2,1
3.0,3.0,4.0,4.0,3.0,4.0,3.0,4.0,3.0,2,3,3,2,1,2,1,1,2,1,1,1
3.0,2.0,4.0,4.0,3.0,3.0,3.0,3.0,2.0,2,2,2,2,1,2,1,2,1,1,1,1
2.0,2.0,3.0,2.0,3.0,2.0,2.0,2.0,1.0,3,4,3,4,2,2,1,2,2,1,3,1
2.0,3.0,3.0,3.0,3.0,4.0,3.0,4.0,3.0,3,4,4,4,1,2,2,2,2,3,2,2
,,,,,,,,,2,3,4,3,3,2,2,2,2,1,2,2
1.0,1.0,1.0,1.0,1.0,1.0,1.0,1.0,1.0,1,1,1,1,1,1,1,1,1,1,1,1
2.0,2.0,3.0,3.0,3.0,3.0,3.0,3.0,2.0,3,3,3,3,1,1,2,1,1,2,3,1
3.0,3.0,3.0,3.0,2.0,3.0,1.0,2.0,2.0,1,4,3,2,1,2,1,4,3,3,4,2
2.0,2.0,3.0,3.0,3.0,4.0,3.0,4.0,1.0,3,4,4,4,2,3,1,1,2,1,2,1
3.0,1.0,3.0,3.0,3.0,3.0,1.0,4.0,2.0,2,2,3,4,1,2,2,2,1,2,1,2
1.0,2.0,2.0,4.0,4.0,4.0,3.0,4.0,2.0,2,2,2,2,1,1,1,1,1,1,1,1
,,,,,,,,,4,3,4,2,2,3,1,1,3,1,2,1
2.0,3.0,2.0,2.0,2.0,2.0,2.0,3.0,1.0,2,1,1,2,1,2,2,1,2,2,1,2
2.0,2.0,3.0,3.0,3.0,3.0,2.0,3.0,2.0,2,3,2,3,2,3,1,1,1,1,2,1
2.0,2.0,4.0,4.0,3.0,4.0,2.0,4.0,2.0,2,3,3,3,1,1,1,1,1,1,1,1
1.0,1.0,1.0,1.0,1.0,1.0,1.0,1.0,1.0,1,1,1,1,1,1,1,1,1,1,2,1
2.0,4.0,3.0,3.0,3.0,3.0,2.0,4.0,3.0,2,2,2,3,1,2,1,1,1,1,1,1
2.0,2.0,3.0,3.0,4.0,4.0,2.0,3.0,2.0,2,4,4,2,2,2,3,1,1,1,2,1
2.0,1.0,2.0,1.0,1.0,1.0,2.0,1.0,1.0,1,1,2,2,2,1,2,2,1,2,1,1
2.0,1.0,2.0,2.0,1.0,2.0,2.0,3.0,1.0,2,1,2,1,3,1,2,2,1,3,4,2
2.0,2.0,2.0,2.0,2.0,4.0,2.0,3.0,2.0,2,3,3,2,2,2,2,2,2,2,2,2
2.0,2.0,3.0,3.0,4.0,4.0,2.0,4.0,1.0,4,3,2,4,1,1,1,1,1,1,1,1
,,,,,,,,,4,4,4,4,1,4,4,1,4,4,4,1
1.0,1.0,1.0,3.0,1.0,4.0,3.0,2.0,2.0,1,2,1,2,1,1,2,1,1,4,4,1
1.0,2.0,2.0,2.0,2.0,1.0,2.0,2.0,2.0,2,1,1,2,1,1,2,1,2,2,1,2
2.0,2.0,1.0,2.0,2.0,2.0,1.0,2.0,2.0,1,2,1,1,1,2,2,1,2,2,1,1
2.0,2.0,1.0,2.0,2.0,2.0,2.0,1.0,2.0,1,2,1,1,2,2,1,2,1,2,1,1
2.0,2.0,2.0,2.0,1.0,2.0,2.0,2.0,1.0,1,2,2,2,1,2,1,1,2,2,1,2
2.0,2.0,2.0,2.0,3.0,4.0,3.0,3.0,3.0,2,3,2,3,2,3,1,3,3,1,2,2
2.0,2.0,3.0,4.0,4.0,4.0,2.0,4.0,2.0,2,3,4,4,2,2,2,1,2,2,2,2
,,,,,,,,,1,2,4,4,2,2,2,2,4,4,4,3
3.0,3.0,3.0,3.0,3.0,3.0,3.0,3.0,3.0,3,3,3,3,1,2,4,2,2,2,2,2
3.0,2.0,3.0,3.0,4.0,4.0,3.0,4.0,2.0,2,2,2,2,1,1,1,1,1,1,1,1
2.0,2.0,2.0,2.0,3.0,3.0,1.0,3.0,2.0,3,3,3,4,2,3,1,2,1,1,1,1
2.0,2.0,2.0,2.0,3.0,3.0,2.0,4.0,3.0,2,2,2,1,3,1,3,1,1,1,1,2
2.0,2.0,2.0,3.0,3.0,4.0,3.0,4.0,2.0,2,3,3,4,2,3,2,1,2,2,3,4
2.0,2.0,3.0,3.0,3.0,3.0,2.0,3.0,2.0,2,3,3,3,2,3,2,2,2,2,2,3
2.0,2.0,3.0,3.0,3.0,3.0,2.0,3.0,2.0,2,3,3,3,2,3,3,2,3,3,3,3
1.0,1.0,2.0,3.0,3.0,2.0,2.0,3.0,3.0,2,3,3,4,1,2,1,1,4,1,1,1
2.0,2.0,4.0,3.0,4.0,3.0,4.0,3.0,2.0,2,4,4,3,1,2,1,1,2,1,1,1
,,,,,,,,,3,3,2,4,3,1,1,1,1,1,3,2
2.0,1.0,2.0,2.0,1.0,2.0,1.0,3.0,1.0,1,2,2,1,1,1,1,1,1,3,1,1
3.0,3.0,3.0,3.0,3.0,3.0,3.0,3.0,2.0,2,3,3,3,2,2,2,2,2,2,2,1
3.0,3.0,3.0,3.0,3.0,3.0,3.0,3.0,3.0,2,2,2,2,2,2,2,2,2,2,2,2
4.0,2.0,4.0,4.0,4.0,4.0,3.0,4.0,2.0,3,4,4,3,3,3,1,1,2,1,2,1
4.0,4.0,4.0,2.0,4.0,2.0,1.0,2.0,2.0,2,4,3,3,3,3,2,1,1,1,1,2
2.0,2.0,2.0,2.0,2.0,2.0,2.0,2.0,2.0,3,3,4,3,3,3,1,1,1,1,1,1
3.0,2.0,4.0,4.0,4.0,4.0,3.0,3.0,3.0,2,1,1,1,4,4,4,3,4,4,4,4
1.0,2.0,3.0,1.0,3.0,2.0,1.0,4.0,2.0,3,2,2,3,1,3,1,1,2,1,1,1
1.0,3.0,3.0,1.0,2.0,2.0,1.0,1.0,1.0,1,1,1,1,2,3,3,3,1,2,1,1
4.0,4.0,4.0,4.0,4.0,4.0,4.0,4.0,4.0,4,4,4,4,4,4,4,4,4,4,4,4
3.0,2.0,3.0,3.0,3.0,3.0,2.0,3.0,3.0,3,3,3,3,3,3,1,1,1,2,1,2
4.0,4.0,4.0,4.0,4.0,2.0,4.0,3.0,4.0,4,4,4,4,1,1,4,1,1,4,1,4
2.0,2.0,3.0,3.0,3.0,3.0,2.0,4.0,2.0,3,3,3,3,1,3,1,1,1,1,1,1
3.0,4.0,4.0,3.0,3.0,3.0,3.0,2.0,2.0,2,3,2,2,3,2,2,3,2,3,3,3
2.0,3.0,3.0,2.0,3.0,3.0,3.0,3.0,3.0,3,3,3,2,3,3,3,1,2,1,1,1
2.0,2.0,3.0,2.0,3.0,2.0,2.0,2.0,2.0,1,1,2,2,1,1,2,2,2,3,2,2
2.0,2.0,2.0,2.0,2.0,2.0,2.0,2.0,2.0,1,2,1,1,1,1,2,1,1,3,1,1
2.0,2.0,3.0,3.0,2.0,3.0,2.0,3.0,3.0,3,3,3,3,1,1,1,1,1,1,2,2
4.0,4.0,4.0,4.0,4.0,4.0,4.0,4.0,3.0,2,4,2,2,1,1,1,2,2,1,2,1
2.0,1.0,4.0,3.0,4.0,4.0,2.0,4.0,2.0,3,3,2,4,2,1,1,1,1,1,1,1
3.0,4.0,4.0,4.0,4.0,4.0,2.0,2.0,2.0,3,4,2,3,1,1,1,1,1,3,1,4
2.0,1.0,2.0,3.0,3.0,2.0,2.0,3.0,2.0,2,3,2,2,2,3,2,1,1,1,1,1
2.0,2.0,3.0,3.0,2.0,2.0,2.0,2.0,1.0,2,3,3,2,2,3,2,2,2,2,3,2
3.0,3.0,3.0,3.0,3.0,4.0,2.0,4.0,3.0,3,3,3,3,2,2,1,2,2,1,2,1
2.0,3.0,4.0,3.0,3.0,3.0,2.0,3.0,2.0,2,4,1,4,4,3,4,1,2,2,4,2
2.0,1.0,1.0,2.0,1.0,1.0,1.0,2.0,2.0,1,2,1,2,2,1,1,2,1,1,1,2
1.0,2.0,3.0,3.0,2.0,4.0,2.0,3.0,1.0,3,3,3,3,1,1,1,1,1,1,1,1
,,,,,,,,,2,3,2,1,1,1,1,1,1,1,1,1
2.0,2.0,3.0,3.0,3.0,3.0,3.0,3.0,2.0,3,3,3,3,1,3,2,1,2,1,2,2
3.0,2.0,3.0,3.0,3.0,3.0,2.0,3.0,2.0,3,3,3,3,1,2,1,1,1,2,2,1
2.0,2.0,3.0,3.0,3.0,3.0,2.0,4.0,2.0,3,3,3,3,1,1,1,1,1,1,1,1
3.0,3.0,4.0,4.0,3.0,3.0,3.0,3.0,2.0,3,3,3,3,1,2,1,1,2,1,2,1
2.0,2.0,2.0,3.0,3.0,4.0,2.0,4.0,3.0,2,2,2,4,2,3,1,2,2,2,3,1
2.0,1.0,3.0,3.0,3.0,4.0,1.0,4.0,2.0,2,2,2,3,2,2,1,1,2,1,2,1
3.0,2.0,3.0,3.0,3.0,2.0,2.0,2.0,2.0,3,4,3,4,1,2,3,4,2,3,3,3
2.0,2.0,3.0,3.0,3.0,3.0,3.0,3.0,3.0,2,4,3,2,3,3,2,2,2,3,3,3
2.0,1.0,1.0,3.0,3.0,3.0,2.0,3.0,3.0,2,2,2,3,1,2,1,1,2,1,3,1
3.0,3.0,4.0,4.0,4.0,4.0,2.0,4.0,2.0,3,4,4,3,1,1,1,1,1,1,1,1
2.0,2.0,3.0,2.0,2.0,3.0,2.0,3.0,2.0,2,2,2,3,1,1,2,2,2,2,2,1
3.0,4.0,4.0,4.0,4.0,3.0,3.0,3.0,2.0,3,4,4,2,3,1,1,1,1,2,1,1
2.0,2.0,4.0,2.0,3.0,2.0,1.0,3.0,3.0,4,4,3,3,3,2,3,1,1,1,1,4
2.0,2.0,3.0,3.0,3.0,3.0,2.0,2.0,3.0,2,3,4,3,2,1,1,1,1,1,1,1
4.0,3.0,4.0,4.0,3.0,3.0,3.0,4.0,2.0,3,3,3,2,2,2,1,1,2,2,1,1
3.0,4.0,4.0,2.0,3.0,2.0,3.0,3.0,2.0,2,3,3,3,1,2,1,1,2,2,1,1
2.0,3.0,4.0,3.0,2.0,4.0,3.0,4.0,2.0,4,4,3,3,1,1,1,1,1,2,1,1
,,,,,,,,,1,1,1,1,1,2,1,1,2,1,1,1
2.0,2.0,4.0,2.0,3.0,2.0,2.0,3.0,2.0,3,3,3,3,3,2,1,1,1,1,2,2
2.0,3.0,3.0,3.0,4.0,4.0,3.0,4.0,2.0,3,2,4,3,1,1,1,1,1,1,1,1
2.0,3.0,3.0,3.0,3.0,3.0,3.0,3.0,1.0,3,3,3,3,2,2,2,1,2,3,1,1
,,,,,,,,,2,2,3,2,2,2,2,2,2,2,2,2
,,,,,,,,,2,2,2,2,2,2,2,2,2,2,2,2
2.0,2.0,4.0,2.0,3.0,3.0,2.0,4.0,1.0,2,3,3,3,1,2,4,1,1,1,1,2
2.0,2.0,2.0,2.0,2.0,3.0,3.0,3.0,2.0,3,3,3,3,2,3,2,1,2,1,2,1
3.0,3.0,3.0,3.0,3.0,3.0,3.0,2.0,2.0,2,2,2,2,2,2,2,2,2,2,2,2
3.0,1.0,3.0,3.0,2.0,3.0,2.0,3.0,2.0,2,3,2,2,1,2,2,2,2,2,2,1
3.0,2.0,4.0,3.0,2.0,3.0,3.0,2.0,2.0,3,3,4,3,1,1,1,1,2,2,1,1
2.0,2.0,2.0,3.0,2.0,2.0,2.0,4.0,1.0,4,4,4,4,3,2,2,2,2,2,2,2
2.0,2.0,3.0,3.0,3.0,3.0,3.0,3.0,2.0,2,3,3,3,1,1,1,1,2,1,2,1
2.0,2.0,2.0,2.0,4.0,4.0,3.0,4.0,1.0,1,2,2,3,1,1,1,1,1,1,1,1
,,,,,,,,,4,4,4,4,1,1,1,1,1,1,1,1
2.0,1.0,1.0,1.0,1.0,2.0,2.0,2.0,2.0,1,1,1,1,1,1,2,1,1,1,1,2
,,,,,,,,,3,4,4,3,1,2,2,1,2,2,1,2
3.0,3.0,3.0,3.0,3.0,3.0,2.0,3.0,2.0,1,3,3,3,3,3,2,1,1,1,1,1
2.0,2.0,2.0,3.0,3.0,4.0,2.0,3.0,2.0,2,3,3,2,1,1,1,1,1,1,2,1
3.0,2.0,3.0,3.0,4.0,4.0,2.0,4.0,2.0,2,2,2,3,1,3,1,1,1,1,1,1
,,,,,,,,,3,3,3,3,2,3,2,3,2,2,3,2
4.0,4.0,4.0,4.0,4.0,4.0,3.0,4.0,4.0,2,4,4,3,4,3,3,1,1,1,1,3
3.0,2.0,3.0,3.0,4.0,4.0,2.0,3.0,2.0,3,3,3,3,1,2,1,1,1,1,1,1
3.0,2.0,3.0,3.0,3.0,3.0,3.0,3.0,2.0,4,4,4,4,2,2,2,2,2,2,2,2
,,,,,,,,,2,3,2,3,1,1,1,1,1,1,1,1
3.0,2.0,1.0,2.0,4.0,2.0,2.0,3.0,2.0,2,2,3,3,2,1,2,2,3,2,2,2
3.0,2.0,4.0,4.0,3.0,4.0,3.0,4.0,2.0,2,3,3,4,2,2,1,2,3,3,2,3
4.0,4.0,4.0,4.0,4.0,4.0,4.0,3.0,2.0,3,4,3,4,1,2,1,1,1,4,1,1
2.0,3.0,3.0,4.0,3.0,4.0,1.0,2.0,2.0,2,3,3,2,1,1,1,1,2,4,2,1
2.0,2.0,3.0,4.0,3.0,3.0,2.0,3.0,3.0,2,3,3,3,2,2,1,1,1,2,2,2
2.0,2.0,2.0,2.0,2.0,3.0,2.0,3.0,2.0,3,3,3,3,2,2,2,2,2,2,2,2
3.0,3.0,4.0,3.0,4.0,4.0,3.0,4.0,2.0,2,3,3,4,1,1,1,1,1,1,1,1
2.0,2.0,3.0,3.0,3.0,3.0,3.0,3.0,2.0,3,3,3,3,1,2,1,1,2,2,1,2
2.0,2.0,3.0,3.0,4.0,3.0,2.0,4.0,2.0,1,2,2,3,2,2,1,1,1,1,1,1
3.0,2.0,3.0,2.0,3.0,4.0,1.0,3.0,2.0,2,4,4,3,1,1,1,1,1,1,1,1
3.0,3.0,4.0,4.0,3.0,3.0,3.0,2.0,1.0,3,4,4,2,1,2,2,1,2,3,2,2
4.0,3.0,4.0,4.0,4.0,4.0,4.0,3.0,2.0,3,4,3,4,2,3,1,1,1,1,1,1
1.0,3.0,4.0,4.0,1.0,3.0,4.0,3.0,2.0,3,1,1,4,3,3,3,2,1,1,4,2
3.0,3.0,3.0,3.0,3.0,4.0,2.0,3.0,3.0,2,2,2,4,1,1,1,1,1,1,1,1
3.0,2.0,2.0,2.0,4.0,4.0,2.0,4.0,3.0,2,2,2,3,1,1,1,1,1,1,1,1
3.0,2.0,4.0,3.0,4.0,4.0,2.0,4.0,2.0,2,4,3,3,2,2,1,2,2,2,3,1
3.0,3.0,4.0,3.0,4.0,2.0,2.0,4.0,2.0,2,3,2,4,2,2,3,1,2,2,3,1
3.0,3.0,3.0,4.0,4.0,4.0,4.0,3.0,3.0,3,2,4,2,2,2,2,2,3,2,3,1
2.0,2.0,3.0,2.0,3.0,3.0,2.0,3.0,2.0,2,2,2,2,2,2,2,2,2,2,2,2
3.0,2.0,4.0,3.0,3.0,4.0,3.0,4.0,3.0,3,2,2,3,2,3,2,1,2,1,1,1
3.0,2.0,4.0,4.0,4.0,3.0,2.0,4.0,3.0,2,3,4,4,2,3,2,2,2,2,2,3
2.0,1.0,2.0,4.0,4.0,4.0,1.0,4.0,2.0,2,1,1,3,1,2,2,1,1,4,1,1
3.0,2.0,4.0,4.0,4.0,2.0,4.0,2.0,4.0,2,4,3,3,1,1,3,2,1,2,2,1
2.0,2.0,3.0,4.0,3.0,3.0,2.0,3.0,1.0,3,3,3,4,1,2,1,2,2,1,2,1
3.0,2.0,4.0,3.0,3.0,3.0,2.0,3.0,2.0,3,2,2,3,1,1,1,1,1,1,1,1
2.0,2.0,3.0,3.0,3.0,4.0,2.0,4.0,2.0,2,4,4,4,1,1,1,2,2,2,1,1
3.0,2.0,4.0,4.0,3.0,2.0,2.0,1.0,2.0,3,4,3,3,1,1,1,1,1,1,1,1
2.0,2.0,3.0,2.0,3.0,4.0,3.0,2.0,1.0,2,3,3,3,1,2,1,1,1,1,1,1
1.0,2.0,1.0,2.0,2.0,3.0,2.0,2.0,2.0,4,3,3,4,2,2,2,1,2,2,3,1
2.0,1.0,2.0,2.0,3.0,3.0,2.0,3.0,1.0,2,3,3,2,3,3,1,1,1,2,1,1
2.0,2.0,2.0,3.0,4.0,4.0,2.0,4.0,2.0,2,2,2,3,2,3,1,1,2,1,2,1
4.0,4.0,4.0,4.0,4.0,2.0,4.0,3.0,3.0,2,4,4,4,3,4,1,1,1,1,1,3
2.0,2.0,2.0,3.0,3.0,3.0,2.0,3.0,2.0,3,2,3,3,1,1,1,1,1,2,1,1
2.0,2.0,2.0,3.0,4.0,4.0,3.0,4.0,2.0,2,3,3,3,2,2,1,2,3,2,3,1
2.0,1.0,3.0,4.0,3.0,3.0,1.0,4.0,1.0,2,2,2,2,1,1,1,1,1,1,3,1
3.0,3.0,4.0,3.0,4.0,4.0,4.0,3.0,2.0,3,4,4,3,1,1,1,2,2,2,2,1
2.0,2.0,3.0,2.0,4.0,4.0,2.0,4.0,2.0,2,3,4,3,1,2,1,1,1,1,1,1
3.0,2.0,3.0,3.0,3.0,3.0,2.0,4.0,2.0,1,2,2,3,2,2,2,2,2,1,3,1
3.0,3.0,3.0,3.0,3.0,3.0,2.0,3.0,2.0,2,2,2,3,3,3,2,2,3,3,3,3
2.0,2.0,4.0,3.0,3.0,3.0,2.0,3.0,2.0,2,2,2,2,1,1,1,1,1,1,2,1
4.0,2.0,4.0,3.0,4.0,4.0,3.0,4.0,3.0,3,3,3,3,1,1,1,1,1,1,1,1
2.0,3.0,4.0,4.0,3.0,4.0,3.0,2.0,2.0,3,2,3,2,3,2,2,2,2,3,2,2
2.0,4.0,4.0,3.0,4.0,3.0,3.0,4.0,2.0,2,2,2,2,2,1,1,2,3,2,2,1
2.0,2.0,3.0,3.0,2.0,3.0,2.0,4.0,2.0,2,2,3,3,2,2,1,1,1,1,2,1
2.0,4.0,4.0,4.0,4.0,2.0,4.0,4.0,3.0,3,3,3,2,1,1,1,1,1,1,1,1
3.0,3.0,3.0,3.0,3.0,3.0,2.0,3.0,2.0,2,2,2,2,2,2,2,2,2,2,2,2
2.0,3.0,2.0,2.0,3.0,2.0,2.0,4.0,3.0,2,2,2,2,2,1,2,2,2,2,3,1
2.0,2.0,4.0,2.0,4.0,4.0,4.0,4.0,4.0,3,2,3,4,1,2,1,1,1,1,1,1
2.0,2.0,4.0,3.0,2.0,3.0,1.0,4.0,3.0,2,2,2,2,1,1,2,2,2,1,1,1
1.0,1.0,4.0,4.0,1.0,4.0,1.0,1.0,1.0,1,1,2,1,1,1,1,1,1,3,1,1
3.0,2.0,4.0,4.0,3.0,3.0,4.0,4.0,4.0,2,3,1,2,1,2,2,1,2,1,3,3
2.0,2.0,3.0,3.0,3.0,4.0,2.0,3.0,2.0,2,2,2,3,1,3,1,1,2,1,2,1
2.0,3.0,3.0,3.0,3.0,3.0,2.0,3.0,2.0,3,4,3,2,1,3,1,1,1,1,1,1
3.0,3.0,4.0,3.0,3.0,3.0,2.0,3.0,2.0,2,3,3,2,2,1,3,2,2,2,2,1
3.0,3.0,4.0,4.0,4.0,2.0,2.0,3.0,3.0,2,4,4,2,1,1,1,1,1,3,1,3
2.0,2.0,4.0,2.0,3.0,2.0,3.0,4.0,3.0,3,4,3,3,3,3,3,2,2,2,2,3
1.0,2.0,2.0,2.0,3.0,3.0,3.0,3.0,4.0,3,3,2,3,3,3,3,3,3,2,2,2
2.0,2.0,3.0,3.0,4.0,4.0,3.0,4.0,3.0,2,2,2,2,2,2,2,1,1,2,1,2
,,,,,,,,,1,4,3,2,2,2,1,1,1,1,3,1
3.0,2.0,2.0,2.0,2.0,3.0,2.0,2.0,3.0,1,1,1,1,1,1,1,1,1,1,1,1
2.0,2.0,4.0,3.0,3.0,3.0,2.0,3.0,1.0,1,2,3,3,1,1,1,1,1,1,1,1
1.0,1.0,1.0,1.0,1.0,1.0,1.0,1.0,1.0,2,3,3,3,1,1,1,2,2,2,3,2
3.0,3.0,4.0,2.0,4.0,4.0,2.0,4.0,1.0,1,1,3,3,1,1,1,1,1,1,1,1
2.0,2.0,3.0,3.0,2.0,3.0,2.0,3.0,2.0,4,4,4,4,4,3,3,1,1,3,1,3
2.0,2.0,3.0,2.0,4.0,4.0,2.0,4.0,2.0,1,1,1,1,2,2,1,2,2,4,1,1
4.0,4.0,4.0,3.0,2.0,4.0,3.0,3.0,3.0,3,3,2,1,1,1,2,1,2,3,3,2
3.0,2.0,4.0,4.0,3.0,3.0,2.0,3.0,2.0,2,1,3,2,1,1,2,1,1,1,1,1
3.0,3.0,3.0,3.0,2.0,3.0,3.0,3.0,2.0,2,2,2,3,1,1,2,1,2,3,2,2
3.0,3.0,3.0,3.0,3.0,2.0,3.0,3.0,2.0,3,3,3,2,3,2,2,2,2,3,2,2
3.0,2.0,4.0,3.0,4.0,4.0,2.0,3.0,2.0,2,3,3,3,2,2,2,2,2,2,2,2
4.0,3.0,4.0,2.0,4.0,4.0,3.0,2.0,4.0,2,3,4,2,1,1,1,1,1,1,1,1
4.0,3.0,3.0,4.0,2.0,4.0,4.0,4.0,2.0,2,3,3,1,1,1,1,1,1,1,1,1
3.0,3.0,4.0,4.0,4.0,4.0,4.0,3.0,3.0,2,3,3,3,2,2,2,2,1,2,2,2
2.0,2.0,4.0,4.0,4.0,4.0,3.0,4.0,3.0,2,3,4,4,2,3,1,2,1,1,2,1
2.0,1.0,3.0,3.0,3.0,3.0,2.0,3.0,1.0,2,3,4,3,1,2,1,2,1,2,2,1
2.0,3.0,3.0,3.0,3.0,3.0,2.0,3.0,3.0,2,2,3,3,1,2,2,1,1,1,2,3
3.0,3.0,4.0,4.0,3.0,2.0,2.0,4.0,2.0,1,3,3,1,1,1,1,1,1,1,1,1
,,,,,,,,,2,2,2,2,1,1,1,2,1,2,4,2
1.0,2.0,2.0,2.0,2.0,3.0,2.0,2.0,2.0,2,2,2,2,1,1,1,1,1,2,1,1
2.0,2.0,3.0,2.0,3.0,3.0,1.0,4.0,3.0,2,2,2,3,2,2,2,2,2,2,2,2
2.0,2.0,4.0,3.0,3.0,3.0,2.0,3.0,2.0,2,3,2,3,2,2,1,1,1,1,1,1
2.0,2.0,3.0,3.0,2.0,3.0,2.0,4.0,2.0,3,3,3,2,2,1,1,1,1,1,1,1
2.0,2.0,4.0,3.0,3.0,2.0,2.0,3.0,3.0,2,3,3,3,3,3,1,1,2,2,1,3
2.0,2.0,2.0,2.0,2.0,2.0,2.0,2.0,1.0,2,2,2,2,1,1,1,1,2,1,1,1
,,,,,,,,,2,3,3,2,2,2,2,2,2,2,2,2
3.0,2.0,4.0,2.0,2.0,3.0,2.0,3.0,2.0,1,1,1,1,1,1,1,1,1,1,1,1
3.0,2.0,3.0,2.0,3.0,3.0,2.0,4.0,2.0,1,4,4,3,2,2,1,1,1,2,1,2
3.0,3.0,3.0,3.0,3.0,3.0,2.0,3.0,2.0,3,3,3,4,4,2,3,1,1,1,1,4
3.0,3.0,4.0,4.0,4.0,3.0,2.0,3.0,2.0,3,3,3,3,1,1,2,2,3,1,2,2
2.0,2.0,2.0,2.0,3.0,4.0,2.0,3.0,3.0,2,1,1,4,1,1,1,1,1,1,1,1
3.0,2.0,4.0,2.0,2.0,4.0,2.0,4.0,1.0,2,4,4,3,3,2,1,2,1,2,4,1
2.0,2.0,4.0,4.0,3.0,4.0,2.0,4.0,2.0,4,4,3,3,2,2,1,2,2,1,1,3
2.0,2.0,3.0,3.0,3.0,2.0,2.0,3.0,2.0,1,4,3,4,2,1,3,1,1,1,1,1
2.0,2.0,3.0,2.0,2.0,4.0,2.0,4.0,2.0,1,4,2,4,1,1,4,1,1,1,3,1
2.0,1.0,3.0,3.0,3.0,2.0,1.0,2.0,2.0,2,3,2,1,1,1,1,1,1,1,1,1
3.0,2.0,4.0,4.0,2.0,3.0,3.0,3.0,4.0,2,3,2,3,1,1,1,1,1,1,1,1
2.0,2.0,3.0,3.0,3.0,3.0,2.0,3.0,2.0,2,3,3,2,1,1,1,1,1,2,2,1
2.0,2.0,2.0,2.0,2.0,3.0,2.0,4.0,2.0,2,2,2,2,1,1,1,2,1,1,2,1
4.0,4.0,4.0,4.0,4.0,4.0,4.0,4.0,2.0,2,3,3,3,1,2,1,2,2,3,2,2
3.0,3.0,3.0,3.0,3.0,3.0,3.0,3.0,2.0,2,3,4,2,1,1,3,1,2,1,1,1
2.0,3.0,3.0,3.0,5.0,3.0,4.0,7.0,1.0,1,3,3,3,2,2,2,2,2,2,2,2
1.0,5.0,5.0,1.0,3.0,3.0,3.0,3.0,3.0,3,3,3,3,1,1,1,1,1,1,1,1
2.0,6.0,6.0,4.0,6.0,4.0,3.0,3.0,2.0,2,2,2,2,2,2,3,2,2,2,2,2
2.0,4.0,1.0,1.0,6.0,4.0,6.0,8.0,3.0,3,3,3,3,1,1,1,1,1,1,1,1
5.0,2.0,5.0,2.0,6.0,4.0,6.0,8.0,1.0,1,3,3,1,1,1,1,1,1,1,3,1
1.0,1.0,6.0,2.0,6.0,2.0,4.0,6.0,3.0,3,3,3,4,3,3,1,1,2,4,4,4
4.0,3.0,3.0,4.0,1.0,3.0,3.0,3.0,1.0,1,3,2,1,1,1,3,1,2,2,1,1
3.0,3.0,3.0,3.0,3.0,3.0,3.0,3.0,2.0,2,3,3,4,3,3,1,1,1,1,1,4
2.0,2.0,2.0,3.0,2.0,3.0,3.0,3.0,1.0,1,1,3,4,1,2,1,1,1,1,1,1
4.0,3.0,4.0,6.0,4.0,7.0,3.0,3.0,1.0,1,2,2,2,1,1,1,1,1,1,1,1
1.0,1.0,1.0,1.0,6.0,7.0,3.0,3.0,3.0,3,4,4,4,1,1,2,1,1,1,1,1
2.0,3.0,3.0,4.0,2.0,3.0,3.0,3.0,2.0,2,2,2,2,2,2,2,2,2,2,2,2
1.0,6.0,1.0,1.0,5.0,1.0,3.0,3.0,1.0,1,4,3,4,1,1,1,1,1,1,3,1
4.0,1.0,5.0,1.0,4.0,1.0,3.0,8.0,2.0,2,3,3,3,1,1,1,1,1,1,1,1
3.0,4.0,4.0,4.0,2.0,3.0,3.0,3.0,2.0,2,3,2,4,3,1,1,2,1,1,2,2
3.0,2.0,4.0,2.0,1.0,3.0,3.0,3.0,2.0,2,3,2,3,2,1,1,1,1,1,2,1
3.0,2.0,1.0,4.0,4.0,6.0,3.0,3.0,2.0,2,2,3,3,1,2,2,2,2,3,2,1
2.0,4.0,2.0,5.0,2.0,3.0,3.0,3.0,4.0,4,3,3,2,3,2,1,1,1,3,1,1
3.0,4.0,3.0,4.0,2.0,3.0,3.0,3.0,4.0,4,4,4,4,2,2,2,4,3,2,2,2
2.0,6.0,1.0,1.0,6.0,1.0,3.0,3.0,4.0,4,3,2,2,2,1,2,2,2,2,2,2
3.0,3.0,3.0,3.0,6.0,2.0,3.0,3.0,2.0,2,2,3,3,1,1,3,1,3,1,3,1
3.0,5.0,4.0,4.0,6.0,8.0,3.0,3.0,4.0,4,4,4,4,1,1,1,1,1,1,1,1
4.0,3.0,2.0,3.0,3.0,3.0,3.0,3.0,2.0,2,2,1,3,1,1,1,2,3,1,2,1
6.0,1.0,1.0,1.0,5.0,1.0,7.0,3.0,2.0,2,3,3,3,1,2,1,1,1,1,1,1
3.0,2.0,2.0,2.0,3.0,3.0,3.0,3.0,2.0,2,3,3,3,2,3,2,2,2,2,3,3
6.0,5.0,6.0,3.0,5.0,1.0,4.0,6.0,4.0,4,3,3,4,1,1,1,1,1,1,1,3
2.0,2.0,5.0,2.0,6.0,3.0,3.0,3.0,2.0,2,3,3,3,1,1,2,1,1,2,2,2
4.0,3.0,4.0,3.0,4.0,5.0,6.0,3.0,2.0,2,3,4,3,2,2,1,2,2,2,3,2
5.0,1.0,1.0,4.0,3.0,3.0,3.0,3.0,2.0,2,3,3,3,1,1,1,1,1,1,1,1
4.0,1.0,4.0,4.0,3.0,3.0,3.0,3.0,2.0,2,4,4,2,2,1,1,3,3,1,3,2
2.0,4.0,2.0,5.0,4.0,2.0,6.0,7.0,2.0,2,3,3,4,1,1,1,2,2,1,2,1
4.0,3.0,6.0,6.0,1.0,3.0,3.0,3.0,3.0,3,3,3,3,3,3,1,2,2,1,2,2
3.0,3.0,3.0,3.0,3.0,3.0,3.0,3.0,2.0,2,2,2,2,1,1,1,1,1,1,1,1
2.0,5.0,5.0,2.0,1.0,3.0,3.0,3.0,2.0,2,3,3,3,1,1,1,1,1,1,1,1
4.0,3.0,2.0,2.0,3.0,3.0,3.0,3.0,3.0,3,4,3,2,2,2,2,1,1,1,2,1
6.0,3.0,5.0,5.0,1.0,3.0,3.0,3.0,1.0,1,1,2,2,1,1,1,1,1,1,1,1
6.0,6.0,1.0,1.0,6.0,4.0,7.0,8.0,3.0,3,3,3,4,3,3,2,1,1,3,1,1
4.0,6.0,4.0,6.0,3.0,3.0,3.0,3.0,2.0,2,2,2,2,2,2,2,2,2,2,2,2
5.0,5.0,5.0,5.0,2.0,3.0,3.0,3.0,2.0,2,3,3,3,3,2,2,1,1,1,1,1
2.0,2.0,3.0,2.0,3.0,3.0,3.0,3.0,2.0,2,4,3,3,1,1,1,1,1,1,1,1
3.0,6.0,3.0,6.0,2.0,3.0,3.0,3.0,4.0,4,4,3,2,1,1,1,1,2,2,1,1
2.0,1.0,6.0,3.0,6.0,1.0,3.0,3.0,2.0,2,2,2,2,1,1,1,1,1,1,2,2
3.0,3.0,3.0,5.0,2.0,3.0,3.0,3.0,3.0,3,4,4,2,3,2,1,1,1,3,1,1
4.0,4.0,3.0,4.0,4.0,5.0,3.0,3.0,2.0,2,2,2,2,3,3,3,3,3,3,3,3
2.0,2.0,2.0,3.0,4.0,7.0,3.0,3.0,3.0,3,3,3,3,2,2,2,2,2,2,2,2
5.0,1.0,5.0,1.0,3.0,3.0,3.0,3.0,3.0,3,3,3,3,1,3,1,2,1,2,1,2
1.0,1.0,1.0,1.0,6.0,7.0,3.0,3.0,3.0,3,3,3,3,1,1,2,1,2,1,1,2
6.0,1.0,6.0,6.0,1.0,3.0,3.0,3.0,1.0,1,4,4,4,1,1,1,1,1,1,1,2
2.0,3.0,3.0,3.0,5.0,4.0,3.0,3.0,2.0,2,3,3,2,2,3,3,1,1,3,1,4
2.0,2.0,5.0,3.0,4.0,6.0,3.0,3.0,3.0,3,3,3,2,1,2,1,2,2,3,1,2
1.0,6.0,6.0,1.0,4.0,3.0,5.0,6.0,2.0,2,3,4,2,1,1,2,1,2,2,1,1
5.0,1.0,5.0,2.0,6.0,1.0,3.0,3.0,4.0,4,3,3,2,2,2,2,3,3,3,3,2
3.0,3.0,3.0,3.0,3.0,3.0,3.0,3.0,4.0,4,4,4,4,3,4,2,1,1,3,2,2
4.0,2.0,4.0,4.0,4.0,3.0,5.0,8.0,1.0,1,1,4,1,1,1,1,3,1,3,1,1
5.0,2.0,5.0,2.0,3.0,3.0,3.0,3.0,3.0,3,2,2,3,1,1,1,1,1,1,1,1
